learner_id,course_id,activity_type,study_duration_minutes,activity_date
L00090,C00330,enroll,168,2026-03-24
L00631,C00060,skip,162,2025-11-30
L00264,C00323,add_to_wishlist,60,2026-08-08
L00461,C00462,enroll,121,2026-05-28
L00848,C00475,complete,111,2026-08-03
L00977,C00364,add_to_wishlist,214,2026-03-31
L00071,C00268,enroll,29,2026-03-30
L00605,C00350,add_to_wishlist,172,2026-07-11
L00367,C00361,like,92,2025-10-07
L00633,C00278,enroll,211,2026-04-07
L00826,C00294,skip,240,2025-11-26
L00719,C00357,complete,201,2026-01-04
L00388,C00278,add_to_wishlist,198,2026-02-10
L00240,C00322,complete,4,2026-01-30
L00492,C00185,skip,78,2026-01-26
L00992,C00040,complete,87,2026-02-27
L00428,C00014,complete,54,2026-04-17
L00199,C00457,like,70,2025-11-03
L00807,C00054,like,43,2026-07-03
L00449,C00231,enroll,189,2025-11-29
L00618,C00217,complete,219,2026-04-13
L00296,C00360,add_to_wishlist,86,2026-07-29
L00712,C00315,add_to_wishlist,27,2025-10-23
L00146,C00089,enroll,198,2026-03-23
L00890,C00309,like,32,2026-07-28
L00253,C00134,skip,101,2026-08-10
L00966,C00260,like,92,2026-03-05
L00416,C00405,add_to_wishlist,90,2026-03-14
L00675,C00380,skip,207,2026-08-25
L00374,C00108,complete,166,2025-11-19
L00270,C00209,complete,135,2026-08-25
L00814,C00397,add_to_wishlist,98,2025-09-19
L00965,C00144,enroll,158,2026-06-04
L00275,C00327,like,109,2026-06-25
L00038,C00400,enroll,98,2026-07-04
L00134,C00004,add_to_wishlist,183,2025-10-28
L00711,C00176,enroll,21,2025-12-27
L00111,C00114,complete,121,2026-07-21
L00078,C00229,like,201,2025-12-14
L00930,C00156,skip,154,2026-08-07
L00899,C00439,complete,233,2026-04-22
L00014,C00067,enroll,68,2026-06-19
L00313,C00303,add_to_wishlist,179,2026-07-05
L00818,C00280,complete,143,2026-07-24
L00950,C00146,add_to_wishlist,50,2026-07-01
L00710,C00081,like,118,2026-02-23
L00469,C00209,like,53,2025-12-31
L00706,C00324,like,139,2026-08-08
L00806,C00445,add_to_wishlist,85,2026-08-15
L00228,C00198,like,195,2026-06-12
L00460,C00334,like,135,2026-08-26
L00119,C00231,add_to_wishlist,130,2026-06-04
L00237,C00247,like,226,2025-09-22
L00132,C00327,skip,168,2026-01-23
L00258,C00314,complete,125,2025-09-27
L00129,C00104,add_to_wishlist,49,2026-06-04
L00665,C00147,add_to_wishlist,136,2025-10-25
L00364,C00352,enroll,82,2026-01-17
L00183,C00474,add_to_wishlist,217,2026-02-05
L00461,C00467,skip,8,2026-08-25
L00594,C00298,skip,229,2026-07-05
L00973,C00221,skip,25,2026-03-11
L00440,C00221,add_to_wishlist,44,2026-03-29
L00724,C00363,like,114,2026-01-30
L00153,C00457,add_to_wishlist,104,2025-10-04
L00457,C00369,like,32,2026-06-13
L00231,C00424,complete,73,2026-01-29
L00114,C00263,skip,108,2025-12-19
L00269,C00085,add_to_wishlist,67,2026-02-05
L00413,C00120,skip,125,2026-06-12
L00119,C00200,add_to_wishlist,172,2025-09-15
L00725,C00074,add_to_wishlist,146,2026-04-16
L00800,C00117,enroll,95,2026-07-21
L00256,C00449,enroll,7,2025-09-04
L00019,C00450,add_to_wishlist,159,2025-12-20
L00094,C00152,enroll,157,2025-10-26
L00353,C00305,like,102,2026-02-26
L00117,C00027,like,66,2026-05-21
L00528,C00467,complete,55,2025-11-12
L00161,C00111,enroll,35,2025-09-10
L00914,C00342,add_to_wishlist,43,2026-03-17
L00651,C00489,complete,109,2026-07-25
L00011,C00356,add_to_wishlist,146,2025-12-13
L00310,C00159,complete,104,2026-04-03
L00914,C00296,enroll,77,2026-05-07
L00580,C00210,like,184,2025-10-25
L00214,C00499,complete,61,2026-04-02
L00628,C00368,skip,44,2026-01-04
L00767,C00246,add_to_wishlist,9,2026-02-08
L00280,C00069,like,7,2026-01-27
L00771,C00484,complete,7,2026-06-24
L00301,C00361,like,11,2026-03-24
L00244,C00112,complete,64,2026-07-26
L00919,C00419,enroll,132,2026-01-02
L00666,C00003,like,64,2026-03-21
L00675,C00134,complete,22,2026-04-29
L00208,C00372,enroll,141,2025-10-13
L00878,C00322,skip,43,2026-03-17
L00427,C00325,enroll,63,2026-02-13
L00575,C00330,complete,193,2025-12-06
L00257,C00123,add_to_wishlist,80,2026-08-25
L00540,C00273,complete,183,2026-07-21
L00490,C00340,like,128,2026-07-03
L00965,C00115,like,164,2026-04-25
L00370,C00373,enroll,98,2026-04-17
L00404,C00418,like,43,2026-07-23
L00173,C00453,like,95,2026-03-15
L00414,C00260,enroll,96,2025-10-01
L00656,C00122,like,170,2026-05-15
L00780,C00119,add_to_wishlist,42,2026-08-23
L00031,C00259,like,132,2026-03-26
L00051,C00458,add_to_wishlist,41,2026-04-10
L00013,C00362,enroll,19,2025-09-23
L00993,C00230,like,134,2025-09-21
L00571,C00299,add_to_wishlist,105,2025-10-02
L00045,C00007,add_to_wishlist,39,2025-11-21
L00870,C00116,like,233,2025-11-26
L00492,C00228,add_to_wishlist,90,2026-03-02
L00839,C00021,enroll,53,2026-02-05
L00316,C00261,skip,133,2026-03-29
L00408,C00413,enroll,24,2026-08-26
L00924,C00355,like,150,2026-05-25
L00576,C00082,like,227,2026-02-10
L00296,C00011,enroll,166,2025-12-24
L00832,C00107,complete,137,2026-07-17
L00634,C00285,enroll,91,2026-05-22
L00191,C00384,add_to_wishlist,95,2026-08-14
L00510,C00097,complete,43,2026-01-17
L00645,C00126,enroll,236,2025-09-29
L00809,C00467,add_to_wishlist,174,2026-01-05
L00973,C00362,complete,211,2025-10-20
L00574,C00278,like,13,2026-04-01
L00064,C00362,enroll,206,2026-02-22
L00253,C00459,skip,176,2026-05-10
L00917,C00344,complete,107,2025-10-25
L00474,C00042,enroll,68,2026-08-27
L00220,C00205,add_to_wishlist,217,2026-09-01
L00682,C00048,like,166,2026-04-29
L00032,C00142,enroll,226,2026-02-04
L00527,C00084,add_to_wishlist,144,2026-03-20
L00727,C00057,enroll,161,2025-09-22
L00966,C00174,add_to_wishlist,239,2026-07-30
L00775,C00088,like,229,2025-12-28
L00472,C00003,skip,5,2026-04-19
L00432,C00048,skip,183,2026-07-21
L00242,C00265,skip,1,2025-11-29
L00736,C00333,add_to_wishlist,174,2025-12-24
L00326,C00185,add_to_wishlist,83,2025-11-17
L00294,C00408,add_to_wishlist,39,2026-05-11
L00121,C00092,complete,113,2026-01-08
L00448,C00317,like,211,2026-08-22
L00654,C00269,enroll,115,2025-10-23
L00559,C00116,enroll,182,2026-01-28
L00165,C00110,skip,145,2025-11-17
L00237,C00446,enroll,59,2026-02-28
L00609,C00401,complete,59,2026-04-02
L00372,C00487,like,184,2026-06-22
L00198,C00487,skip,192,2026-02-20
L00333,C00121,enroll,91,2025-11-24
L00375,C00074,like,132,2026-06-03
L00093,C00271,complete,81,2026-04-30
L00675,C00176,enroll,93,2026-07-06
L00602,C00375,enroll,81,2025-10-18
L00478,C00157,complete,114,2025-11-26
L00883,C00476,skip,227,2026-01-11
L00914,C00479,skip,15,2026-04-14
L00778,C00100,complete,11,2025-10-29
L00458,C00099,complete,154,2025-09-16
L00434,C00147,complete,117,2026-05-26
L00160,C00286,complete,218,2026-08-29
L00803,C00492,like,195,2026-01-27
L00376,C00479,complete,44,2026-04-27
L00820,C00295,add_to_wishlist,238,2025-11-13
L00031,C00086,enroll,61,2025-12-08
L00738,C00384,like,175,2025-10-28
L00037,C00027,enroll,229,2026-03-05
L00989,C00174,enroll,105,2026-08-20
L00829,C00176,complete,193,2026-02-28
L00120,C00009,add_to_wishlist,108,2026-02-08
L00025,C00225,skip,19,2025-12-10
L00911,C00202,complete,85,2026-08-11
L00973,C00171,add_to_wishlist,129,2025-09-08
L00295,C00048,enroll,186,2026-01-05
L00772,C00017,complete,4,2026-05-29
L00182,C00119,like,145,2026-03-01
L00010,C00014,skip,123,2026-07-25
L00651,C00119,add_to_wishlist,224,2026-04-25
L00561,C00495,skip,27,2025-09-17
L00166,C00218,complete,240,2025-11-04
L00364,C00246,add_to_wishlist,153,2026-07-12
L00027,C00411,skip,146,2026-03-28
L00321,C00466,enroll,193,2025-11-20
L00317,C00141,add_to_wishlist,229,2025-09-07
L00750,C00260,complete,44,2026-01-17
L00357,C00050,enroll,184,2026-07-07
L00692,C00099,add_to_wishlist,139,2026-06-27
L00640,C00017,add_to_wishlist,79,2025-10-15
L00377,C00339,like,22,2026-05-22
L00176,C00169,complete,154,2025-10-19
L00897,C00113,enroll,213,2025-12-23
L00433,C00039,add_to_wishlist,239,2025-12-01
L00484,C00356,like,165,2026-05-31
L00649,C00043,add_to_wishlist,87,2026-04-11
L00584,C00402,enroll,54,2025-09-05
L00056,C00462,add_to_wishlist,140,2025-10-31
L00643,C00476,skip,51,2026-03-06
L00789,C00139,complete,181,2025-10-01
L00140,C00207,add_to_wishlist,205,2026-03-16
L00173,C00368,skip,62,2025-12-07
L00395,C00286,like,145,2025-10-12
L00173,C00044,enroll,18,2025-09-26
L00593,C00226,complete,27,2026-01-21
L00763,C00113,complete,64,2026-04-13
L00783,C00358,like,194,2026-03-28
L00786,C00287,skip,72,2025-10-25
L00968,C00192,enroll,32,2026-06-27
L00005,C00104,complete,40,2026-06-28
L00805,C00473,skip,91,2026-07-08
L00285,C00162,like,166,2026-01-26
L00341,C00404,like,66,2026-05-06
L00653,C00427,complete,105,2026-08-11
L00977,C00243,like,34,2025-11-28
L00525,C00047,skip,209,2026-07-21
L00984,C00420,like,167,2025-11-15
L00340,C00390,skip,135,2026-06-02
L00828,C00450,enroll,123,2025-12-14
L00432,C00152,like,130,2025-09-13
L00992,C00433,enroll,127,2026-05-22
L00434,C00152,add_to_wishlist,222,2026-04-17
L00052,C00232,complete,116,2026-07-02
L00279,C00198,add_to_wishlist,54,2025-10-12
L00568,C00149,add_to_wishlist,58,2026-07-19
L00884,C00394,complete,211,2025-10-13
L00334,C00419,like,110,2026-06-23
L00778,C00380,complete,19,2026-05-02
L00388,C00421,enroll,58,2026-08-16
L00498,C00362,complete,145,2026-05-07
L00714,C00072,enroll,39,2025-12-23
L00285,C00160,add_to_wishlist,160,2026-01-30
L00799,C00494,complete,114,2026-03-20
L00889,C00373,complete,172,2026-06-12
L00286,C00081,enroll,39,2026-01-28
L00054,C00439,add_to_wishlist,173,2026-03-26
L00029,C00004,complete,54,2025-11-27
L00650,C00073,add_to_wishlist,24,2026-02-03
L00122,C00243,skip,1,2025-10-29
L00059,C00088,enroll,198,2026-03-27
L00293,C00455,skip,82,2026-05-25
L00326,C00079,add_to_wishlist,86,2025-10-17
L00262,C00134,skip,48,2026-02-05
L00831,C00344,complete,164,2025-12-05
L00144,C00096,skip,115,2025-09-04
L00003,C00472,complete,101,2025-10-19
L00237,C00279,add_to_wishlist,71,2026-05-09
L00759,C00221,skip,50,2026-03-06
L00645,C00033,complete,209,2026-07-03
L00892,C00239,skip,110,2026-04-16
L00013,C00159,complete,197,2026-07-26
L00108,C00041,like,47,2026-06-23
L00107,C00134,like,218,2026-07-18
L00808,C00451,complete,24,2026-07-24
L00768,C00270,complete,147,2026-01-31
L00553,C00296,enroll,53,2026-08-18
L00933,C00199,add_to_wishlist,162,2026-02-20
L00161,C00326,add_to_wishlist,82,2026-02-19
L00188,C00469,enroll,124,2025-09-19
L00132,C00066,enroll,177,2025-10-16
L00282,C00475,skip,208,2025-11-15
L00899,C00172,complete,57,2026-04-17
L00392,C00175,add_to_wishlist,179,2026-06-14
L00933,C00059,add_to_wishlist,110,2025-11-21
L00049,C00154,add_to_wishlist,50,2025-11-06
L00578,C00473,enroll,231,2026-07-28
L00771,C00316,enroll,194,2025-12-21
L00276,C00478,like,35,2026-02-20
L00796,C00045,complete,13,2025-12-04
L00628,C00027,enroll,118,2025-11-11
L00957,C00462,skip,41,2026-04-19
L00556,C00018,like,72,2026-05-11
L00772,C00434,add_to_wishlist,120,2025-09-08
L00118,C00084,complete,131,2026-03-11
L00004,C00325,enroll,185,2026-07-18
L00012,C00326,like,105,2026-07-26
L00664,C00146,complete,45,2026-07-27
L00911,C00268,enroll,132,2026-03-17
L00760,C00198,skip,79,2026-04-02
L00876,C00362,like,112,2026-04-21
L00672,C00057,like,179,2026-06-24
L00152,C00352,like,104,2025-12-31
L00676,C00213,skip,112,2025-12-17
L00065,C00300,skip,227,2026-05-24
L00950,C00263,enroll,160,2026-01-23
L00312,C00019,enroll,21,2026-06-21
L00807,C00014,add_to_wishlist,173,2026-06-28
L00925,C00173,skip,189,2026-01-29
L00178,C00358,complete,207,2026-01-25
L00286,C00370,add_to_wishlist,15,2026-08-23
L00218,C00166,enroll,204,2026-08-26
L00044,C00252,enroll,4,2026-06-04
L00721,C00126,like,212,2026-03-24
L00772,C00310,skip,16,2026-07-06
L00514,C00216,add_to_wishlist,155,2025-12-05
L00205,C00500,like,11,2026-06-28
L00459,C00220,complete,169,2026-02-02
L00747,C00471,add_to_wishlist,193,2025-10-16
L00955,C00084,skip,201,2026-04-25
L00669,C00062,like,153,2026-01-18
L00009,C00275,complete,175,2026-04-10
L00687,C00040,add_to_wishlist,170,2026-03-09
L00203,C00276,add_to_wishlist,24,2025-11-02
L00955,C00191,skip,2,2025-09-11
L00768,C00340,skip,106,2026-03-02
L01000,C00239,add_to_wishlist,31,2025-11-20
L00476,C00246,skip,115,2026-03-27
L00096,C00275,add_to_wishlist,21,2026-07-13
L00008,C00464,skip,11,2025-09-10
L00504,C00173,enroll,158,2026-05-28
L00421,C00416,skip,161,2026-07-27
L00072,C00304,add_to_wishlist,93,2026-01-12
L00757,C00113,skip,189,2025-10-08
L00418,C00404,like,27,2025-09-20
L00808,C00056,like,207,2026-07-21
L00988,C00134,skip,119,2025-10-13
L00221,C00144,complete,126,2026-02-26
L00901,C00018,enroll,163,2025-12-24
L00113,C00315,complete,174,2025-10-31
L00518,C00443,enroll,207,2025-11-22
L00452,C00249,enroll,201,2025-09-26
L00231,C00073,skip,74,2026-09-02
L00993,C00151,enroll,174,2026-06-03
L00381,C00068,complete,36,2026-05-03
L00678,C00266,add_to_wishlist,197,2026-04-06
L00207,C00365,complete,219,2025-10-23
L00044,C00396,complete,122,2026-08-06
L00590,C00314,add_to_wishlist,180,2026-07-27
L00038,C00378,skip,229,2026-08-26
L00621,C00183,enroll,89,2025-12-24
L00989,C00001,complete,174,2026-07-18
L00056,C00115,like,104,2026-07-22
L00692,C00077,complete,210,2026-07-19
L00822,C00222,like,17,2026-01-06
L00327,C00086,complete,238,2026-07-30
L00566,C00453,complete,188,2026-09-01
L00433,C00125,like,46,2025-12-03
L00353,C00219,add_to_wishlist,180,2025-10-09
L00971,C00227,add_to_wishlist,212,2026-06-10
L00618,C00380,skip,14,2025-12-03
L00884,C00017,skip,156,2026-07-22
L00023,C00353,complete,103,2025-12-09
L00177,C00139,enroll,111,2026-05-12
L00151,C00058,enroll,13,2026-01-04
L00729,C00366,add_to_wishlist,223,2025-10-25
L00057,C00309,add_to_wishlist,12,2026-02-16
L00796,C00129,complete,132,2025-09-05
L00511,C00385,complete,136,2026-05-08
L00418,C00226,like,81,2025-11-26
L00969,C00321,like,208,2026-05-18
L00970,C00115,skip,167,2026-08-26
L00036,C00129,like,182,2025-11-27
L00862,C00214,complete,73,2026-08-15
L00957,C00463,enroll,195,2026-05-15
L00724,C00197,add_to_wishlist,119,2026-04-16
L00698,C00369,skip,176,2026-03-17
L00629,C00133,enroll,147,2026-01-23
L00113,C00302,like,228,2026-02-02
L00379,C00175,complete,57,2025-12-23
L00042,C00362,complete,212,2026-09-01
L00087,C00035,add_to_wishlist,152,2026-06-15
L00819,C00335,enroll,210,2026-02-10
L00430,C00410,skip,92,2025-09-29
L00739,C00051,add_to_wishlist,121,2026-03-22
L00383,C00437,add_to_wishlist,34,2025-09-14
L00534,C00074,add_to_wishlist,27,2026-02-24
L00542,C00076,complete,197,2026-07-20
L00402,C00305,complete,184,2026-06-21
L00370,C00234,complete,101,2026-05-21
L00396,C00027,skip,167,2026-08-14
L00836,C00289,add_to_wishlist,64,2026-03-26
L00370,C00246,like,230,2025-11-18
L00418,C00177,complete,102,2026-04-09
L00155,C00182,enroll,4,2025-11-23
L00022,C00114,complete,117,2026-02-22
L00240,C00345,enroll,10,2026-01-10
L00175,C00092,skip,97,2025-11-17
L00054,C00142,enroll,46,2025-10-27
L00815,C00332,add_to_wishlist,201,2026-02-27
L00668,C00065,add_to_wishlist,7,2026-04-14
L00291,C00315,like,92,2025-12-06
L00915,C00353,enroll,27,2026-06-14
L00473,C00439,add_to_wishlist,39,2026-06-01
L00566,C00454,complete,113,2025-10-22
L00070,C00458,like,71,2026-05-06
L00420,C00039,add_to_wishlist,73,2026-03-13
L00728,C00085,enroll,44,2025-10-15
L00906,C00260,enroll,50,2025-09-15
L00115,C00403,add_to_wishlist,51,2026-05-30
L00250,C00141,add_to_wishlist,239,2025-12-15
L00574,C00195,add_to_wishlist,169,2025-12-02
L00224,C00070,complete,180,2026-05-14
L00543,C00232,add_to_wishlist,140,2026-04-21
L00865,C00090,skip,35,2025-12-21
L00624,C00292,enroll,106,2025-11-02
L00599,C00073,add_to_wishlist,151,2026-04-17
L00649,C00135,complete,111,2025-11-09
L00145,C00417,like,79,2026-08-24
L00351,C00433,like,101,2025-11-20
L00535,C00312,complete,124,2026-01-09
L00155,C00137,enroll,7,2025-12-28
L00582,C00274,skip,162,2026-03-02
L00575,C00472,complete,223,2026-02-26
L00429,C00286,skip,209,2026-01-01
L00122,C00294,complete,145,2026-08-30
L00883,C00498,enroll,25,2026-03-28
L00647,C00007,skip,10,2026-02-03
L00613,C00024,skip,222,2026-06-09
L00244,C00034,like,123,2025-10-01
L00122,C00177,enroll,134,2026-01-07
L00583,C00475,add_to_wishlist,160,2025-10-24
L00317,C00051,complete,49,2025-11-19
L00833,C00450,enroll,204,2026-04-16
L00927,C00303,complete,63,2025-12-25
L00216,C00406,add_to_wishlist,35,2026-03-28
L00655,C00497,enroll,233,2026-06-16
L00913,C00097,complete,167,2026-07-08
L00549,C00148,skip,161,2026-06-08
L00552,C00500,like,140,2026-08-24
L00735,C00166,like,35,2026-07-02
L00715,C00240,skip,16,2026-04-18
L00977,C00348,complete,179,2026-02-26
L00121,C00344,skip,128,2026-03-06
L00079,C00178,like,140,2026-01-16
L00835,C00300,add_to_wishlist,6,2026-01-05
L00659,C00495,add_to_wishlist,205,2026-08-12
L00670,C00089,enroll,17,2026-03-22
L00145,C00287,enroll,238,2026-01-18
L00062,C00477,skip,119,2026-08-31
L00328,C00378,add_to_wishlist,164,2026-04-12
L00121,C00304,add_to_wishlist,179,2026-07-04
L00765,C00286,add_to_wishlist,4,2026-05-06
L00029,C00273,skip,230,2026-01-08
L00574,C00432,complete,147,2026-05-28
L00606,C00422,like,164,2025-11-08
L00843,C00026,skip,18,2025-10-24
L00606,C00409,add_to_wishlist,234,2025-10-23
L00721,C00081,skip,179,2026-08-17
L00453,C00429,enroll,205,2026-06-18
L00929,C00328,complete,50,2026-06-04
L00646,C00340,skip,88,2026-05-13
L00197,C00199,enroll,212,2026-06-30
L00536,C00425,skip,25,2025-12-12
L00147,C00027,complete,214,2026-03-17
L00864,C00040,add_to_wishlist,44,2026-05-31
L00960,C00321,add_to_wishlist,99,2025-10-19
L00767,C00473,complete,136,2025-12-09
L00096,C00417,enroll,0,2025-09-14
L00031,C00048,enroll,4,2026-06-25
L00522,C00441,complete,49,2026-04-25
L00332,C00425,like,170,2026-08-10
L00700,C00213,add_to_wishlist,99,2025-09-07
L00120,C00451,add_to_wishlist,211,2025-09-05
L00865,C00030,like,218,2026-06-20
L00979,C00112,enroll,158,2025-09-08
L00522,C00106,complete,4,2026-01-08
L00954,C00157,skip,142,2026-09-01
L00683,C00181,enroll,81,2025-10-07
L00301,C00445,enroll,122,2025-10-25
L00350,C00491,like,50,2026-03-24
L00294,C00224,skip,126,2025-09-18
L00154,C00182,complete,11,2025-09-07
L00559,C00009,like,96,2026-04-15
L00858,C00143,like,191,2026-02-27
L00688,C00461,add_to_wishlist,238,2025-12-10
L00932,C00326,complete,133,2026-01-31
L00120,C00114,like,99,2025-09-09
L00426,C00045,enroll,134,2026-02-13
L00230,C00081,skip,36,2025-09-27
L00893,C00247,add_to_wishlist,69,2025-10-26
L00567,C00176,skip,77,2026-05-05
L00941,C00233,complete,86,2026-03-30
L00943,C00410,complete,203,2026-06-11
L00908,C00244,enroll,100,2025-12-08
L00281,C00371,complete,207,2025-12-06
L00039,C00116,add_to_wishlist,51,2025-12-02
L00046,C00083,enroll,56,2026-07-25
L00138,C00270,complete,140,2025-09-06
L00932,C00252,like,108,2026-03-16
L00182,C00430,add_to_wishlist,237,2026-01-05
L00124,C00482,like,162,2026-01-26
L00828,C00009,skip,178,2026-05-11
L00031,C00125,like,54,2025-10-17
L00610,C00142,add_to_wishlist,4,2026-03-22
L00799,C00103,complete,19,2026-05-12
L00688,C00278,enroll,225,2026-05-31
L00636,C00136,complete,35,2025-11-07
L00340,C00070,skip,78,2026-05-23
L00040,C00185,enroll,73,2026-04-06
L00349,C00251,complete,15,2026-05-19
L00553,C00227,skip,146,2025-10-09
L00465,C00225,skip,20,2025-09-25
L00418,C00127,add_to_wishlist,70,2025-10-23
L00522,C00317,complete,150,2026-04-05
L00654,C00358,skip,46,2025-12-21
L00470,C00451,add_to_wishlist,0,2026-07-03
L00315,C00440,skip,114,2025-11-18
L00723,C00369,like,37,2026-06-16
L00072,C00021,like,42,2025-10-14
L00632,C00288,enroll,84,2025-11-17
L00377,C00123,like,39,2026-08-09
L00256,C00360,enroll,185,2025-10-28
L00766,C00450,add_to_wishlist,18,2025-12-02
L00915,C00280,like,205,2025-09-29
L00200,C00103,complete,125,2025-12-01
L00388,C00021,enroll,132,2026-05-03
L00660,C00149,like,68,2025-10-05
L00227,C00334,complete,119,2026-07-03
L00960,C00354,enroll,171,2026-01-19
L00583,C00317,like,143,2025-10-14
L00080,C00188,add_to_wishlist,188,2026-07-06
L00403,C00498,like,168,2026-05-16
L00462,C00409,like,72,2025-12-31
L00684,C00080,enroll,82,2025-11-17
L00569,C00237,add_to_wishlist,211,2026-02-14
L00803,C00361,enroll,89,2026-03-04
L00214,C00485,enroll,111,2026-01-17
L00855,C00408,like,136,2026-07-01
L00424,C00416,skip,30,2026-02-14
L00721,C00245,skip,115,2025-09-28
L00319,C00433,skip,105,2025-12-31
L00407,C00375,enroll,126,2025-09-11
L00400,C00153,enroll,188,2026-07-22
L00353,C00056,complete,63,2025-12-21
L00387,C00462,skip,209,2025-10-07
L00140,C00270,skip,108,2026-06-30
L00869,C00272,like,90,2025-10-16
L00848,C00446,skip,169,2025-11-22
L00635,C00278,skip,146,2025-09-22
L00662,C00421,like,114,2026-07-01
L00131,C00087,like,208,2026-06-29
L00769,C00129,add_to_wishlist,140,2025-12-02
L00629,C00287,add_to_wishlist,214,2025-09-17
L00822,C00206,like,188,2026-02-26
L00954,C00131,skip,112,2026-01-18
L00165,C00362,skip,80,2026-04-10
L00374,C00318,enroll,121,2026-05-28
L00261,C00014,add_to_wishlist,219,2025-11-14
L00068,C00435,like,196,2026-08-30
L00167,C00098,skip,230,2026-03-22
L00883,C00442,enroll,4,2026-05-14
L00852,C00354,skip,40,2025-10-01
L00728,C00446,add_to_wishlist,106,2026-06-07
L00083,C00473,enroll,185,2025-09-15
L00850,C00495,complete,141,2026-01-18
L00833,C00203,skip,48,2026-01-21
L00994,C00057,skip,230,2026-03-05
L00761,C00489,like,33,2026-08-15
L00069,C00488,enroll,217,2026-04-16
L00824,C00216,enroll,118,2025-10-07
L00585,C00304,like,206,2026-04-29
L00821,C00329,add_to_wishlist,169,2026-07-16
L00494,C00211,add_to_wishlist,150,2026-06-27
L00207,C00111,complete,208,2025-12-11
L00358,C00470,add_to_wishlist,133,2025-10-04
L00641,C00019,like,220,2026-07-13
L00367,C00414,complete,9,2026-03-11
L00320,C00051,enroll,81,2025-10-11
L00127,C00268,like,134,2025-10-25
L00286,C00112,enroll,86,2025-11-06
L00992,C00109,enroll,75,2026-07-31
L00644,C00137,complete,6,2025-12-20
L00816,C00108,add_to_wishlist,53,2026-05-06
L00672,C00036,enroll,38,2025-12-07
L00961,C00362,complete,148,2025-11-13
L00248,C00076,complete,96,2026-02-18
L00631,C00420,complete,51,2026-04-13
L00844,C00069,skip,158,2026-06-21
L00595,C00187,add_to_wishlist,108,2026-05-04
L00596,C00460,enroll,207,2026-03-08
L00662,C00451,complete,117,2026-08-05
L00955,C00011,enroll,143,2026-03-20
L00297,C00090,add_to_wishlist,205,2026-08-14
L00215,C00344,enroll,195,2026-05-28
L00286,C00096,complete,11,2026-06-12
L00292,C00425,skip,126,2026-08-23
L00476,C00243,complete,162,2025-10-04
L00657,C00043,add_to_wishlist,236,2026-06-10
L00263,C00384,skip,152,2025-11-19
L00148,C00470,skip,71,2026-05-12
L00641,C00322,add_to_wishlist,7,2026-01-05
L00738,C00339,add_to_wishlist,222,2026-06-18
L00025,C00091,like,3,2026-01-18
L00367,C00119,enroll,147,2026-04-25
L00237,C00235,add_to_wishlist,117,2026-08-06
L00647,C00069,enroll,44,2025-10-20
L00856,C00122,complete,39,2026-02-19
L00377,C00492,complete,70,2025-12-18
L00005,C00336,enroll,24,2025-11-30
L00193,C00174,skip,141,2026-09-01
L00961,C00226,complete,31,2026-02-17
L00941,C00215,enroll,146,2025-11-23
L00591,C00042,like,9,2026-06-03
L00587,C00182,complete,8,2026-08-01
L00614,C00273,skip,89,2026-01-24
L00190,C00197,complete,84,2026-01-03
L00302,C00235,enroll,135,2026-02-01
L00135,C00078,complete,161,2026-06-28
L00246,C00461,complete,214,2026-01-25
L00966,C00295,like,70,2026-05-23
L00982,C00222,add_to_wishlist,119,2026-06-13
L00324,C00007,like,216,2025-12-22
L01000,C00231,enroll,184,2026-03-08
L00283,C00151,complete,99,2026-08-18
L00607,C00455,skip,54,2025-10-13
L00983,C00128,add_to_wishlist,101,2026-08-14
L00540,C00322,like,133,2026-08-25
L00522,C00106,enroll,32,2026-04-29
L00546,C00447,complete,84,2025-10-21
L00577,C00306,enroll,199,2025-10-18
L00359,C00262,skip,17,2026-05-28
L00625,C00246,enroll,17,2026-05-27
L00827,C00318,add_to_wishlist,70,2026-01-04
L00028,C00017,like,115,2025-09-06
L00301,C00422,complete,201,2026-04-06
L00009,C00203,skip,69,2026-05-19
L00817,C00320,enroll,199,2026-03-02
L00421,C00410,like,63,2025-12-17
L00303,C00055,skip,106,2026-06-12
L00697,C00115,complete,203,2026-03-03
L00877,C00403,enroll,146,2026-02-07
L00639,C00394,complete,132,2026-03-09
L00279,C00154,skip,44,2025-10-23
L00548,C00177,add_to_wishlist,155,2026-02-16
L00932,C00438,like,193,2026-05-21
L00849,C00130,enroll,145,2026-06-03
L00518,C00308,enroll,209,2026-08-30
L00898,C00311,skip,125,2025-10-20
L00561,C00274,enroll,152,2026-07-11
L00526,C00118,add_to_wishlist,177,2025-09-08
L00232,C00469,complete,96,2026-07-21
L00678,C00013,like,97,2025-09-23
L00561,C00217,complete,161,2025-09-17
L00060,C00252,skip,0,2026-06-16
L00622,C00233,like,186,2026-04-23
L00584,C00160,like,101,2026-01-11
L00493,C00126,skip,152,2026-08-19
L00277,C00029,add_to_wishlist,28,2025-11-09
L00018,C00162,like,1,2025-11-26
L00224,C00443,complete,204,2026-02-16
L00832,C00443,add_to_wishlist,164,2025-10-31
L00260,C00386,enroll,108,2026-08-18
L00686,C00473,complete,195,2026-07-31
L00500,C00497,skip,174,2025-10-31
L00514,C00086,complete,46,2025-11-05
L00910,C00426,complete,169,2026-01-13
L00333,C00387,enroll,81,2025-09-16
L00446,C00268,skip,228,2025-11-27
L00563,C00291,add_to_wishlist,191,2026-06-11
L00214,C00289,add_to_wishlist,106,2026-08-08
L00277,C00178,skip,8,2026-06-04
L00091,C00355,enroll,190,2026-02-01
L00079,C00110,enroll,224,2026-02-20
L00050,C00254,skip,55,2025-12-25
L00220,C00366,complete,236,2026-05-30
L00035,C00074,skip,165,2025-11-07
L00936,C00114,like,90,2025-10-15
L00617,C00017,like,13,2026-01-23
L00465,C00277,skip,55,2026-02-21
L00351,C00384,enroll,222,2026-02-28
L00419,C00378,complete,133,2025-10-21
L00945,C00458,add_to_wishlist,190,2025-12-04
L00740,C00060,enroll,196,2026-08-30
L00628,C00489,enroll,70,2026-08-17
L00991,C00097,skip,40,2026-04-28
L00803,C00118,complete,237,2026-08-17
L00015,C00283,skip,178,2026-06-13
L00603,C00471,like,205,2025-09-08
L00329,C00021,add_to_wishlist,225,2026-03-15
L00979,C00408,like,204,2025-10-07
L00669,C00338,enroll,68,2026-01-21
L00751,C00458,complete,60,2026-05-31
L00724,C00329,complete,107,2025-11-02
L00432,C00465,add_to_wishlist,112,2025-10-11
L00345,C00046,complete,83,2025-11-29
L00538,C00092,add_to_wishlist,49,2026-07-20
L00627,C00054,complete,113,2025-10-09
L00440,C00448,like,4,2026-07-11
L00843,C00427,enroll,181,2025-11-07
L00797,C00392,skip,102,2025-09-18
L00342,C00277,enroll,153,2026-02-25
L00886,C00474,like,10,2025-10-27
L00168,C00060,complete,192,2026-08-08
L00290,C00069,like,49,2026-08-12
L00168,C00173,enroll,7,2026-01-07
L00581,C00066,enroll,48,2026-03-23
L00261,C00414,add_to_wishlist,107,2026-05-12
L00312,C00251,add_to_wishlist,210,2026-06-16
L00137,C00379,add_to_wishlist,82,2026-01-22
L00069,C00094,add_to_wishlist,183,2026-02-11
L00663,C00310,add_to_wishlist,224,2026-02-06
L00296,C00415,complete,134,2026-05-22
L00402,C00048,like,119,2026-04-20
L00203,C00008,like,149,2026-06-16
L00504,C00478,add_to_wishlist,211,2026-04-29
L00363,C00086,like,195,2026-08-23
L00463,C00349,add_to_wishlist,152,2026-05-25
L00126,C00386,add_to_wishlist,14,2026-04-07
L00841,C00248,complete,31,2026-01-26
L00419,C00030,like,13,2026-03-12
L00244,C00012,complete,221,2025-11-07
L00331,C00178,like,44,2026-03-11
L00442,C00288,add_to_wishlist,85,2026-01-17
L00912,C00244,complete,90,2025-12-02
L00633,C00159,add_to_wishlist,94,2026-05-02
L00014,C00032,skip,115,2025-12-19
L00625,C00438,like,87,2026-01-14
L00807,C00497,enroll,15,2026-08-02
L00158,C00004,complete,53,2025-09-07
L00607,C00402,like,46,2026-02-13
L00437,C00295,enroll,170,2026-04-15
L00728,C00486,complete,34,2026-05-24
L00765,C00448,like,70,2026-01-11
L00768,C00385,like,110,2026-04-21
L00412,C00278,add_to_wishlist,21,2025-12-03
L00794,C00202,skip,55,2026-08-17
L00750,C00048,skip,52,2026-08-08
L00113,C00299,complete,209,2026-02-11
L00467,C00337,enroll,10,2025-09-10
L00694,C00183,skip,162,2026-08-10
L00633,C00441,enroll,121,2026-06-14
L00229,C00126,skip,34,2026-06-02
L00389,C00420,like,74,2026-02-09
L00265,C00291,like,192,2025-09-24
L00466,C00449,enroll,34,2026-05-07
L00725,C00429,complete,95,2025-09-11
L00190,C00085,add_to_wishlist,184,2025-12-18
L00115,C00488,skip,209,2025-10-19
L00541,C00244,add_to_wishlist,187,2026-04-22
L00102,C00326,skip,135,2026-06-24
L00271,C00006,skip,238,2026-01-04
L00746,C00260,like,207,2026-03-05
L00199,C00074,complete,229,2026-02-15
L00837,C00161,like,178,2026-06-05
L00003,C00325,enroll,117,2025-10-28
L00801,C00237,like,114,2026-09-02
L00646,C00305,complete,192,2026-04-11
L00190,C00362,skip,130,2026-01-18
L00206,C00214,like,39,2026-06-22
L00810,C00013,enroll,1,2026-04-18
L00097,C00039,complete,1,2026-06-20
L00859,C00097,add_to_wishlist,238,2026-01-22
L00079,C00293,skip,145,2026-02-28
L00925,C00197,skip,152,2025-12-01
L00085,C00085,skip,66,2026-05-06
L00015,C00145,enroll,104,2026-02-09
L00716,C00435,complete,93,2025-10-03
L00695,C00051,enroll,58,2026-04-09
L00438,C00424,add_to_wishlist,163,2026-07-28
L00995,C00103,complete,238,2026-02-27
L00329,C00266,like,147,2025-09-13
L00785,C00009,enroll,145,2025-11-17
L00931,C00219,add_to_wishlist,17,2026-08-20
L00862,C00042,enroll,199,2026-04-11
L00326,C00368,complete,157,2026-07-24
L00479,C00294,like,230,2025-12-01
L00268,C00236,complete,91,2026-05-05
L00365,C00060,complete,139,2026-01-29
L00375,C00166,skip,45,2026-03-19
L00421,C00287,add_to_wishlist,87,2026-01-12
L00548,C00161,complete,88,2026-01-08
L00512,C00103,enroll,170,2026-05-28
L00024,C00327,skip,175,2025-10-26
L00289,C00157,like,68,2025-12-09
L00654,C00412,add_to_wishlist,152,2026-04-30
L00878,C00332,enroll,169,2026-06-09
L00827,C00087,enroll,95,2025-09-20
L00369,C00024,complete,108,2025-11-12
L00065,C00132,like,208,2026-06-08
L00042,C00423,like,87,2026-01-22
L00705,C00215,add_to_wishlist,123,2026-01-04
L00817,C00493,like,68,2026-04-23
L00796,C00070,skip,120,2025-09-12
L00920,C00272,complete,59,2026-05-03
L00532,C00208,complete,187,2026-04-02
L00902,C00185,complete,169,2026-06-15
L00723,C00196,complete,66,2026-03-01
L00079,C00187,like,66,2026-07-16
L00005,C00050,add_to_wishlist,61,2026-03-03
L00145,C00420,complete,156,2025-11-13
L00049,C00125,complete,128,2025-12-17
L00972,C00492,complete,226,2026-01-16
L00682,C00391,complete,139,2026-06-19
L00659,C00468,skip,145,2026-06-10
L00699,C00225,enroll,221,2026-01-22
L00782,C00119,enroll,238,2026-07-06
L00365,C00155,complete,126,2026-04-26
L00482,C00301,skip,183,2026-05-20
L00629,C00127,enroll,123,2026-03-10
L00639,C00275,skip,30,2026-03-17
L00631,C00378,complete,83,2025-09-26
L00513,C00191,enroll,130,2025-10-21
L00343,C00135,skip,89,2026-03-06
L00009,C00469,skip,198,2026-03-15
L00342,C00080,add_to_wishlist,86,2026-02-02
L00717,C00443,complete,0,2025-12-07
L00733,C00123,skip,28,2026-02-10
L00850,C00300,skip,189,2026-07-03
L00064,C00237,like,158,2025-09-25
L00728,C00262,complete,173,2026-05-04
L00552,C00375,like,116,2026-02-04
L01000,C00374,add_to_wishlist,7,2026-06-05
L00393,C00309,enroll,234,2026-08-07
L00316,C00399,skip,182,2026-03-01
L00720,C00058,enroll,181,2025-09-19
L00357,C00184,complete,225,2025-09-30
L00104,C00180,add_to_wishlist,166,2026-01-06
L00797,C00174,enroll,9,2025-09-25
L00692,C00471,enroll,111,2026-04-28
L00752,C00306,skip,159,2026-03-08
L00255,C00054,skip,234,2025-10-24
L00146,C00420,skip,42,2026-03-10
L00214,C00237,complete,153,2026-07-27
L00864,C00457,skip,76,2025-12-22
L00275,C00462,like,151,2025-12-19
L00036,C00498,like,232,2026-03-27
L00581,C00436,like,112,2025-10-18
L00710,C00248,skip,214,2025-09-19
L00144,C00463,like,145,2026-03-29
L00784,C00378,enroll,51,2026-04-20
L00294,C00340,enroll,31,2026-08-07
L00587,C00190,enroll,231,2025-09-20
L00464,C00481,like,233,2026-04-05
L00291,C00218,like,44,2026-05-24
L00704,C00161,complete,91,2026-02-12
L00743,C00198,enroll,87,2026-08-09
L00184,C00497,skip,124,2025-12-07
L00805,C00104,enroll,70,2026-07-22
L00110,C00209,skip,138,2026-04-30
L00467,C00119,add_to_wishlist,204,2025-09-14
L00348,C00037,enroll,49,2026-02-13
L00749,C00074,complete,164,2026-05-09
L00931,C00306,skip,237,2026-09-02
L00206,C00238,complete,20,2026-09-02
L00087,C00040,complete,210,2026-01-06
L00620,C00223,complete,222,2025-12-14
L00239,C00356,enroll,72,2026-03-10
L00059,C00064,complete,56,2026-07-24
L00944,C00016,complete,187,2026-04-28
L00415,C00181,add_to_wishlist,66,2026-02-04
L00368,C00277,add_to_wishlist,40,2025-12-07
L00291,C00005,enroll,135,2026-07-10
L00794,C00141,skip,62,2025-11-03
L00436,C00061,enroll,80,2026-02-14
L00099,C00166,complete,46,2026-03-28
L00260,C00135,enroll,64,2025-10-15
L00268,C00299,complete,202,2026-08-28
L00423,C00038,skip,27,2026-03-25
L00503,C00188,add_to_wishlist,5,2025-12-20
L00999,C00058,add_to_wishlist,37,2026-05-26
L00272,C00038,enroll,198,2026-04-23
L00803,C00352,add_to_wishlist,199,2025-12-30
L00002,C00191,complete,148,2026-05-12
L00662,C00439,skip,235,2026-03-17
L00769,C00211,complete,184,2026-01-06
L00461,C00431,add_to_wishlist,156,2026-02-07
L00073,C00010,like,221,2026-08-18
L00283,C00232,add_to_wishlist,26,2026-04-02
L00159,C00483,like,118,2025-11-04
L00070,C00164,skip,180,2026-03-17
L00960,C00058,enroll,123,2026-08-15
L00353,C00404,skip,75,2026-03-21
L00881,C00426,enroll,179,2026-01-17
L00090,C00487,add_to_wishlist,68,2026-06-04
L00253,C00109,complete,115,2026-01-01
L00206,C00205,complete,139,2025-10-08
L00257,C00154,like,165,2026-02-05
L00615,C00021,add_to_wishlist,145,2025-11-23
L00850,C00465,enroll,36,2026-03-10
L00565,C00407,enroll,83,2025-11-14
L00005,C00131,complete,15,2025-09-28
L00389,C00187,add_to_wishlist,33,2025-11-03
L00758,C00078,skip,144,2026-05-02
L00765,C00011,like,206,2026-05-17
L00295,C00311,skip,158,2025-09-04
L00375,C00499,add_to_wishlist,124,2025-11-18
L00383,C00272,enroll,203,2026-01-01
L00112,C00306,skip,112,2025-12-05
L00599,C00016,skip,176,2026-03-27
L00952,C00478,complete,239,2026-07-13
L00313,C00106,skip,209,2026-05-23
L00680,C00227,complete,46,2026-05-09
L00325,C00261,enroll,101,2025-11-12
L00171,C00018,add_to_wishlist,63,2025-10-03
L00378,C00432,like,103,2026-05-28
L00626,C00353,complete,127,2025-10-22
L00460,C00483,complete,180,2025-09-05
L00376,C00163,add_to_wishlist,19,2026-04-03
L00821,C00186,skip,78,2026-04-29
L00735,C00471,add_to_wishlist,49,2026-07-08
L00744,C00196,add_to_wishlist,60,2025-12-30
L00127,C00102,enroll,38,2026-05-06
L00130,C00369,enroll,24,2026-02-19
L00248,C00242,skip,18,2025-11-06
L00205,C00258,like,104,2026-07-20
L00909,C00151,enroll,45,2026-03-03
L00930,C00017,complete,72,2025-12-09
L00743,C00358,complete,194,2026-07-16
L00486,C00156,like,204,2026-02-16
L00406,C00092,like,197,2026-04-01
L00959,C00421,add_to_wishlist,188,2025-11-27
L00558,C00093,enroll,77,2026-06-29
L00262,C00077,add_to_wishlist,76,2026-06-15
L00578,C00441,enroll,211,2025-12-08
L00953,C00117,skip,199,2026-05-03
L00183,C00152,complete,128,2025-10-31
L00711,C00099,skip,113,2026-07-28
L00316,C00490,add_to_wishlist,201,2026-07-08
L00624,C00260,enroll,224,2026-02-25
L00794,C00029,add_to_wishlist,98,2025-10-24
L00347,C00216,add_to_wishlist,43,2026-07-30
L00859,C00389,add_to_wishlist,31,2026-02-22
L00598,C00258,skip,225,2026-05-01
L00379,C00177,enroll,189,2026-08-03
L00815,C00291,add_to_wishlist,187,2025-11-11
L00433,C00165,complete,92,2025-10-16
L00520,C00294,skip,206,2026-01-01
L00838,C00437,add_to_wishlist,60,2026-03-22
L00248,C00137,complete,40,2025-10-07
L00246,C00417,add_to_wishlist,35,2026-08-30
L00299,C00200,add_to_wishlist,6,2026-01-05
L00586,C00087,skip,161,2025-12-21
L00816,C00414,like,182,2025-10-06
L00256,C00094,skip,187,2025-10-26
L00106,C00364,complete,236,2025-12-18
L00586,C00369,skip,27,2026-03-03
L00738,C00469,like,65,2026-02-22
L00882,C00184,enroll,113,2026-02-12
L00973,C00323,skip,29,2026-08-25
L00564,C00082,skip,20,2025-09-14
L00131,C00443,enroll,109,2025-10-30
L00226,C00342,complete,55,2026-03-08
L00612,C00247,complete,168,2026-02-05
L00662,C00429,add_to_wishlist,204,2026-02-02
L00051,C00176,like,155,2025-10-11
L00552,C00096,skip,168,2026-08-11
L00650,C00328,add_to_wishlist,212,2026-04-15
L00842,C00392,complete,40,2026-03-24
L00033,C00435,complete,16,2026-04-11
L00504,C00210,add_to_wishlist,173,2025-09-07
L00222,C00112,complete,57,2026-08-07
L00397,C00060,skip,23,2026-04-25
L00661,C00423,enroll,189,2025-10-25
L00697,C00402,skip,89,2026-08-25
L00548,C00484,like,100,2026-02-08
L00579,C00172,complete,124,2026-05-20
L00557,C00055,like,64,2026-06-17
L00498,C00473,complete,145,2026-02-01
L00191,C00097,enroll,15,2026-03-27
L00397,C00253,like,225,2025-12-14
L00653,C00119,complete,143,2025-11-14
L00893,C00288,add_to_wishlist,133,2025-10-09
L00336,C00028,complete,56,2026-07-19
L00233,C00040,enroll,212,2026-01-11
L00771,C00219,skip,209,2026-06-09
L00839,C00350,enroll,207,2026-04-14
L00034,C00267,like,39,2025-11-16
L00623,C00308,skip,46,2026-02-25
L00176,C00008,add_to_wishlist,161,2025-12-26
L00116,C00184,complete,169,2025-11-20
L00759,C00314,complete,44,2026-08-11
L00705,C00326,complete,20,2026-02-04
L00365,C00241,complete,40,2026-06-11
L00168,C00224,complete,191,2026-08-16
L00006,C00458,skip,68,2026-01-14
L00719,C00317,like,51,2025-11-27
L00239,C00193,like,94,2026-08-25
L00263,C00196,add_to_wishlist,227,2026-07-18
L00109,C00377,skip,47,2026-05-15
L00442,C00422,like,210,2025-12-02
L00099,C00096,complete,131,2025-09-09
L00901,C00059,add_to_wishlist,109,2025-11-21
L00778,C00198,skip,198,2026-08-12
L00851,C00147,complete,231,2026-02-13
L00729,C00204,enroll,177,2026-08-31
L00407,C00295,skip,239,2026-07-29
L00047,C00368,like,217,2025-11-25
L00397,C00308,skip,171,2026-07-21
L00526,C00176,enroll,120,2026-01-28
L00162,C00205,enroll,227,2026-07-10
L00965,C00218,like,38,2025-11-26
L00685,C00413,complete,226,2026-08-08
L00953,C00416,enroll,179,2025-12-05
L00390,C00161,like,107,2026-02-27
L00179,C00109,complete,38,2026-07-28
L00298,C00335,complete,57,2026-02-20
L00653,C00122,skip,8,2026-06-11
L00611,C00449,skip,34,2026-07-06
L00746,C00145,add_to_wishlist,127,2025-10-28
L00051,C00452,skip,135,2026-07-13
L00329,C00110,like,101,2026-02-02
L00824,C00232,like,90,2025-09-14
L00447,C00275,like,165,2025-10-01
L00942,C00267,skip,102,2025-11-30
L00100,C00361,enroll,45,2026-09-01
L00646,C00206,enroll,125,2026-01-02
L00782,C00479,enroll,148,2026-05-07
L00171,C00123,add_to_wishlist,43,2026-05-23
L00105,C00131,like,226,2025-12-01
L00093,C00329,add_to_wishlist,101,2026-05-25
L00762,C00054,skip,190,2025-12-09
L00915,C00294,add_to_wishlist,181,2025-11-30
L00876,C00500,complete,162,2025-12-25
L00210,C00240,enroll,81,2026-06-18
L00632,C00005,enroll,98,2025-12-21
L00624,C00279,enroll,231,2025-11-28
L00767,C00156,skip,177,2026-02-15
L00622,C00133,add_to_wishlist,124,2026-03-10
L00396,C00014,enroll,93,2026-06-21
L00188,C00089,skip,22,2025-10-18
L00584,C00496,like,57,2025-10-03
L00585,C00386,complete,33,2025-11-22
L00381,C00076,enroll,33,2026-05-17
L00430,C00355,add_to_wishlist,6,2026-03-14
L00518,C00085,skip,127,2025-12-22
L00675,C00232,enroll,118,2025-09-16
L00138,C00087,add_to_wishlist,60,2026-07-12
L00007,C00328,enroll,128,2025-11-26
L00726,C00065,enroll,71,2026-05-15
L00651,C00024,like,100,2025-12-30
L00636,C00477,complete,147,2025-10-30
L00565,C00293,complete,121,2026-02-14
L00253,C00250,complete,26,2025-10-21
L00112,C00090,skip,129,2026-06-05
L00897,C00290,enroll,217,2026-04-19
L00097,C00456,enroll,150,2025-11-07
L00167,C00399,skip,230,2026-02-23
L00071,C00343,enroll,72,2026-03-16
L00216,C00329,add_to_wishlist,212,2026-04-17
L00661,C00171,enroll,88,2026-08-02
L00826,C00353,skip,203,2026-06-07
L00114,C00105,enroll,32,2025-12-12
L00578,C00213,add_to_wishlist,221,2026-01-13
L00709,C00157,enroll,221,2025-12-14
L00072,C00106,add_to_wishlist,93,2026-06-27
L00554,C00226,enroll,190,2026-03-23
L00192,C00362,enroll,188,2025-09-25
L00604,C00435,enroll,18,2026-01-29
L00024,C00069,skip,12,2025-10-23
L00868,C00002,like,31,2025-12-21
L00194,C00194,enroll,224,2025-11-17
L00654,C00374,add_to_wishlist,163,2026-06-06
L00816,C00216,add_to_wishlist,207,2026-06-17
L00586,C00300,add_to_wishlist,5,2026-06-15
L00234,C00484,skip,200,2026-02-26
L00423,C00002,enroll,74,2026-08-15
L00321,C00437,add_to_wishlist,120,2025-11-07
L00073,C00423,add_to_wishlist,156,2025-09-12
L00290,C00436,add_to_wishlist,9,2026-01-16
L00706,C00163,enroll,141,2026-07-20
L00009,C00404,complete,49,2026-07-04
L00756,C00345,add_to_wishlist,187,2025-11-29
L00567,C00342,like,144,2026-01-09
L00046,C00451,enroll,117,2025-10-28
L00999,C00022,like,17,2026-07-10
L00655,C00313,skip,202,2026-09-04
L00562,C00112,like,49,2026-04-22
L00141,C00380,add_to_wishlist,40,2026-07-21
L00853,C00055,add_to_wishlist,137,2025-10-24
L00533,C00149,enroll,168,2026-07-15
L00586,C00293,like,43,2026-04-11
L00962,C00150,enroll,43,2026-02-27
L00875,C00183,enroll,214,2026-05-31
L00231,C00475,complete,207,2026-02-17
L00965,C00497,like,6,2026-07-17
L00106,C00110,enroll,207,2026-02-13
L00434,C00182,skip,87,2026-02-26
L00400,C00258,like,15,2026-07-30
L00243,C00001,complete,133,2025-09-23
L00416,C00058,like,32,2026-05-29
L00821,C00235,enroll,4,2025-11-03
L00044,C00356,complete,32,2026-06-12
L00800,C00091,enroll,34,2026-08-27
L00168,C00264,like,36,2026-01-12
L00518,C00500,add_to_wishlist,134,2025-09-07
L00175,C00172,enroll,234,2026-04-03
L00442,C00387,skip,7,2025-11-26
L00993,C00145,complete,185,2025-10-10
L00465,C00296,like,93,2026-08-18
L00136,C00011,skip,138,2026-07-25
L00013,C00078,add_to_wishlist,65,2025-12-17
L00219,C00209,enroll,27,2026-09-01
L00237,C00077,like,77,2026-04-28
L00714,C00431,enroll,45,2026-05-18
L00494,C00063,like,226,2025-11-10
L00197,C00471,add_to_wishlist,162,2025-10-17
L00917,C00340,add_to_wishlist,221,2025-09-15
L00380,C00047,complete,150,2025-12-05
L00048,C00023,like,18,2026-04-23
L00879,C00165,add_to_wishlist,225,2026-01-14
L00417,C00031,complete,234,2025-09-05
L00971,C00062,skip,120,2026-02-19
L00397,C00325,skip,109,2026-04-02
L00193,C00026,add_to_wishlist,181,2026-07-15
L00122,C00319,add_to_wishlist,140,2026-08-26
L00810,C00331,skip,1,2026-07-14
L00178,C00009,enroll,172,2026-05-08
L00276,C00065,add_to_wishlist,88,2026-05-01
L00910,C00294,like,168,2026-03-24
L00310,C00154,complete,38,2026-03-08
L00533,C00442,complete,151,2026-02-06
L00451,C00353,like,92,2026-06-15
L00877,C00340,enroll,190,2025-12-13
L00394,C00375,like,163,2026-05-21
L00653,C00380,enroll,98,2026-07-12
L00188,C00021,skip,167,2026-06-15
L00674,C00102,add_to_wishlist,34,2026-02-01
L00345,C00134,like,93,2026-03-03
L00531,C00262,like,46,2026-03-26
L00217,C00422,skip,230,2026-08-06
L00416,C00041,complete,210,2025-09-17
L00086,C00176,add_to_wishlist,115,2025-11-21
L00572,C00152,like,153,2026-08-19
L00078,C00478,complete,106,2025-10-27
L00160,C00362,add_to_wishlist,153,2026-04-27
L00079,C00495,like,217,2026-08-08
L00194,C00436,skip,32,2025-12-11
L00316,C00207,like,62,2026-04-27
L00526,C00063,add_to_wishlist,197,2026-01-09
L00788,C00417,like,148,2026-08-29
L00823,C00050,skip,139,2026-03-06
L00780,C00252,complete,19,2026-05-21
L00333,C00255,add_to_wishlist,132,2026-05-26
L00450,C00225,like,171,2025-10-02
L00340,C00344,skip,116,2026-07-14
L00190,C00106,enroll,103,2026-03-25
L00111,C00273,enroll,176,2026-01-16
L00997,C00146,enroll,65,2026-01-03
L00836,C00479,enroll,224,2026-06-28
L00739,C00039,like,123,2026-02-28
L00578,C00406,add_to_wishlist,173,2026-07-31
L00689,C00418,enroll,225,2026-08-20
L00357,C00113,like,221,2025-10-03
L00748,C00055,complete,155,2026-06-05
L00029,C00295,skip,60,2026-02-25
L00516,C00330,add_to_wishlist,87,2025-10-30
L00910,C00258,like,152,2026-03-25
L00714,C00128,like,229,2025-10-21
L00949,C00484,enroll,225,2026-05-24
L00823,C00385,enroll,200,2026-03-20
L00195,C00012,like,7,2025-10-24
L00160,C00087,enroll,17,2026-02-21
L00613,C00479,complete,226,2026-07-13
L00549,C00330,enroll,171,2025-11-08
L00501,C00200,add_to_wishlist,209,2026-03-13
L00159,C00436,like,223,2025-12-19
L00686,C00110,add_to_wishlist,137,2026-08-16
L00036,C00215,enroll,144,2026-02-19
L00872,C00326,like,113,2026-06-04
L00966,C00323,like,55,2026-04-18
L00174,C00004,like,72,2025-09-14
L00904,C00013,skip,3,2026-03-22
L00650,C00111,complete,79,2025-10-11
L00287,C00394,add_to_wishlist,186,2026-04-13
L00840,C00495,enroll,172,2026-05-24
L00920,C00496,add_to_wishlist,66,2026-01-18
L00499,C00006,skip,111,2026-03-01
L00979,C00076,enroll,138,2026-03-01
L00106,C00264,enroll,73,2026-05-09
L00237,C00431,complete,10,2025-10-31
L00079,C00230,add_to_wishlist,205,2025-12-04
L00032,C00241,enroll,135,2026-05-10
L00009,C00275,enroll,148,2026-04-04
L00003,C00433,complete,158,2026-04-13
L00287,C00449,enroll,214,2026-03-04
L00658,C00439,like,147,2026-08-28
L00748,C00008,skip,194,2026-08-25
L00377,C00222,enroll,95,2026-07-23
L00364,C00267,like,82,2026-07-13
L00500,C00179,like,163,2025-12-08
L00440,C00377,skip,147,2025-12-11
L00641,C00415,skip,217,2026-05-08
L00731,C00045,like,35,2026-06-03
L00970,C00340,enroll,47,2026-02-14
L00042,C00396,add_to_wishlist,136,2026-05-19
L00751,C00457,add_to_wishlist,156,2025-10-02
L00055,C00036,like,240,2025-10-31
L00499,C00025,skip,175,2026-01-15
L00067,C00281,like,94,2025-09-24
L00018,C00049,skip,163,2025-12-29
L00691,C00337,skip,223,2025-10-24
L00319,C00223,skip,172,2025-12-20
L00996,C00469,complete,75,2026-01-04
L00071,C00499,like,134,2025-12-15
L00952,C00451,complete,224,2026-06-20
L00688,C00349,enroll,3,2025-09-06
L00706,C00084,complete,132,2026-01-05
L00083,C00407,like,177,2026-03-12
L00779,C00354,add_to_wishlist,133,2026-06-07
L00606,C00411,add_to_wishlist,100,2026-01-11
L00075,C00439,complete,89,2025-12-23
L00923,C00288,complete,49,2026-06-08
L00049,C00308,like,235,2026-03-20
L00559,C00112,add_to_wishlist,14,2026-03-08
L00948,C00454,like,104,2025-12-24
L00937,C00073,like,210,2026-08-03
L00214,C00314,complete,90,2026-03-15
L00004,C00032,skip,67,2025-09-28
L00886,C00284,add_to_wishlist,94,2025-10-20
L00914,C00466,enroll,21,2026-01-15
L00261,C00242,add_to_wishlist,184,2025-09-05
L00790,C00177,enroll,125,2026-01-19
L00247,C00020,complete,96,2026-03-08
L00224,C00112,like,188,2025-09-29
L00317,C00242,enroll,65,2026-01-16
L00883,C00115,like,231,2026-08-11
L00469,C00028,complete,11,2026-07-01
L00528,C00196,like,55,2026-01-31
L00990,C00071,enroll,174,2026-05-21
L00306,C00459,complete,181,2026-07-20
L00661,C00001,skip,29,2026-05-28
L00584,C00249,complete,74,2026-08-22
L00075,C00167,complete,240,2026-08-31
L00588,C00088,enroll,174,2025-10-07
L00553,C00084,skip,111,2026-04-13
L00264,C00160,complete,71,2026-02-16
L00393,C00251,enroll,188,2026-07-17
L00225,C00372,enroll,13,2026-08-19
L00587,C00048,skip,208,2026-09-03
L00712,C00296,like,148,2026-04-09
L00246,C00122,like,131,2026-02-18
L00523,C00376,skip,14,2025-12-08
L00763,C00233,skip,45,2026-06-13
L00921,C00220,complete,49,2026-06-03
L00454,C00177,enroll,206,2026-04-30
L00698,C00489,add_to_wishlist,18,2025-12-18
L00490,C00042,add_to_wishlist,53,2026-01-21
L00257,C00084,skip,134,2026-06-30
L00444,C00145,complete,22,2026-03-17
L00155,C00467,add_to_wishlist,50,2025-10-10
L00281,C00321,enroll,51,2025-09-21
L00140,C00408,skip,119,2026-04-20
L00416,C00191,add_to_wishlist,50,2025-12-09
L00561,C00312,like,170,2026-04-10
L00871,C00011,enroll,90,2025-09-21
L00079,C00472,add_to_wishlist,40,2025-10-25
L00350,C00308,skip,66,2026-07-26
L00410,C00494,skip,191,2025-10-08
L00379,C00133,complete,230,2025-10-18
L00036,C00265,complete,151,2026-02-26
L00221,C00032,like,168,2025-10-29
L00347,C00205,complete,71,2026-05-24
L00940,C00119,like,176,2025-12-04
L00426,C00201,enroll,106,2026-08-03
L00668,C00371,skip,118,2026-08-02
L00770,C00323,complete,63,2026-02-03
L00034,C00235,complete,22,2026-04-24
L00756,C00299,enroll,123,2026-08-05
L00019,C00281,complete,64,2026-09-02
L00356,C00429,skip,8,2026-08-16
L00830,C00025,add_to_wishlist,165,2026-04-12
L00580,C00184,add_to_wishlist,26,2025-09-22
L00124,C00178,enroll,25,2025-12-27
L00097,C00075,skip,141,2025-10-29
L00883,C00160,add_to_wishlist,5,2026-04-12
L00039,C00426,like,13,2026-05-03
L00027,C00269,enroll,114,2026-01-14
L00488,C00439,like,180,2026-06-21
L00262,C00357,skip,176,2025-10-09
L00303,C00101,skip,109,2026-08-13
L00861,C00387,complete,213,2026-05-26
L00617,C00455,like,96,2026-01-24
L00749,C00188,like,5,2026-04-30
L00599,C00324,enroll,63,2026-01-31
L00424,C00314,enroll,7,2026-02-19
L00316,C00171,enroll,186,2026-04-21
L00122,C00245,like,41,2025-09-16
L00795,C00185,complete,33,2026-07-20
L00933,C00298,skip,165,2025-09-24
L00133,C00416,enroll,35,2026-03-26
L00368,C00389,enroll,17,2025-10-30
L00864,C00316,like,204,2026-06-04
L00652,C00074,like,59,2026-06-01
L00296,C00490,skip,212,2025-12-08
L00100,C00309,enroll,226,2026-07-22
L00079,C00059,like,98,2026-06-22
L00274,C00088,complete,84,2025-09-18
L00203,C00435,complete,112,2026-06-22
L00610,C00301,like,107,2026-09-01
L00134,C00183,enroll,237,2025-12-26
L00590,C00074,enroll,193,2025-10-14
L00481,C00106,complete,190,2026-04-12
L00186,C00487,complete,232,2026-05-25
L00007,C00218,add_to_wishlist,192,2026-07-31
L00429,C00403,enroll,156,2026-08-02
L00280,C00449,skip,51,2026-04-03
L00028,C00266,add_to_wishlist,6,2025-10-28
L00935,C00371,skip,217,2025-10-13
L00204,C00168,add_to_wishlist,209,2026-06-14
L00752,C00351,skip,13,2026-07-14
L00830,C00412,add_to_wishlist,118,2026-05-11
L00427,C00066,complete,189,2026-09-01
L00411,C00159,add_to_wishlist,196,2026-07-12
L00587,C00492,like,204,2026-01-29
L00201,C00002,complete,234,2025-11-10
L00931,C00180,skip,42,2026-04-19
L00094,C00317,complete,180,2026-03-27
L00798,C00109,skip,18,2025-11-06
L00401,C00182,like,28,2026-01-17
L00788,C00273,complete,112,2026-06-23
L00296,C00178,enroll,93,2026-05-20
L00708,C00447,like,159,2026-03-16
L00387,C00018,skip,83,2026-08-11
L00280,C00150,add_to_wishlist,74,2026-01-28
L00082,C00375,like,171,2026-08-14
L00487,C00032,like,213,2026-03-11
L00829,C00098,enroll,48,2025-12-06
L00704,C00318,add_to_wishlist,211,2026-06-30
L00202,C00069,skip,113,2026-08-18
L00803,C00110,complete,10,2025-11-25
L00429,C00282,like,78,2026-08-17
L00164,C00195,skip,207,2025-10-12
L00447,C00436,add_to_wishlist,91,2026-03-22
L00018,C00318,like,11,2026-02-12
L00699,C00424,skip,146,2025-09-16
L00091,C00133,skip,58,2026-08-22
L00881,C00167,complete,132,2025-12-17
L00621,C00491,add_to_wishlist,144,2026-01-01
L00904,C00346,like,70,2025-11-03
L00191,C00343,enroll,225,2026-07-29
L00733,C00012,like,99,2026-08-09
L00911,C00138,skip,149,2026-04-12
L00149,C00445,enroll,180,2025-10-01
L00118,C00187,enroll,195,2026-07-10
L00157,C00407,add_to_wishlist,218,2026-01-25
L00796,C00060,like,48,2025-09-27
L00478,C00159,add_to_wishlist,81,2026-02-09
L00198,C00274,complete,137,2026-03-28
L00055,C00208,complete,120,2025-12-29
L00332,C00341,skip,14,2025-11-10
L00151,C00169,like,19,2025-10-23
L00543,C00381,add_to_wishlist,136,2026-03-08
L00103,C00192,like,138,2026-06-23
L00320,C00300,add_to_wishlist,183,2026-08-24
L00477,C00025,complete,188,2025-09-11
L00548,C00304,like,210,2026-06-15
L00760,C00207,complete,178,2025-11-13
L00237,C00134,like,166,2026-05-03
L00355,C00227,complete,220,2026-08-22
L00637,C00255,enroll,173,2026-08-12
L00406,C00380,add_to_wishlist,2,2026-07-10
L00816,C00256,skip,4,2025-11-27
L00649,C00484,enroll,7,2026-02-11
L00391,C00370,like,54,2026-03-09
L00604,C00267,complete,168,2026-06-21
L00878,C00263,skip,29,2026-02-12
L00868,C00070,enroll,18,2026-05-14
L00825,C00026,skip,209,2026-02-27
L00690,C00459,enroll,21,2025-11-23
L00782,C00033,skip,204,2026-02-08
L00653,C00477,like,223,2026-04-20
L00532,C00239,complete,87,2026-05-31
L00549,C00484,like,235,2026-08-15
L00979,C00261,enroll,174,2026-07-13
L00274,C00408,like,29,2026-05-31
L00873,C00375,skip,130,2025-12-22
L00679,C00180,skip,129,2025-09-25
L00020,C00325,like,188,2025-12-28
L00620,C00060,complete,176,2025-12-21
L00847,C00481,like,166,2026-05-04
L00032,C00410,add_to_wishlist,33,2026-04-05
L00319,C00264,complete,239,2026-03-19
L00464,C00079,complete,155,2026-06-12
L00524,C00367,like,34,2026-03-28
L00782,C00250,enroll,142,2025-09-09
L00882,C00216,enroll,148,2026-03-06
L00101,C00455,complete,196,2026-08-04
L00063,C00045,like,125,2025-12-25
L00999,C00181,like,120,2025-10-12
L00016,C00437,like,45,2026-01-15
L00968,C00446,enroll,52,2026-05-26
L00827,C00201,complete,235,2026-04-22
L00362,C00024,enroll,187,2026-06-14
L00273,C00092,skip,124,2026-08-22
L00096,C00304,enroll,116,2026-07-18
L00729,C00160,skip,29,2026-04-07
L00766,C00010,like,94,2026-08-20
L00542,C00460,like,216,2026-01-30
L00891,C00426,enroll,97,2026-07-05
L00471,C00473,enroll,207,2025-09-22
L00226,C00154,like,227,2026-02-07
L00941,C00164,like,217,2026-05-13
L00193,C00280,enroll,183,2026-08-15
L00395,C00006,enroll,27,2026-04-22
L00402,C00465,like,19,2026-06-24
L00854,C00462,like,156,2025-09-07
L00249,C00250,complete,196,2025-10-24
L00405,C00007,skip,224,2025-11-13
L00961,C00407,like,111,2026-05-21
L00747,C00211,add_to_wishlist,202,2025-09-27
L00103,C00480,skip,33,2026-01-16
L00972,C00485,skip,66,2026-01-20
L00199,C00477,enroll,119,2026-05-18
L00704,C00491,like,161,2026-01-31
L00425,C00248,complete,192,2026-01-16
L00495,C00247,like,57,2025-12-21
L00629,C00084,add_to_wishlist,123,2026-01-04
L00653,C00397,complete,177,2026-07-20
L00146,C00448,enroll,8,2026-03-18
L00744,C00166,add_to_wishlist,24,2025-12-08
L00900,C00260,skip,106,2025-09-12
L00093,C00132,complete,95,2026-07-01
L00321,C00435,complete,170,2025-12-09
L00321,C00416,complete,205,2026-04-19
L00541,C00078,skip,205,2025-09-05
L00766,C00189,add_to_wishlist,189,2025-10-16
L00253,C00422,complete,101,2025-10-12
L00717,C00073,enroll,171,2026-04-04
L00628,C00210,enroll,153,2025-12-13
L00869,C00235,complete,26,2026-08-11
L00919,C00070,skip,5,2026-02-27
L00084,C00092,complete,21,2026-08-08
L00122,C00207,like,153,2025-10-30
L00353,C00314,like,47,2026-08-18
L00045,C00107,enroll,10,2025-09-10
L00836,C00411,skip,75,2026-06-02
L00519,C00319,add_to_wishlist,1,2025-10-18
L00811,C00122,complete,66,2026-05-18
L00152,C00473,like,179,2026-03-16
L00733,C00436,add_to_wishlist,123,2025-11-27
L00366,C00027,skip,222,2026-04-27
L00456,C00305,complete,163,2026-06-15
L00964,C00007,enroll,175,2025-09-29
L00375,C00496,complete,63,2026-08-09
L00677,C00124,like,8,2026-05-29
L00755,C00407,like,202,2026-07-01
L00441,C00322,like,70,2026-02-20
L00387,C00287,enroll,73,2026-04-19
L00626,C00424,enroll,83,2026-09-04
L00024,C00325,enroll,42,2025-09-14
L00378,C00298,like,22,2026-05-25
L00443,C00303,enroll,28,2026-01-10
L00442,C00275,add_to_wishlist,207,2025-12-10
L00326,C00407,enroll,10,2025-12-10
L00483,C00137,enroll,186,2025-11-14
L00024,C00061,skip,190,2025-09-14
L00536,C00322,skip,153,2026-04-15
L00723,C00418,skip,47,2026-08-18
L00609,C00012,like,71,2025-12-28
L00400,C00438,enroll,149,2026-05-30
L00645,C00454,enroll,225,2026-06-25
L00560,C00121,like,3,2026-05-02
L00602,C00152,complete,119,2026-01-23
L00724,C00380,enroll,169,2026-01-15
L00858,C00204,enroll,231,2025-12-16
L00332,C00145,complete,226,2026-03-05
L00578,C00250,like,165,2026-08-01
L00014,C00279,like,44,2025-10-08
L00394,C00029,enroll,73,2025-10-29
L00244,C00093,enroll,232,2025-10-23
L00972,C00456,add_to_wishlist,10,2026-04-30
L00230,C00409,skip,208,2026-01-04
L00603,C00014,complete,46,2026-05-14
L00202,C00395,enroll,232,2025-12-15
L00218,C00329,add_to_wishlist,205,2026-02-12
L00757,C00140,like,91,2026-04-15
L00331,C00318,complete,60,2026-02-02
L00544,C00128,like,123,2026-03-09
L00792,C00096,complete,172,2026-03-12
L00415,C00382,skip,80,2026-02-17
L00991,C00176,skip,2,2026-02-09
L00469,C00028,add_to_wishlist,143,2026-02-28
L00607,C00154,skip,161,2025-10-14
L00344,C00183,skip,182,2026-04-25
L00960,C00286,enroll,102,2026-05-29
L00823,C00485,complete,65,2025-12-29
L00733,C00247,like,174,2025-09-09
L00477,C00077,complete,103,2025-12-29
L00058,C00027,add_to_wishlist,210,2025-09-22
L00075,C00461,skip,228,2026-04-21
L00672,C00020,complete,33,2026-07-21
L00299,C00094,like,209,2026-04-23
L00292,C00369,like,225,2026-01-26
L00220,C00187,enroll,66,2026-09-03
L00244,C00026,add_to_wishlist,215,2025-11-06
L00183,C00417,complete,57,2026-08-17
L00332,C00109,complete,48,2025-09-04
L00253,C00340,skip,134,2025-12-23
L00158,C00193,complete,19,2026-02-21
L00576,C00113,skip,150,2026-04-08
L00709,C00419,complete,79,2025-12-10
L00931,C00394,add_to_wishlist,95,2026-04-18
L00765,C00050,like,143,2026-01-16
L00302,C00014,like,223,2026-04-26
L00106,C00005,skip,19,2026-02-22
L00314,C00298,like,64,2026-01-25
L00358,C00302,complete,227,2026-02-05
L00861,C00468,skip,224,2025-12-18
L00382,C00171,enroll,149,2025-09-07
L00090,C00056,enroll,53,2026-03-14
L00059,C00379,like,92,2025-10-20
L00164,C00500,like,83,2025-09-17
L00125,C00366,skip,142,2026-04-23
L00065,C00349,add_to_wishlist,126,2026-05-13
L00886,C00174,like,84,2025-12-23
L00244,C00148,like,7,2026-04-13
L00807,C00369,enroll,66,2026-02-21
L00279,C00354,enroll,118,2026-06-18
L00388,C00235,skip,154,2025-12-22
L00961,C00369,skip,158,2026-07-11
L00949,C00175,skip,150,2025-09-21
L00528,C00097,like,225,2026-01-10
L00790,C00171,like,197,2025-12-30
L00094,C00278,skip,103,2026-01-27
L00776,C00491,enroll,30,2026-01-03
L00228,C00178,skip,10,2026-05-24
L00871,C00453,like,124,2026-04-26
L00201,C00439,complete,13,2026-02-25
L00724,C00279,complete,234,2025-10-08
L00357,C00425,skip,98,2026-04-30
L00294,C00122,like,2,2026-08-13
L00701,C00202,skip,186,2026-08-20
L00414,C00371,enroll,207,2026-08-17
L00863,C00015,enroll,65,2026-05-21
L00222,C00489,add_to_wishlist,144,2026-04-23
L00450,C00487,add_to_wishlist,183,2026-04-15
L00201,C00401,like,17,2026-03-13
L00851,C00450,complete,45,2026-02-03
L00042,C00163,like,144,2025-12-18
L00053,C00155,like,92,2026-04-14
L00473,C00259,add_to_wishlist,112,2025-10-06
L00753,C00008,add_to_wishlist,178,2025-09-24
L00667,C00133,like,129,2026-03-18
L00537,C00065,enroll,128,2026-02-18
L00366,C00029,skip,152,2026-07-13
L00495,C00062,complete,11,2026-06-15
L00529,C00163,like,210,2025-11-29
L00759,C00235,add_to_wishlist,29,2026-04-06
L00717,C00430,add_to_wishlist,61,2026-07-13
L00089,C00395,enroll,196,2025-10-17
L00147,C00095,enroll,31,2026-06-10
L00007,C00377,skip,229,2026-01-29
L00682,C00248,enroll,139,2026-02-28
L00244,C00144,skip,154,2025-11-07
L00287,C00252,enroll,156,2026-06-25
L00294,C00212,complete,36,2026-08-10
L00227,C00050,complete,159,2026-08-26
L00946,C00423,like,192,2026-06-24
L00087,C00014,enroll,151,2025-10-25
L00580,C00273,skip,47,2025-10-31
L00423,C00243,add_to_wishlist,53,2026-05-24
L00384,C00299,skip,169,2026-05-07
L00096,C00189,enroll,186,2026-06-21
L00992,C00465,enroll,128,2026-03-20
L00838,C00166,add_to_wishlist,3,2025-09-11
L00311,C00116,skip,92,2026-05-26
L00229,C00209,like,45,2025-10-31
L00865,C00436,complete,204,2026-04-11
L00442,C00120,skip,46,2026-06-20
L00520,C00050,enroll,17,2026-07-04
L00769,C00469,complete,65,2025-11-26
L00540,C00141,like,167,2026-03-09
L00462,C00306,skip,90,2025-09-15
L00129,C00294,complete,31,2026-05-20
L00510,C00319,skip,150,2025-12-28
L00128,C00454,enroll,105,2026-04-09
L00286,C00249,like,50,2025-12-01
L00427,C00215,skip,2,2026-02-01
L00645,C00330,skip,110,2026-08-01
L00864,C00495,add_to_wishlist,69,2026-01-17
L00182,C00462,enroll,174,2026-01-20
L00968,C00130,add_to_wishlist,136,2025-10-29
L00111,C00293,like,197,2026-07-15
L00033,C00215,skip,184,2026-07-22
L00478,C00462,skip,205,2026-04-22
L00951,C00420,like,123,2025-11-16
L00407,C00350,like,57,2025-10-14
L00561,C00357,like,222,2026-05-15
L00582,C00150,enroll,133,2026-02-03
L00727,C00344,skip,191,2025-12-20
L00128,C00390,like,50,2026-06-26
L00698,C00211,skip,187,2026-05-18
L00945,C00041,enroll,161,2026-07-19
L00774,C00301,complete,177,2026-05-18
L00012,C00369,add_to_wishlist,34,2026-08-10
L00657,C00211,complete,196,2025-10-09
L00544,C00314,add_to_wishlist,94,2026-07-28
L00753,C00290,complete,170,2026-04-19
L00480,C00246,like,89,2026-01-28
L00232,C00257,add_to_wishlist,113,2026-01-05
L00125,C00347,skip,167,2026-06-03
L00942,C00461,skip,166,2026-05-17
L00754,C00258,complete,99,2026-03-10
L00193,C00424,like,84,2026-02-11
L00993,C00238,skip,100,2026-01-02
L00346,C00425,add_to_wishlist,24,2025-12-01
L00338,C00358,skip,16,2026-01-21
L00365,C00115,skip,229,2026-06-26
L00118,C00286,complete,128,2026-08-27
L00307,C00119,complete,225,2026-03-17
L00822,C00476,skip,87,2026-04-16
L00587,C00386,add_to_wishlist,71,2026-03-03
L00568,C00158,complete,238,2025-12-11
L00377,C00428,like,64,2025-12-02
L00437,C00293,complete,103,2026-07-30
L00698,C00247,like,174,2026-07-17
L00349,C00134,like,158,2026-09-01
L00692,C00136,enroll,192,2026-05-05
L00763,C00163,enroll,7,2026-07-02
L00164,C00334,enroll,28,2026-01-13
L00656,C00013,like,160,2026-04-16
L00633,C00127,enroll,211,2026-03-28
L00946,C00119,add_to_wishlist,50,2026-06-14
L00747,C00179,enroll,89,2026-02-05
L00177,C00271,add_to_wishlist,98,2025-12-16
L00923,C00435,complete,209,2026-02-21
L00083,C00436,add_to_wishlist,135,2026-08-27
L00553,C00236,complete,194,2025-10-07
L00754,C00129,skip,31,2025-10-31
L00977,C00110,skip,23,2026-08-27
L00589,C00094,like,10,2025-12-14
L00095,C00169,enroll,37,2025-10-09
L00682,C00302,enroll,26,2026-03-12
L00374,C00445,complete,49,2026-04-14
L00985,C00207,enroll,21,2026-07-24
L00441,C00088,add_to_wishlist,179,2026-08-16
L00031,C00311,like,148,2026-03-31
L00965,C00259,skip,228,2026-06-29
L00497,C00029,like,142,2025-09-19
L00898,C00233,skip,203,2026-06-26
L00447,C00471,add_to_wishlist,33,2025-11-20
L00047,C00479,enroll,228,2026-01-08
L00475,C00410,enroll,140,2025-09-06
L00558,C00301,complete,126,2025-10-24
L00951,C00242,add_to_wishlist,166,2025-11-02
L00603,C00282,enroll,7,2025-11-05
L00201,C00072,add_to_wishlist,31,2026-05-22
L00945,C00038,complete,139,2025-09-21
L00526,C00335,add_to_wishlist,115,2025-11-04
L00435,C00483,complete,8,2025-10-06
L00793,C00344,complete,99,2026-01-03
L00593,C00198,enroll,208,2026-04-11
L00500,C00015,enroll,240,2025-12-15
L00124,C00469,like,53,2026-04-24
L00082,C00472,like,134,2026-07-30
L00570,C00001,like,148,2026-01-08
L00318,C00323,enroll,25,2025-11-21
L00807,C00163,skip,53,2026-05-19
L00215,C00156,like,159,2025-10-05
L00757,C00369,complete,132,2025-09-12
L00800,C00362,like,165,2025-12-17
L00318,C00002,add_to_wishlist,106,2026-03-07
L00131,C00257,enroll,86,2026-06-06
L00186,C00372,enroll,183,2026-07-09
L00052,C00034,add_to_wishlist,222,2025-11-28
L00478,C00061,add_to_wishlist,11,2026-03-08
L00732,C00214,add_to_wishlist,225,2026-08-25
L00335,C00349,complete,234,2026-05-02
L00519,C00002,enroll,216,2026-03-14
L00302,C00372,add_to_wishlist,56,2025-12-21
L00755,C00063,enroll,215,2025-11-21
L00972,C00464,enroll,194,2026-03-19
L00356,C00320,add_to_wishlist,228,2026-03-29
L00283,C00201,skip,106,2026-08-28
L00382,C00134,add_to_wishlist,59,2026-03-17
L00874,C00347,add_to_wishlist,166,2025-09-17
L00087,C00166,skip,121,2026-07-16
L00775,C00205,add_to_wishlist,188,2025-10-27
L00684,C00089,enroll,121,2026-04-28
L00423,C00277,like,25,2026-07-01
L00978,C00078,complete,101,2026-08-09
L00007,C00375,like,39,2025-10-21
L00751,C00247,like,194,2026-04-29
L00832,C00460,complete,21,2026-02-09
L00554,C00109,like,94,2025-11-15
L00882,C00382,add_to_wishlist,45,2026-04-18
L00690,C00429,add_to_wishlist,45,2026-01-19
L00847,C00428,complete,184,2025-12-28
L00810,C00119,like,28,2025-12-02
L00208,C00453,skip,81,2025-09-06
L00837,C00099,skip,159,2026-05-16
L00644,C00401,skip,19,2026-03-29
L00666,C00156,like,35,2026-06-24
L00001,C00409,like,224,2026-01-05
L00294,C00442,add_to_wishlist,0,2026-07-20
L00987,C00485,skip,114,2026-08-11
L00963,C00460,enroll,231,2026-02-27
L00033,C00036,enroll,194,2026-01-03
L00928,C00372,complete,206,2025-09-20
L00721,C00004,complete,57,2025-11-27
L00705,C00408,skip,212,2026-05-17
L00175,C00199,add_to_wishlist,234,2026-04-25
L00149,C00266,add_to_wishlist,76,2026-04-28
L00085,C00478,enroll,212,2026-04-23
L00894,C00393,add_to_wishlist,195,2025-10-15
L00800,C00385,skip,7,2026-02-15
L00281,C00176,skip,52,2026-08-12
L00469,C00052,like,5,2026-04-02
L00974,C00384,enroll,198,2026-08-22
L00373,C00382,complete,234,2026-02-09
L00370,C00060,complete,21,2026-01-24
L00954,C00272,like,171,2025-11-19
L00018,C00037,enroll,87,2026-06-24
L00909,C00438,complete,195,2025-10-01
L00320,C00282,enroll,208,2026-08-03
L00188,C00121,add_to_wishlist,40,2026-03-08
L00474,C00290,skip,181,2025-09-07
L00876,C00333,skip,94,2026-06-27
L00459,C00120,like,71,2026-07-30
L00326,C00242,add_to_wishlist,110,2026-05-12
L00900,C00062,complete,8,2026-02-26
L00302,C00246,skip,135,2026-07-27
L00769,C00092,add_to_wishlist,151,2026-02-15
L00588,C00246,add_to_wishlist,44,2026-08-02
L00669,C00148,like,236,2025-09-06
L00134,C00319,complete,109,2026-01-28
L00874,C00307,skip,56,2026-06-05
L00807,C00299,add_to_wishlist,48,2026-05-15
L00566,C00454,complete,53,2026-08-24
L00209,C00472,skip,128,2026-01-15
L00116,C00196,enroll,66,2026-02-08
L00693,C00185,add_to_wishlist,227,2025-11-28
L00138,C00185,enroll,173,2026-05-01
L00811,C00176,complete,122,2025-10-30
L00430,C00328,skip,185,2026-06-04
L00632,C00444,enroll,200,2026-04-27
L00355,C00156,add_to_wishlist,119,2026-06-28
L00784,C00261,enroll,78,2026-06-28
L00442,C00428,complete,93,2026-08-18
L00604,C00229,enroll,56,2025-11-04
L00051,C00226,add_to_wishlist,126,2026-01-13
L00478,C00022,like,65,2026-02-24
L00016,C00070,complete,152,2026-02-03
L00881,C00071,enroll,210,2026-06-07
L00183,C00069,complete,152,2026-04-23
L00030,C00377,enroll,47,2026-01-14
L00167,C00126,skip,123,2026-08-26
L00529,C00315,skip,203,2026-01-03
L00134,C00377,skip,199,2026-03-28
L00672,C00346,skip,169,2026-09-01
L00069,C00206,enroll,27,2026-05-26
L00530,C00111,skip,150,2026-09-01
L00299,C00323,like,14,2026-01-23
L00761,C00396,skip,144,2025-09-27
L00560,C00343,skip,39,2026-08-31
L00135,C00035,complete,71,2026-05-24
L00800,C00001,complete,203,2025-09-11
L00006,C00462,add_to_wishlist,32,2026-07-14
L00206,C00186,enroll,171,2025-11-29
L00873,C00345,skip,67,2026-05-14
L00208,C00131,like,199,2026-08-31
L00781,C00408,add_to_wishlist,239,2026-04-09
L00378,C00256,skip,67,2025-11-16
L00681,C00002,skip,135,2026-07-05
L00341,C00408,add_to_wishlist,200,2025-12-11
L00236,C00337,enroll,166,2026-06-26
L00835,C00332,enroll,25,2026-08-28
L00713,C00310,enroll,205,2025-10-19
L00566,C00402,add_to_wishlist,209,2026-03-24
L00238,C00191,complete,43,2026-01-02
L00106,C00074,like,37,2026-06-11
L00549,C00170,like,174,2026-02-03
L00423,C00040,complete,107,2026-08-21
L00991,C00034,complete,21,2026-04-23
L00152,C00087,enroll,22,2026-03-24
L00794,C00333,add_to_wishlist,189,2025-12-13
L00437,C00183,complete,157,2026-08-18
L00565,C00305,enroll,77,2026-06-11
L00263,C00463,like,174,2026-08-25
L00212,C00139,add_to_wishlist,202,2026-09-04
L00243,C00092,complete,78,2026-07-28
L00678,C00321,complete,104,2026-04-29
L00293,C00110,like,140,2026-02-23
L00248,C00359,skip,37,2025-12-16
L00682,C00421,enroll,219,2025-10-10
L00364,C00019,like,20,2026-05-30
L00858,C00120,skip,23,2026-02-14
L00596,C00139,complete,30,2026-03-05
L00229,C00023,complete,128,2025-09-27
L00071,C00279,like,44,2026-08-07
L00430,C00278,enroll,36,2026-03-20
L00200,C00189,add_to_wishlist,37,2025-09-22
L00216,C00237,add_to_wishlist,129,2026-02-25
L00961,C00274,enroll,3,2026-07-13
L00069,C00201,enroll,184,2025-12-15
L00168,C00228,add_to_wishlist,130,2026-05-20
L00919,C00222,skip,175,2026-06-23
L00458,C00144,complete,167,2026-01-16
L00049,C00408,enroll,5,2026-04-13
L00654,C00058,complete,46,2025-10-12
L00773,C00371,skip,152,2025-10-07
L00886,C00443,enroll,58,2026-06-28
L00029,C00193,like,191,2026-07-24
L00354,C00247,add_to_wishlist,187,2026-07-23
L00628,C00287,complete,110,2025-10-26
L00194,C00139,enroll,163,2026-02-20
L00292,C00278,like,163,2025-12-14
L00608,C00435,complete,155,2025-09-28
L00496,C00412,add_to_wishlist,78,2025-12-23
L00457,C00289,enroll,131,2026-03-29
L00686,C00406,like,74,2026-06-17
L00217,C00474,enroll,40,2025-10-29
L00195,C00373,enroll,29,2026-05-04
L00800,C00085,complete,22,2025-10-10
L00647,C00276,add_to_wishlist,82,2025-10-03
L00398,C00131,like,117,2025-10-03
L00693,C00084,enroll,225,2025-12-10
L00650,C00397,skip,186,2026-04-01
L00142,C00149,skip,26,2026-08-04
L00590,C00085,like,5,2026-07-26
L00012,C00397,like,202,2026-05-30
L00041,C00467,like,52,2025-12-17
L00959,C00244,add_to_wishlist,76,2026-07-08
L00355,C00450,complete,177,2026-05-20
L00263,C00404,add_to_wishlist,165,2026-08-12
L00277,C00179,like,212,2026-04-14
L00068,C00184,skip,24,2026-08-30
L00229,C00137,skip,18,2026-05-16
L00038,C00385,skip,179,2025-10-09
L00535,C00362,add_to_wishlist,131,2025-10-23
L00498,C00464,add_to_wishlist,136,2026-06-28
L00932,C00143,like,181,2025-10-15
L00446,C00051,complete,189,2026-04-25
L00151,C00189,enroll,100,2026-02-21
L00670,C00302,skip,206,2025-10-02
L00938,C00133,like,83,2026-03-01
L00031,C00311,add_to_wishlist,201,2026-03-10
L00913,C00427,complete,132,2026-04-26
L00291,C00088,skip,231,2025-10-26
L00409,C00309,like,84,2026-08-05
L00233,C00268,skip,226,2025-11-05
L00567,C00003,skip,164,2025-09-19
L00468,C00386,skip,61,2026-09-01
L00860,C00073,add_to_wishlist,233,2025-10-21
L00702,C00388,add_to_wishlist,16,2026-04-05
L00653,C00268,add_to_wishlist,155,2025-12-04
L00379,C00318,complete,76,2026-02-10
L00981,C00059,add_to_wishlist,150,2025-09-15
L00054,C00355,complete,180,2026-08-15
L00251,C00283,skip,37,2025-11-12
L00609,C00348,add_to_wishlist,154,2025-09-26
L00662,C00425,enroll,160,2026-01-03
L00766,C00291,complete,55,2026-08-29
L00352,C00162,skip,143,2025-09-30
L00750,C00001,like,191,2025-09-20
L00872,C00384,skip,132,2026-02-06
L00248,C00408,complete,154,2026-01-18
L00872,C00202,skip,15,2025-09-05
L00046,C00496,enroll,224,2026-01-10
L00175,C00306,like,163,2025-10-17
L00754,C00413,add_to_wishlist,174,2026-08-10
L00565,C00020,like,194,2026-01-22
L00746,C00309,add_to_wishlist,12,2026-08-28
L00073,C00056,enroll,133,2026-06-24
L00595,C00487,add_to_wishlist,91,2026-05-15
L00446,C00005,enroll,116,2026-05-29
L00510,C00311,skip,200,2026-08-03
L00605,C00384,add_to_wishlist,164,2026-06-07
L00524,C00377,complete,46,2025-09-27
L00166,C00065,skip,17,2025-10-18
L00249,C00260,like,100,2026-03-26
L00295,C00195,enroll,214,2026-06-09
L00760,C00381,like,190,2026-05-12
L00125,C00380,enroll,42,2025-11-28
L00394,C00125,add_to_wishlist,235,2026-07-02
L00190,C00212,skip,57,2026-08-17
L00921,C00293,enroll,27,2025-12-02
L00097,C00353,like,103,2025-11-13
L00928,C00261,skip,101,2025-12-19
L00950,C00053,like,18,2025-10-11
L00211,C00363,like,58,2026-03-14
L00426,C00208,enroll,238,2025-09-21
L00797,C00325,like,16,2026-02-26
L00527,C00063,like,85,2026-08-12
L00822,C00024,like,226,2026-07-03
L00683,C00011,add_to_wishlist,190,2025-11-18
L00497,C00321,skip,229,2025-12-16
L00080,C00374,like,146,2026-08-25
L00859,C00127,skip,198,2025-09-11
L00913,C00343,enroll,92,2025-10-05
L00177,C00478,skip,64,2026-07-26
L00492,C00315,like,126,2026-05-28
L00822,C00126,skip,55,2025-09-21
L00468,C00301,skip,129,2025-12-27
L00701,C00480,add_to_wishlist,96,2026-05-13
L00369,C00500,enroll,196,2026-03-10
L00526,C00419,like,158,2025-09-08
L00306,C00355,enroll,27,2026-09-03
L00626,C00410,like,171,2026-03-11
L00499,C00109,add_to_wishlist,214,2025-09-24
L00407,C00184,complete,137,2026-07-10
L00734,C00060,enroll,50,2026-02-26
L00135,C00198,complete,214,2026-08-12
L00108,C00275,enroll,207,2025-11-27
L00585,C00148,skip,62,2026-01-30
L00364,C00339,add_to_wishlist,226,2026-03-07
L00470,C00052,complete,199,2026-08-12
L00362,C00321,like,231,2026-04-26
L00966,C00171,enroll,5,2026-08-30
L00415,C00151,like,126,2026-05-27
L00734,C00243,add_to_wishlist,102,2026-01-15
L00368,C00277,skip,126,2026-02-20
L00832,C00358,enroll,180,2026-01-01
L00360,C00409,add_to_wishlist,97,2025-10-13
L00705,C00214,add_to_wishlist,97,2026-05-04
L00005,C00113,add_to_wishlist,64,2026-07-04
L00424,C00116,skip,22,2026-03-12
L00726,C00065,add_to_wishlist,136,2026-06-08
L00572,C00417,skip,186,2026-07-31
L00998,C00178,complete,69,2026-03-08
L00164,C00088,skip,186,2026-05-27
L00485,C00272,like,224,2025-11-16
L00856,C00239,enroll,135,2026-05-26
L00633,C00224,skip,9,2026-03-05
L00433,C00229,enroll,116,2026-04-13
L00214,C00406,add_to_wishlist,171,2026-03-19
L00217,C00118,complete,17,2026-08-24
L00710,C00434,add_to_wishlist,148,2026-03-10
L00726,C00287,like,163,2025-09-15
L00827,C00012,skip,39,2026-01-15
L00256,C00344,like,109,2026-04-11
L00172,C00414,enroll,69,2026-05-31
L00928,C00136,enroll,100,2026-08-22
L00600,C00462,complete,175,2025-11-18
L00507,C00441,skip,72,2025-10-12
L00396,C00183,add_to_wishlist,13,2026-03-26
L00321,C00302,like,69,2026-01-30
L00831,C00129,add_to_wishlist,183,2025-12-11
L00003,C00004,add_to_wishlist,120,2025-11-14
L00334,C00339,skip,230,2025-12-16
L00495,C00103,complete,90,2025-11-30
L00054,C00194,skip,195,2026-07-09
L00641,C00253,skip,172,2026-05-20
L00017,C00411,like,124,2026-03-24
L00723,C00231,complete,65,2025-10-16
L00668,C00394,enroll,164,2026-07-12
L00648,C00116,add_to_wishlist,100,2026-03-01
L00230,C00259,like,1,2025-09-06
L00302,C00195,enroll,25,2026-05-27
L00014,C00176,enroll,188,2025-12-19
L00455,C00319,enroll,53,2025-12-16
L00828,C00194,complete,119,2026-06-28
L00220,C00498,enroll,139,2026-02-04
L00251,C00183,complete,97,2026-06-30
L00835,C00009,like,184,2025-12-27
L00103,C00316,skip,99,2026-03-08
L00019,C00039,add_to_wishlist,214,2026-05-28
L00991,C00480,add_to_wishlist,35,2025-12-16
L01000,C00326,enroll,238,2025-11-11
L00519,C00236,like,106,2025-09-08
L00718,C00111,enroll,122,2026-06-25
L00639,C00168,skip,108,2026-06-18
L00750,C00341,enroll,233,2025-12-02
L00769,C00445,add_to_wishlist,127,2026-02-03
L00349,C00273,skip,233,2026-03-07
L00291,C00187,enroll,108,2026-03-25
L00161,C00260,enroll,74,2026-08-30
L00818,C00358,complete,8,2026-01-17
L00147,C00100,skip,38,2026-05-22
L00888,C00220,skip,105,2025-11-23
L00207,C00377,add_to_wishlist,33,2026-03-11
L00356,C00256,skip,34,2026-02-23
L00073,C00188,add_to_wishlist,181,2026-04-01
L00943,C00223,add_to_wishlist,78,2026-08-22
L00251,C00226,complete,81,2026-07-19
L00837,C00417,enroll,213,2026-01-16
L00546,C00307,skip,145,2025-11-26
L00869,C00266,enroll,36,2025-12-31
L00133,C00453,skip,227,2025-11-09
L00028,C00308,skip,50,2025-09-08
L00391,C00372,complete,50,2026-01-15
L00801,C00323,like,210,2025-12-23
L00452,C00500,add_to_wishlist,202,2025-10-13
L00451,C00419,add_to_wishlist,131,2026-02-02
L00218,C00268,enroll,85,2026-02-17
L00137,C00437,enroll,154,2026-07-17
L00873,C00178,like,32,2026-03-09
L00672,C00454,add_to_wishlist,187,2026-04-26
L00892,C00032,complete,184,2026-01-25
L00863,C00075,complete,102,2025-09-13
L00938,C00376,complete,33,2025-09-24
L00664,C00123,skip,81,2026-04-15
L00865,C00474,add_to_wishlist,23,2026-07-03
L00457,C00075,enroll,222,2026-04-01
L00198,C00432,skip,188,2026-05-21
L00524,C00229,skip,193,2025-10-04
L00060,C00240,skip,120,2026-05-31
L00134,C00441,skip,114,2026-05-20
L00524,C00458,add_to_wishlist,145,2025-09-12
L00084,C00272,enroll,195,2025-11-24
L00028,C00103,enroll,30,2025-09-06
L00116,C00491,enroll,127,2025-12-20
L00831,C00082,like,52,2026-07-04
L00961,C00477,complete,188,2025-11-01
L00582,C00058,enroll,37,2026-05-01
L00546,C00182,like,75,2025-09-08
L00944,C00098,skip,27,2026-01-12
L00004,C00019,enroll,185,2026-04-27
L00728,C00087,add_to_wishlist,56,2026-04-06
L00921,C00080,enroll,213,2026-08-03
L00057,C00194,complete,85,2026-05-21
L00423,C00445,add_to_wishlist,147,2026-08-07
L00804,C00298,add_to_wishlist,175,2026-07-30
L00217,C00470,add_to_wishlist,103,2025-10-22
L00466,C00500,like,61,2025-10-15
L00599,C00255,add_to_wishlist,204,2025-11-17
L00154,C00329,add_to_wishlist,113,2026-08-16
L00236,C00300,complete,82,2026-08-23
L00203,C00283,like,161,2026-05-18
L00166,C00425,skip,45,2026-03-06
L00558,C00270,add_to_wishlist,18,2026-08-09
L00041,C00004,complete,112,2025-11-07
L00395,C00227,skip,92,2025-12-25
L00970,C00373,skip,9,2025-10-21
L00547,C00467,like,151,2026-04-03
L00265,C00126,skip,190,2025-10-23
L00062,C00286,enroll,138,2026-02-28
L00550,C00223,complete,0,2026-04-04
L00118,C00240,complete,229,2025-11-05
L00815,C00040,enroll,202,2026-04-06
L00549,C00326,like,50,2025-12-02
L00404,C00163,complete,18,2026-01-15
L00070,C00107,add_to_wishlist,23,2026-07-18
L00984,C00386,like,233,2026-08-03
L00436,C00314,skip,137,2025-12-06
L00255,C00180,skip,139,2025-12-12
L00691,C00144,add_to_wishlist,20,2026-06-04
L00949,C00175,enroll,209,2026-05-22
L00345,C00185,like,59,2026-01-19
L00139,C00066,complete,183,2026-05-13
L00445,C00422,like,146,2026-08-20
L00294,C00108,skip,15,2026-04-18
L00177,C00054,complete,23,2026-05-11
L00760,C00388,skip,63,2026-02-07
L00884,C00323,skip,228,2026-08-27
L00738,C00238,skip,115,2026-06-17
L00528,C00435,skip,59,2026-05-16
L00976,C00391,add_to_wishlist,19,2026-04-07
L00863,C00210,add_to_wishlist,76,2026-06-07
L00949,C00498,enroll,111,2025-11-10
L00128,C00091,skip,7,2026-08-28
L00620,C00393,like,221,2026-08-05
L00242,C00312,skip,104,2026-01-20
L00243,C00363,add_to_wishlist,137,2026-01-11
L00224,C00165,like,5,2026-07-14
L00791,C00297,complete,163,2026-05-26
L00792,C00297,like,76,2026-01-19
L00986,C00024,add_to_wishlist,145,2025-11-22
L00379,C00474,skip,134,2026-07-25
L00742,C00123,add_to_wishlist,170,2026-05-15
L00150,C00425,like,200,2026-05-21
L00074,C00122,skip,8,2026-06-27
L00825,C00311,like,17,2026-05-04
L00027,C00170,enroll,182,2026-07-06
L00355,C00358,skip,29,2026-03-20
L00724,C00370,like,120,2025-12-04
L00250,C00078,add_to_wishlist,187,2025-09-26
L00568,C00367,enroll,172,2026-08-28
L00347,C00117,add_to_wishlist,30,2025-10-25
L00107,C00109,complete,222,2026-09-01
L00407,C00051,skip,143,2026-06-21
L00624,C00264,enroll,206,2026-06-12
L00551,C00222,complete,226,2025-11-17
L00377,C00283,add_to_wishlist,23,2025-09-17
L00142,C00023,enroll,189,2026-05-04
L00610,C00489,add_to_wishlist,27,2026-04-15
L00684,C00176,like,131,2026-01-31
L00587,C00334,add_to_wishlist,42,2026-02-24
L00004,C00095,complete,88,2026-02-17
L00953,C00263,add_to_wishlist,217,2026-03-23
L00751,C00072,enroll,147,2026-04-02
L00268,C00091,enroll,67,2025-10-27
L00480,C00322,complete,110,2026-04-24
L00098,C00222,add_to_wishlist,149,2026-06-08
L00669,C00283,complete,97,2025-12-15
L00201,C00113,complete,13,2026-02-12
L00317,C00047,skip,21,2025-10-27
L00602,C00055,add_to_wishlist,210,2026-05-30
L00824,C00147,add_to_wishlist,204,2025-09-30
L00288,C00015,add_to_wishlist,100,2025-09-24
L00304,C00324,enroll,133,2026-03-06
L00253,C00030,complete,158,2026-04-25
L00315,C00255,complete,200,2026-03-28
L00281,C00069,add_to_wishlist,144,2026-03-26
L00170,C00376,enroll,236,2025-12-15
L00736,C00282,enroll,202,2026-07-28
L00491,C00045,skip,214,2026-09-02
L00455,C00228,complete,10,2026-08-01
L00477,C00465,add_to_wishlist,106,2025-11-09
L00874,C00425,add_to_wishlist,114,2026-08-04
L00196,C00260,enroll,146,2026-07-01
L00621,C00349,complete,110,2025-09-10
L00916,C00100,complete,193,2026-08-08
L00992,C00425,enroll,64,2025-09-07
L00406,C00499,add_to_wishlist,12,2025-11-21
L00339,C00383,add_to_wishlist,23,2025-09-26
L00828,C00307,like,231,2026-06-14
L00209,C00498,skip,95,2026-03-25
L00270,C00219,complete,80,2026-07-08
L00341,C00423,complete,19,2026-07-05
L00590,C00017,complete,33,2026-02-23
L00067,C00311,skip,95,2026-07-14
L00273,C00001,skip,0,2026-02-14
L00936,C00128,enroll,130,2025-12-02
L00080,C00200,enroll,32,2026-01-29
L00693,C00168,add_to_wishlist,215,2025-11-20
L00023,C00388,skip,23,2025-11-06
L00883,C00404,complete,231,2026-07-16
L00078,C00013,like,128,2026-05-17
L00779,C00095,skip,1,2025-10-08
L00336,C00067,skip,6,2025-10-22
L00293,C00192,skip,38,2025-12-19
L00472,C00308,skip,162,2025-11-07
L00255,C00230,enroll,116,2026-02-18
L00056,C00438,complete,192,2025-12-31
L00627,C00272,like,185,2025-11-04
L00048,C00274,enroll,224,2025-11-05
L00763,C00416,enroll,148,2026-02-06
L00011,C00376,skip,176,2025-12-17
L00612,C00309,add_to_wishlist,121,2025-12-27
L00580,C00024,enroll,48,2026-02-15
L00308,C00135,like,107,2025-09-27
L00589,C00080,complete,72,2026-06-04
L00632,C00304,complete,17,2025-10-28
L00369,C00256,add_to_wishlist,25,2026-01-04
L00881,C00334,complete,106,2026-02-18
L00316,C00492,enroll,140,2026-01-13
L00052,C00199,like,21,2026-06-29
L00913,C00181,add_to_wishlist,86,2026-02-06
L00911,C00306,like,92,2026-08-27
L00013,C00486,skip,146,2025-11-12
L00646,C00121,complete,96,2026-08-21
L00199,C00392,like,240,2026-04-21
L00487,C00270,complete,93,2026-07-28
L00075,C00002,complete,40,2026-04-02
L00111,C00230,complete,170,2025-10-27
L00807,C00465,enroll,240,2026-05-19
L00500,C00366,enroll,37,2026-03-08
L00239,C00152,enroll,239,2026-04-23
L00231,C00116,like,191,2026-04-08
L00360,C00026,complete,148,2026-02-02
L00904,C00279,skip,3,2026-03-04
L00799,C00056,enroll,204,2026-08-29
L00889,C00356,complete,120,2026-04-05
L00673,C00323,complete,166,2025-10-16
L00983,C00296,skip,52,2025-10-08
L00702,C00472,skip,175,2026-03-02
L00606,C00261,like,224,2025-11-19
L00265,C00012,complete,168,2026-04-06
L00146,C00001,enroll,107,2026-05-10
L00493,C00013,enroll,99,2025-11-14
L00909,C00481,like,209,2026-07-01
L00402,C00148,like,104,2026-04-03
L00255,C00058,skip,53,2026-08-31
L00474,C00048,like,40,2026-05-04
L00703,C00124,like,101,2026-08-12
L00321,C00322,like,90,2026-08-27
L00794,C00038,enroll,22,2026-07-14
L00778,C00334,complete,66,2026-01-06
L00390,C00052,complete,214,2025-11-12
L00188,C00249,like,12,2026-04-01
L00236,C00129,skip,240,2025-12-19
L00024,C00233,add_to_wishlist,121,2026-09-04
L00958,C00442,complete,122,2025-09-23
L00706,C00126,like,211,2025-09-22
L00029,C00029,enroll,36,2026-05-28
L00123,C00342,skip,170,2025-12-15
L00528,C00152,skip,131,2026-06-04
L00352,C00045,enroll,54,2026-08-21
L00021,C00060,enroll,26,2026-08-03
L00740,C00306,complete,44,2026-07-20
L00438,C00128,enroll,14,2026-08-24
L00695,C00481,enroll,44,2025-11-24
L00504,C00469,like,233,2026-08-24
L00212,C00060,skip,145,2025-10-28
L00080,C00282,add_to_wishlist,64,2026-02-28
L00129,C00015,skip,209,2026-07-27
L00825,C00404,like,177,2026-08-16
L00759,C00076,add_to_wishlist,40,2026-07-30
L00303,C00333,enroll,155,2026-03-09
L00754,C00176,enroll,215,2026-08-17
L00743,C00366,add_to_wishlist,196,2026-05-21
L00098,C00381,skip,33,2026-07-25
L00438,C00243,like,209,2025-12-14
L00001,C00332,skip,145,2025-12-26
L00984,C00195,add_to_wishlist,221,2026-07-21
L00725,C00178,complete,34,2026-05-18
L00007,C00103,complete,74,2026-07-25
L00472,C00210,skip,52,2026-02-03
L00970,C00116,like,33,2025-10-03
L00013,C00309,like,172,2025-10-24
L00900,C00449,enroll,153,2026-07-19
L00366,C00147,complete,86,2025-12-28
L00228,C00199,complete,177,2025-10-01
L00322,C00361,skip,221,2025-11-08
L00208,C00426,add_to_wishlist,182,2026-02-12
L00213,C00359,enroll,151,2026-06-04
L00226,C00073,complete,54,2025-09-13
L00245,C00356,complete,131,2025-09-30
L00159,C00471,add_to_wishlist,154,2025-11-15
L00774,C00006,like,73,2026-03-14
L00946,C00500,complete,196,2025-12-05
L00059,C00343,skip,142,2025-10-07
L00729,C00263,add_to_wishlist,92,2026-07-18
L00275,C00118,skip,215,2026-08-26
L00699,C00139,enroll,132,2026-04-22
L00947,C00013,add_to_wishlist,160,2026-08-08
L00424,C00485,like,202,2026-01-11
L00019,C00114,enroll,201,2026-02-16
L00200,C00488,add_to_wishlist,162,2026-07-31
L00807,C00220,skip,139,2026-06-11
L00269,C00056,complete,16,2025-11-06
L00259,C00392,complete,184,2026-02-17
L00424,C00159,skip,228,2026-01-07
L00043,C00272,like,124,2026-07-26
L00977,C00443,complete,140,2026-07-06
L00597,C00115,add_to_wishlist,204,2026-05-22
L00389,C00403,complete,60,2025-09-06
L00901,C00282,enroll,159,2025-10-03
L00119,C00024,skip,224,2026-04-04
L00113,C00287,skip,149,2025-11-01
L00808,C00191,add_to_wishlist,231,2026-08-03
L00294,C00282,add_to_wishlist,119,2026-05-29
L00172,C00095,add_to_wishlist,208,2025-10-21
L00493,C00390,enroll,230,2026-07-15
L00105,C00064,like,217,2026-04-22
L00998,C00018,enroll,109,2026-01-23
L00330,C00202,add_to_wishlist,132,2025-12-20
L00172,C00427,skip,85,2025-11-27
L00028,C00185,enroll,134,2025-10-04
L00986,C00087,skip,28,2025-11-06
L00687,C00109,like,229,2026-01-21
L00578,C00500,skip,66,2026-03-11
L00698,C00358,like,169,2026-05-02
L00014,C00029,enroll,191,2026-03-14
L00677,C00230,enroll,216,2025-12-16
L00501,C00052,add_to_wishlist,66,2026-01-21
L00186,C00386,add_to_wishlist,118,2026-08-10
L00412,C00060,add_to_wishlist,107,2025-12-19
L00015,C00368,add_to_wishlist,190,2026-03-21
L00985,C00295,skip,173,2025-11-19
L00208,C00020,add_to_wishlist,165,2025-12-10
L00843,C00343,like,13,2026-08-20
L00337,C00368,add_to_wishlist,18,2026-07-08
L00456,C00010,add_to_wishlist,4,2026-07-31
L00868,C00038,like,85,2025-12-05
L00282,C00254,enroll,107,2026-07-06
L00433,C00081,add_to_wishlist,193,2025-12-29
L00743,C00061,add_to_wishlist,186,2025-11-24
L00632,C00047,add_to_wishlist,187,2026-05-26
L00664,C00414,complete,203,2026-02-27
L00121,C00262,complete,212,2026-04-23
L00886,C00481,enroll,3,2026-07-05
L00486,C00104,enroll,45,2025-09-20
L00396,C00227,like,10,2026-04-02
L00297,C00064,complete,59,2026-07-11
L00387,C00050,enroll,186,2025-12-27
L00877,C00468,complete,232,2026-08-15
L00279,C00078,like,228,2026-02-13
L00802,C00073,like,80,2026-06-04
L00561,C00031,enroll,175,2026-07-26
L00128,C00076,complete,210,2025-09-23
L00280,C00245,complete,78,2025-11-11
L00605,C00028,like,84,2025-11-17
L00885,C00469,complete,44,2025-10-25
L00745,C00307,add_to_wishlist,205,2026-04-26
L00036,C00180,enroll,4,2026-08-10
L00811,C00292,like,82,2026-06-21
L00580,C00415,enroll,21,2026-04-07
L00134,C00219,skip,40,2026-05-02
L00673,C00393,add_to_wishlist,16,2025-09-18
L00456,C00025,like,136,2026-02-10
L00005,C00091,enroll,18,2025-12-06
L00312,C00219,complete,209,2025-12-01
L00270,C00094,add_to_wishlist,235,2025-09-24
L00886,C00050,complete,230,2025-11-17
L00289,C00285,enroll,56,2026-05-02
L00313,C00432,complete,179,2025-11-12
L00113,C00277,skip,187,2026-06-11
L00289,C00105,add_to_wishlist,110,2026-06-06
L00592,C00438,enroll,135,2025-12-22
L00532,C00088,complete,87,2026-02-04
L00884,C00471,like,51,2026-04-23
L00374,C00172,complete,228,2025-10-01
L00878,C00155,complete,89,2026-08-05
L00734,C00302,complete,203,2025-12-28
L00832,C00172,add_to_wishlist,200,2026-05-07
L00350,C00333,enroll,192,2025-09-23
L00141,C00394,add_to_wishlist,24,2026-04-06
L00158,C00426,like,239,2025-11-12
L00555,C00485,skip,92,2025-09-24
L00885,C00314,enroll,89,2025-09-28
L00538,C00303,complete,203,2026-01-29
L00133,C00479,add_to_wishlist,101,2026-07-12
L00074,C00434,skip,20,2025-10-16
L00002,C00360,add_to_wishlist,69,2026-06-03
L00795,C00104,enroll,227,2026-03-29
L00670,C00350,enroll,2,2025-11-22
L00739,C00342,complete,86,2026-01-17
L00071,C00068,add_to_wishlist,9,2026-04-26
L00244,C00343,skip,194,2026-06-12
L00589,C00184,complete,168,2026-02-18
L00655,C00106,skip,88,2026-01-23
L00283,C00316,complete,224,2026-08-13
L00997,C00343,add_to_wishlist,36,2026-01-10
L00109,C00266,skip,35,2026-08-24
L00124,C00057,like,201,2025-12-30
L00109,C00295,like,174,2025-12-28
L00694,C00320,add_to_wishlist,158,2026-06-19
L00677,C00220,enroll,231,2026-04-03
L00632,C00292,like,194,2026-05-28
L00287,C00381,skip,175,2025-09-13
L00596,C00452,like,149,2025-09-08
L00854,C00131,skip,2,2026-07-10
L00140,C00076,enroll,221,2026-02-28
L00856,C00334,enroll,234,2025-11-30
L00843,C00436,enroll,91,2025-10-02
L00731,C00136,enroll,24,2026-01-09
L00554,C00215,enroll,51,2026-07-07
L00717,C00051,skip,74,2026-03-30
L00276,C00457,add_to_wishlist,164,2026-01-29
L00235,C00306,enroll,123,2026-05-04
L00466,C00285,like,154,2026-01-26
L00025,C00262,like,168,2026-02-22
L00263,C00123,complete,29,2025-12-13
L00850,C00191,skip,97,2026-04-07
L00393,C00438,add_to_wishlist,125,2026-05-28
L00835,C00181,complete,214,2026-02-02
L00256,C00482,enroll,101,2026-04-12
L00736,C00093,add_to_wishlist,189,2026-02-16
L00339,C00333,like,45,2026-07-25
L00341,C00035,like,132,2026-08-10
L00248,C00201,skip,221,2026-03-10
L00994,C00426,complete,163,2026-08-15
L00085,C00430,like,50,2026-01-16
L00355,C00320,like,172,2025-11-13
L00854,C00282,add_to_wishlist,185,2025-11-03
L00037,C00237,add_to_wishlist,19,2026-07-04
L00944,C00066,enroll,139,2026-04-21
L00538,C00213,add_to_wishlist,74,2026-02-25
L00443,C00222,skip,42,2026-03-19
L00776,C00120,complete,16,2026-02-21
L00679,C00160,complete,230,2025-10-10
L00077,C00476,like,236,2026-09-04
L00814,C00126,skip,150,2025-10-04
L00539,C00498,complete,220,2026-02-18
L00670,C00497,enroll,193,2026-07-19
L00167,C00207,skip,86,2025-09-27
L00331,C00484,enroll,0,2025-12-05
L00487,C00090,add_to_wishlist,133,2026-04-09
L00313,C00425,add_to_wishlist,9,2025-12-01
L00487,C00260,complete,100,2026-04-14
L00201,C00405,enroll,79,2025-10-28
L00769,C00426,skip,4,2025-09-13
L00443,C00423,complete,222,2026-01-23
L00929,C00469,add_to_wishlist,141,2026-05-16
L00394,C00200,enroll,189,2026-07-21
L00672,C00177,enroll,2,2026-05-17
L00974,C00331,enroll,200,2026-02-13
L00975,C00143,like,104,2026-04-01
L00346,C00183,add_to_wishlist,38,2026-04-04
L00866,C00278,enroll,145,2025-12-24
L00753,C00054,skip,174,2025-09-04
L00766,C00408,skip,183,2025-11-25
L00685,C00204,enroll,72,2025-09-13
L00525,C00440,skip,22,2025-11-17
L00828,C00295,enroll,212,2026-08-17
L00774,C00026,like,175,2026-05-11
L00834,C00182,enroll,209,2026-02-13
L00245,C00097,complete,181,2025-11-04
L00326,C00338,add_to_wishlist,214,2025-11-01
L00100,C00052,complete,183,2025-11-20
L00398,C00063,like,177,2026-05-29
L00362,C00280,like,239,2026-03-04
L00954,C00112,like,39,2026-06-19
L00312,C00417,add_to_wishlist,145,2026-01-11
L00529,C00297,complete,99,2026-08-02
L00403,C00163,enroll,107,2026-03-12
L00501,C00169,enroll,134,2026-05-31
L00153,C00061,add_to_wishlist,111,2025-11-27
L00913,C00035,enroll,92,2025-12-25
L00431,C00352,complete,105,2026-08-21
L00008,C00328,complete,99,2026-03-09
L00190,C00203,add_to_wishlist,123,2026-02-21
L00753,C00254,like,120,2025-12-14
L00687,C00143,skip,103,2026-07-20
L00254,C00208,enroll,140,2026-02-01
L00904,C00018,like,61,2026-02-11
L00623,C00153,enroll,161,2026-06-27
L00350,C00276,add_to_wishlist,99,2025-10-18
L00574,C00337,complete,55,2026-08-14
L00729,C00243,enroll,60,2026-07-07
L00249,C00057,skip,197,2025-12-31
L00299,C00146,like,85,2026-04-29
L00137,C00161,add_to_wishlist,182,2026-08-19
L00652,C00016,complete,21,2025-10-27
L00998,C00115,skip,0,2025-09-08
L00995,C00236,skip,147,2026-06-12
L00320,C00043,enroll,172,2026-05-21
L00983,C00336,skip,203,2026-06-09
L00259,C00179,complete,123,2026-06-12
L00116,C00363,like,216,2026-08-05
L00720,C00425,like,95,2026-01-07
L00996,C00362,complete,108,2026-07-31
L00661,C00423,add_to_wishlist,121,2025-10-19
L00856,C00064,enroll,211,2026-05-29
L00224,C00307,like,87,2026-08-02
L00279,C00030,skip,186,2025-12-29
L00037,C00266,like,141,2026-05-04
L00810,C00069,like,83,2026-07-09
L00272,C00351,like,97,2025-12-03
L00876,C00099,enroll,146,2026-03-13
L00604,C00386,skip,214,2025-10-29
L00912,C00124,enroll,201,2026-03-03
L00461,C00197,skip,9,2026-05-24
L00950,C00121,like,95,2026-07-16
L00551,C00219,add_to_wishlist,211,2026-04-26
L00902,C00238,like,179,2026-04-30
L00684,C00267,enroll,116,2025-09-30
L00453,C00164,complete,126,2026-08-13
L00262,C00386,enroll,201,2026-03-25
L00085,C00267,enroll,208,2026-03-30
L00646,C00217,complete,233,2026-05-12
L00883,C00044,enroll,180,2026-01-23
L00934,C00184,enroll,101,2026-01-22
L00252,C00090,skip,24,2026-03-06
L00856,C00347,complete,42,2025-10-28
L00881,C00449,skip,110,2025-12-07
L00468,C00412,enroll,102,2025-10-29
L00479,C00390,complete,123,2025-10-08
L00487,C00267,add_to_wishlist,55,2026-04-08
L00906,C00022,add_to_wishlist,205,2026-06-02
L00270,C00269,skip,148,2025-12-18
L00340,C00021,complete,59,2026-02-07
L00266,C00076,complete,134,2026-07-30
L00754,C00144,like,190,2026-06-20
L00959,C00489,like,136,2025-12-25
L00752,C00023,complete,95,2025-11-03
L00410,C00018,enroll,100,2025-10-15
L00129,C00392,like,65,2026-05-05
L00573,C00484,add_to_wishlist,165,2025-10-28
L00221,C00398,complete,201,2025-11-20
L00025,C00038,enroll,224,2026-02-13
L00961,C00248,add_to_wishlist,61,2026-05-04
L00171,C00148,add_to_wishlist,91,2026-04-17
L00836,C00309,add_to_wishlist,92,2025-11-29
L00410,C00171,complete,125,2026-03-03
L00424,C00232,add_to_wishlist,220,2026-04-16
L00679,C00055,add_to_wishlist,66,2026-08-11
L00238,C00471,add_to_wishlist,60,2025-12-20
L00381,C00004,enroll,164,2026-05-09
L00547,C00198,skip,227,2025-11-29
L00092,C00109,add_to_wishlist,126,2025-11-13
L00678,C00353,like,44,2026-05-18
L00501,C00458,add_to_wishlist,130,2025-12-28
L00772,C00145,complete,181,2026-01-04
L00147,C00089,add_to_wishlist,59,2026-03-23
L00361,C00375,skip,50,2026-01-29
L00149,C00353,like,130,2025-10-14
L00258,C00312,like,14,2026-04-03
L00004,C00166,complete,226,2026-09-02
L00840,C00043,add_to_wishlist,203,2026-01-31
L00133,C00159,enroll,82,2026-08-09
L00052,C00445,add_to_wishlist,149,2026-04-20
L00770,C00228,enroll,222,2025-12-18
L00716,C00420,add_to_wishlist,93,2025-11-10
L00699,C00087,complete,109,2025-10-06
L00543,C00462,like,57,2026-07-27
L00550,C00427,complete,184,2025-09-06
L00785,C00171,enroll,219,2025-12-15
L00449,C00403,like,17,2026-03-24
L00384,C00327,enroll,37,2026-03-09
L00535,C00168,skip,189,2026-01-22
L00562,C00382,enroll,209,2026-06-25
L00321,C00284,add_to_wishlist,22,2025-10-23
L00907,C00380,complete,17,2026-05-15
L00244,C00438,skip,49,2026-08-27
L00926,C00046,like,133,2025-09-07
L00694,C00111,add_to_wishlist,208,2026-04-29
L00394,C00237,enroll,179,2026-05-29
L00369,C00142,complete,146,2025-12-24
L00345,C00243,complete,80,2026-06-22
L00771,C00028,complete,21,2026-04-06
L00465,C00315,complete,224,2025-11-18
L00845,C00143,complete,17,2026-06-02
L00883,C00342,skip,96,2026-08-10
L00975,C00035,add_to_wishlist,160,2026-06-08
L00326,C00354,add_to_wishlist,185,2026-03-17
L00039,C00141,skip,118,2026-05-29
L00443,C00398,enroll,185,2026-01-18
L00020,C00370,add_to_wishlist,233,2026-03-28
L00951,C00274,enroll,230,2026-01-29
L00411,C00417,enroll,31,2026-02-09
L00317,C00386,skip,64,2026-01-24
L00517,C00123,complete,215,2025-12-09
L00622,C00426,like,14,2025-11-12
L00909,C00059,skip,176,2025-12-12
L00973,C00226,skip,150,2025-09-05
L00941,C00190,skip,236,2026-06-27
L00371,C00465,skip,141,2026-01-31
L00975,C00290,add_to_wishlist,197,2026-01-02
L00519,C00417,enroll,136,2026-02-05
L00203,C00497,enroll,42,2026-05-11
L00987,C00082,enroll,197,2026-05-31
L00903,C00447,like,227,2025-12-09
L00435,C00283,add_to_wishlist,74,2026-06-13
L00756,C00424,enroll,58,2026-01-31
L00372,C00061,like,8,2025-11-11
L00847,C00147,add_to_wishlist,15,2026-01-12
L00665,C00286,complete,212,2025-10-09
L00610,C00048,like,181,2026-01-07
L00374,C00282,skip,238,2025-11-05
L00916,C00087,like,179,2025-09-07
L00747,C00202,complete,115,2026-05-12
L00208,C00366,like,208,2026-05-11
L00573,C00404,enroll,88,2026-07-22
L00817,C00406,like,209,2026-05-23
L00946,C00171,complete,145,2025-11-12
L00021,C00089,like,228,2026-04-28
L00662,C00294,add_to_wishlist,64,2026-01-17
L00731,C00468,like,192,2026-03-03
L00621,C00238,skip,33,2026-03-29
L00510,C00165,skip,169,2026-02-14
L00436,C00195,add_to_wishlist,86,2026-09-02
L00453,C00331,like,107,2026-01-04
L00769,C00182,skip,182,2026-05-31
L00032,C00123,add_to_wishlist,77,2026-07-03
L00078,C00027,enroll,88,2026-07-28
L00091,C00152,enroll,22,2026-03-23
L00398,C00020,like,191,2025-10-01
L00749,C00349,like,112,2025-12-14
L00980,C00468,complete,201,2026-03-11
L00014,C00162,skip,87,2026-08-06
L00736,C00349,like,96,2025-12-24
L00624,C00293,skip,134,2026-07-23
L00936,C00073,skip,73,2026-07-11
L00133,C00028,skip,169,2026-02-21
L00121,C00346,complete,84,2026-08-01
L00959,C00269,add_to_wishlist,23,2026-03-16
L00377,C00444,enroll,80,2025-10-17
L00599,C00114,enroll,2,2026-05-28
L00811,C00068,enroll,202,2026-03-10
L00038,C00086,enroll,28,2026-06-20
L00070,C00472,add_to_wishlist,164,2026-07-04
L00792,C00055,enroll,80,2026-07-29
L00867,C00095,add_to_wishlist,234,2026-04-09
L00650,C00325,skip,111,2025-12-24
L00688,C00393,enroll,73,2025-12-18
L00395,C00395,like,19,2026-03-11
L00742,C00163,enroll,68,2025-12-25
L00902,C00372,skip,112,2026-06-21
L00520,C00490,enroll,13,2025-09-27
L00184,C00041,enroll,210,2026-05-07
L00485,C00205,add_to_wishlist,120,2025-11-17
L00790,C00382,complete,220,2026-04-30
L00307,C00074,add_to_wishlist,127,2026-01-12
L00548,C00150,skip,78,2026-08-20
L00457,C00080,complete,92,2026-01-10
L00495,C00339,skip,29,2026-08-18
L00504,C00055,skip,202,2026-05-23
L00535,C00290,complete,182,2026-02-23
L00823,C00242,complete,2,2026-02-12
L00644,C00483,enroll,55,2026-08-03
L00203,C00336,add_to_wishlist,20,2025-09-16
L00857,C00368,complete,218,2026-03-29
L00280,C00274,like,112,2025-11-29
L00492,C00136,skip,154,2025-12-09
L00999,C00121,enroll,120,2026-01-28
L00590,C00048,add_to_wishlist,56,2026-03-17
L00414,C00460,like,222,2026-08-15
L00715,C00282,skip,19,2026-05-25
L00487,C00449,enroll,41,2026-08-25
L00109,C00476,complete,108,2026-05-02
L00342,C00450,add_to_wishlist,229,2026-08-29
L00036,C00220,add_to_wishlist,180,2026-07-18
L00637,C00428,like,101,2026-03-25
L00001,C00412,complete,210,2025-09-13
L00423,C00359,add_to_wishlist,34,2026-03-16
L00655,C00084,add_to_wishlist,71,2026-01-17
L00597,C00327,complete,19,2025-09-07
L00109,C00268,add_to_wishlist,68,2025-12-12
L00506,C00068,enroll,31,2025-11-30
L00392,C00256,skip,127,2026-08-27
L00505,C00458,add_to_wishlist,235,2026-04-23
L00760,C00279,like,69,2026-03-01
L00603,C00063,skip,223,2025-10-09
L00650,C00107,like,95,2026-04-15
L00343,C00452,skip,157,2026-06-06
L00819,C00455,enroll,77,2025-10-14
L00744,C00468,skip,79,2025-09-09
L00684,C00052,add_to_wishlist,55,2026-02-06
L00944,C00169,enroll,132,2025-12-10
L00732,C00206,complete,145,2026-07-03
L00781,C00388,like,8,2025-11-06
L00292,C00314,enroll,153,2025-09-23
L00043,C00104,complete,179,2025-11-12
L00159,C00475,skip,85,2025-09-11
L00355,C00247,complete,96,2026-01-18
L00259,C00008,skip,177,2026-08-04
L00909,C00383,add_to_wishlist,153,2025-10-03
L00384,C00419,skip,238,2026-05-20
L00880,C00071,skip,67,2026-07-19
L00789,C00344,complete,160,2026-06-02
L00117,C00092,complete,231,2025-11-01
L00543,C00492,enroll,74,2025-09-07
L00474,C00372,skip,89,2026-07-11
L00044,C00148,enroll,35,2025-11-17
L00719,C00323,complete,174,2026-04-16
L00470,C00187,skip,151,2025-09-22
L00864,C00003,complete,136,2025-10-23
L00293,C00266,complete,10,2026-03-11
L00147,C00477,add_to_wishlist,194,2026-03-13
L00841,C00202,skip,210,2026-01-08
L00052,C00135,skip,164,2026-05-12
L00017,C00091,skip,66,2026-07-09
L00938,C00182,like,36,2026-08-25
L00293,C00101,like,93,2026-06-17
L00434,C00444,complete,209,2025-11-11
L00626,C00470,complete,45,2026-04-18
L00606,C00152,skip,70,2026-05-15
L00417,C00359,complete,140,2025-10-30
L00513,C00325,add_to_wishlist,207,2025-11-30
L00314,C00405,add_to_wishlist,82,2025-12-09
L00077,C00037,add_to_wishlist,201,2026-05-27
L00317,C00350,like,184,2026-04-30
L00992,C00367,add_to_wishlist,126,2025-10-08
L00347,C00489,complete,157,2026-08-22
L00021,C00160,complete,67,2026-03-23
L00714,C00273,add_to_wishlist,202,2026-04-14
L00317,C00284,enroll,215,2026-03-01
L00094,C00116,like,223,2025-09-23
L00692,C00415,enroll,12,2026-03-06
L00219,C00286,enroll,150,2026-06-23
L00813,C00202,complete,69,2025-09-21
L00932,C00258,add_to_wishlist,233,2026-01-09
L00360,C00295,complete,214,2025-10-28
L00711,C00350,add_to_wishlist,111,2026-04-22
L00637,C00141,skip,216,2026-03-09
L00507,C00159,skip,239,2026-07-01
L00514,C00229,add_to_wishlist,235,2026-02-27
L00509,C00126,complete,112,2026-02-20
L00587,C00489,enroll,119,2026-01-30
L00020,C00442,skip,66,2026-05-15
L00856,C00332,complete,239,2025-09-13
L00822,C00448,complete,85,2026-08-03
L00948,C00015,like,103,2025-09-04
L00177,C00063,skip,115,2025-10-08
L00119,C00355,enroll,150,2026-01-23
L00790,C00292,add_to_wishlist,151,2025-11-09
L00784,C00021,enroll,37,2026-02-02
L00444,C00138,enroll,84,2026-08-28
L00633,C00433,like,216,2026-06-29
L00333,C00372,enroll,71,2026-08-28
L00992,C00332,enroll,0,2026-05-05
L00409,C00365,like,100,2026-04-17
L00427,C00390,like,131,2026-04-23
L00257,C00047,add_to_wishlist,14,2026-03-18
L00078,C00127,like,138,2025-10-24
L00036,C00289,skip,123,2026-02-10
L00438,C00308,like,34,2026-03-27
L00993,C00104,like,135,2025-11-29
L00274,C00254,add_to_wishlist,207,2026-05-21
L00156,C00145,skip,122,2026-07-04
L00329,C00322,like,118,2026-06-30
L00769,C00327,complete,123,2026-08-14
L00126,C00364,like,117,2026-05-12
L00385,C00281,enroll,59,2026-08-22
L00786,C00280,enroll,211,2026-08-26
L00973,C00456,complete,205,2026-04-10
L00440,C00154,add_to_wishlist,39,2026-06-21
L00404,C00083,like,119,2026-07-23
L00319,C00100,complete,74,2026-02-12
L00385,C00436,skip,138,2026-05-13
L00252,C00210,skip,226,2026-07-22
L00003,C00262,add_to_wishlist,115,2026-03-30
L00423,C00072,skip,96,2026-07-16
L00367,C00096,add_to_wishlist,127,2025-09-26
L00720,C00166,like,84,2025-12-28
L00575,C00474,complete,224,2026-02-28
L00329,C00293,complete,203,2026-08-02
L00038,C00416,add_to_wishlist,216,2025-12-10
L00508,C00417,skip,163,2026-05-08
L00219,C00175,add_to_wishlist,133,2026-06-30
L00742,C00303,enroll,127,2025-09-15
L00658,C00112,add_to_wishlist,19,2026-07-26
L00536,C00014,complete,13,2026-03-22
L00870,C00020,enroll,138,2026-05-16
L00135,C00332,enroll,55,2026-01-18
L00999,C00083,enroll,234,2026-04-04
L00067,C00056,add_to_wishlist,216,2026-05-06
L00723,C00094,add_to_wishlist,150,2026-04-21
L00326,C00195,complete,167,2026-07-02
L00663,C00340,complete,83,2026-06-01
L00883,C00055,enroll,150,2025-11-15
L00419,C00448,add_to_wishlist,39,2026-04-27
L00206,C00218,like,38,2026-08-31
L00408,C00429,skip,16,2026-06-10
L00186,C00268,enroll,177,2025-12-08
L00108,C00305,enroll,48,2025-10-01
L00794,C00468,like,42,2026-07-11
L00567,C00276,skip,110,2026-03-31
L00580,C00355,complete,186,2026-01-09
L00702,C00363,enroll,10,2025-12-27
L00198,C00050,like,48,2026-01-23
L00641,C00488,skip,130,2026-06-10
L00770,C00006,add_to_wishlist,21,2026-02-28
L00129,C00296,complete,37,2026-05-02
L00870,C00023,complete,79,2026-05-08
L00105,C00184,enroll,202,2025-11-02
L00427,C00045,skip,37,2026-06-26
L00162,C00432,enroll,31,2026-07-02
L00344,C00027,enroll,117,2026-01-01
L00265,C00400,complete,192,2026-05-24
L00268,C00256,add_to_wishlist,156,2026-04-21
L00664,C00069,like,162,2026-07-04
L00997,C00341,enroll,166,2026-02-07
L00943,C00333,add_to_wishlist,233,2025-12-02
L00863,C00297,like,16,2025-09-29
L00918,C00173,skip,72,2026-01-23
L00949,C00164,enroll,46,2025-09-07
L00981,C00182,add_to_wishlist,6,2025-12-11
L00891,C00478,skip,177,2026-05-20
L00804,C00235,like,106,2026-05-27
L00545,C00018,add_to_wishlist,77,2026-04-16
L00008,C00130,complete,30,2026-05-20
L00650,C00058,skip,57,2026-08-27
L00063,C00421,add_to_wishlist,34,2026-05-20
L00639,C00325,skip,20,2026-04-10
L00449,C00381,like,159,2026-06-05
L00901,C00184,complete,206,2026-02-24
L00813,C00098,skip,131,2025-09-19
L00251,C00139,like,42,2025-09-12
L00885,C00324,enroll,60,2026-08-19
L00661,C00287,complete,94,2026-06-27
L00587,C00009,complete,157,2026-07-02
L00962,C00415,complete,22,2026-02-17
L00029,C00449,enroll,210,2026-07-04
L00472,C00404,like,57,2026-02-13
L00264,C00048,skip,6,2026-05-19
L00183,C00251,add_to_wishlist,206,2026-02-27
L00399,C00046,enroll,114,2026-07-14
L00916,C00484,add_to_wishlist,50,2025-10-20
L00905,C00158,add_to_wishlist,157,2026-06-07
L00460,C00111,add_to_wishlist,168,2025-09-29
L00841,C00134,complete,138,2025-11-14
L00288,C00497,skip,204,2026-05-04
L00286,C00420,complete,163,2025-10-30
L00281,C00296,complete,141,2026-07-05
L00919,C00261,complete,236,2026-03-20
L00735,C00423,enroll,56,2026-04-25
L00097,C00150,complete,109,2025-11-18
L00074,C00454,enroll,99,2025-11-15
L00939,C00064,add_to_wishlist,171,2026-01-21
L00583,C00470,enroll,110,2026-04-16
L00629,C00026,skip,216,2025-11-01
L00276,C00400,complete,52,2026-05-27
L00192,C00428,like,182,2026-08-31
L00107,C00143,complete,209,2025-12-23
L00283,C00133,enroll,50,2026-02-18
L00555,C00093,skip,106,2026-04-15
L00830,C00136,enroll,240,2025-10-04
L00040,C00220,skip,123,2026-03-28
L00994,C00388,add_to_wishlist,27,2026-01-13
L00123,C00061,enroll,130,2026-06-08
L00425,C00190,like,192,2025-11-04
L00593,C00197,complete,117,2026-08-26
L00633,C00146,skip,116,2026-01-01
L00329,C00289,add_to_wishlist,5,2026-05-26
L00308,C00418,like,209,2025-09-22
L00301,C00289,add_to_wishlist,7,2026-05-02
L00256,C00267,like,114,2026-07-08
L00653,C00172,like,33,2025-09-17
L00250,C00305,skip,189,2025-11-02
L00482,C00184,complete,220,2026-05-29
L00816,C00466,skip,66,2026-04-10
L00028,C00053,add_to_wishlist,132,2025-09-25
L00323,C00190,like,147,2026-07-25
L00182,C00307,enroll,164,2025-10-20
L00070,C00153,like,113,2026-06-24
L01000,C00458,like,163,2026-03-10
L00870,C00339,complete,77,2026-01-21
L00653,C00498,skip,167,2026-08-08
L00194,C00332,add_to_wishlist,128,2025-12-04
L00726,C00301,complete,141,2026-04-30
L00463,C00254,add_to_wishlist,228,2025-09-21
L00062,C00472,skip,72,2026-03-24
L00641,C00061,like,138,2026-05-02
L00767,C00496,enroll,49,2026-04-24
L00253,C00447,complete,128,2026-04-28
L00249,C00186,skip,113,2025-09-12
L00017,C00162,skip,200,2025-12-25
L00503,C00407,enroll,9,2025-12-27
L00631,C00285,skip,223,2026-08-05
L00409,C00307,complete,75,2025-09-13
L00321,C00021,complete,203,2026-08-15
L00329,C00039,enroll,203,2025-12-23
L00137,C00434,like,39,2025-09-30
L00988,C00328,complete,161,2025-09-21
L00783,C00263,complete,123,2025-10-01
L00845,C00100,skip,17,2025-12-07
L00646,C00031,like,110,2025-12-01
L00744,C00454,skip,128,2026-07-24
L00321,C00261,skip,55,2026-08-27
L00345,C00068,complete,116,2026-03-02
L00001,C00191,add_to_wishlist,156,2026-03-19
L00157,C00230,skip,97,2026-03-11
L00801,C00434,complete,22,2026-01-28
L00104,C00206,skip,218,2025-09-12
L00875,C00223,enroll,210,2026-01-20
L00847,C00382,enroll,48,2026-02-06
L00620,C00373,complete,126,2026-08-04
L00725,C00183,complete,202,2026-01-09
L00786,C00337,like,124,2025-11-23
L00703,C00075,skip,199,2026-02-17
L00710,C00234,add_to_wishlist,219,2026-01-04
L00701,C00273,complete,225,2026-04-26
L01000,C00290,like,45,2025-12-26
L00417,C00021,skip,139,2026-06-23
L00958,C00369,complete,32,2026-04-15
L00042,C00070,enroll,99,2026-04-18
L00732,C00308,add_to_wishlist,182,2026-06-17
L00913,C00131,complete,91,2026-06-14
L00908,C00425,skip,223,2026-02-21
L00311,C00252,add_to_wishlist,85,2026-07-01
L00252,C00014,enroll,81,2026-02-21
L00261,C00418,enroll,105,2026-07-31
L00009,C00006,enroll,0,2026-08-15
L00432,C00183,enroll,37,2026-02-21
L00938,C00133,enroll,43,2026-04-02
L00237,C00102,add_to_wishlist,208,2025-11-30
L00759,C00166,skip,1,2026-01-03
L00165,C00015,add_to_wishlist,100,2026-05-29
L00835,C00102,enroll,141,2025-09-16
L00502,C00157,complete,17,2026-01-21
L00411,C00360,skip,222,2025-12-11
L00738,C00033,complete,82,2026-06-20
L00727,C00207,skip,229,2025-09-20
L00313,C00164,skip,222,2026-04-22
L00871,C00269,complete,209,2026-01-10
L00353,C00007,like,149,2026-07-22
L00771,C00210,complete,107,2025-10-05
L00546,C00372,enroll,109,2026-04-10
L00863,C00015,like,83,2025-09-07
L00820,C00002,skip,164,2026-07-11
L00106,C00414,like,173,2026-02-17
L00261,C00259,complete,33,2026-01-10
L00621,C00297,skip,173,2026-06-20
L00570,C00227,complete,152,2026-08-01
L00796,C00493,add_to_wishlist,44,2026-07-10
L00676,C00201,skip,209,2026-01-21
L00761,C00139,like,166,2026-03-18
L00160,C00491,enroll,175,2025-12-23
L00897,C00317,like,39,2026-02-10
L00925,C00441,like,104,2025-10-10
L00612,C00414,add_to_wishlist,199,2026-03-08
L00643,C00340,skip,199,2026-06-09
L00344,C00114,enroll,104,2026-06-27
L00359,C00036,complete,234,2026-07-02
L00081,C00276,complete,114,2025-09-27
L00317,C00310,enroll,97,2025-12-18
L00522,C00357,skip,145,2026-06-27
L00433,C00028,complete,224,2026-09-02
L00158,C00174,enroll,152,2026-06-20
L00398,C00356,add_to_wishlist,7,2025-12-12
L00719,C00100,complete,142,2025-11-24
L00890,C00318,like,48,2026-07-10
L00333,C00263,enroll,137,2026-03-08
L00483,C00218,skip,133,2025-09-30
L00248,C00108,like,168,2025-12-14
L00091,C00018,like,125,2025-10-17
L00243,C00037,like,80,2026-04-28
L00231,C00006,add_to_wishlist,166,2026-06-29
L00426,C00237,like,42,2025-09-17
L00904,C00150,complete,28,2026-08-02
L00795,C00228,enroll,184,2025-12-20
L00950,C00234,like,167,2026-05-18
L00696,C00333,complete,215,2026-08-03
L00097,C00064,complete,161,2026-08-12
L00123,C00019,skip,113,2026-04-12
L00175,C00164,add_to_wishlist,215,2025-10-07
L00697,C00046,like,175,2026-07-03
L00280,C00350,add_to_wishlist,47,2026-07-04
L00768,C00050,skip,200,2026-06-23
L00139,C00191,complete,125,2026-08-15
L00553,C00348,enroll,126,2025-11-25
L00695,C00313,like,46,2026-07-12
L00512,C00159,skip,143,2025-11-07
L00329,C00384,like,132,2026-01-06
L00977,C00082,enroll,94,2025-09-05
L00483,C00067,add_to_wishlist,42,2026-08-27
L00634,C00330,complete,96,2026-01-08
L00177,C00112,enroll,36,2026-06-10
L00503,C00344,skip,101,2026-07-07
L00129,C00263,skip,213,2026-02-04
L00658,C00043,add_to_wishlist,34,2025-12-03
L00428,C00320,like,219,2025-09-20
L00026,C00293,skip,187,2026-08-09
L00984,C00082,add_to_wishlist,121,2026-02-27
L00638,C00012,like,200,2025-10-29
L00019,C00415,add_to_wishlist,39,2026-08-15
L00418,C00083,complete,187,2026-05-25
L00920,C00447,skip,39,2025-09-14
L00621,C00029,like,125,2026-06-17
L00899,C00430,skip,80,2026-07-21
L00360,C00273,add_to_wishlist,193,2026-01-08
L00392,C00319,skip,192,2026-07-04
L00143,C00038,enroll,47,2026-01-09
L00599,C00488,like,21,2026-02-07
L00970,C00346,add_to_wishlist,75,2026-06-17
L00346,C00040,skip,118,2026-07-24
L00577,C00381,like,191,2026-07-05
L00155,C00162,enroll,200,2025-10-21
L00934,C00187,complete,86,2026-04-27
L00466,C00016,like,105,2025-10-27
L00260,C00173,complete,194,2026-01-14
L00412,C00100,complete,116,2026-01-15
L00027,C00180,complete,121,2026-06-16
L00675,C00100,add_to_wishlist,118,2025-09-29
L00864,C00045,enroll,30,2025-10-09
L00650,C00409,complete,148,2026-01-06
L00926,C00347,like,235,2025-11-26
L00866,C00076,like,174,2025-11-28
L00837,C00466,like,213,2026-08-21
L00692,C00019,enroll,44,2026-09-04
L00497,C00084,add_to_wishlist,118,2025-12-29
L00989,C00066,like,34,2026-03-16
L00495,C00123,like,41,2025-12-09
L00293,C00078,enroll,115,2026-01-10
L00041,C00389,add_to_wishlist,40,2025-11-20
L00038,C00471,skip,153,2026-01-11
L00640,C00232,add_to_wishlist,182,2026-03-17
L00610,C00355,skip,184,2026-07-25
L00084,C00440,complete,15,2025-10-25
L00612,C00158,add_to_wishlist,50,2026-01-18
L00849,C00227,enroll,212,2026-02-27
L00791,C00014,skip,155,2026-07-16
L00549,C00174,add_to_wishlist,165,2026-08-12
L00083,C00034,skip,74,2025-11-10
L00077,C00252,enroll,189,2026-02-12
L00713,C00408,add_to_wishlist,193,2026-08-13
L00192,C00130,add_to_wishlist,179,2026-02-26
L00781,C00411,enroll,54,2026-06-19
L00638,C00451,skip,70,2026-06-18
L00951,C00198,complete,109,2026-05-23
L00283,C00132,complete,48,2026-01-23
L00492,C00260,add_to_wishlist,143,2026-04-29
L00064,C00499,add_to_wishlist,84,2026-02-19
L00538,C00069,enroll,191,2026-04-14
L00124,C00291,complete,150,2026-02-13
L00836,C00369,like,187,2026-05-12
L00092,C00435,enroll,109,2026-07-21
L00763,C00284,complete,228,2026-01-16
L00086,C00254,like,192,2026-04-01
L00855,C00145,like,167,2026-05-31
L00748,C00006,complete,53,2026-04-17
L00370,C00089,add_to_wishlist,104,2025-12-18
L00449,C00471,enroll,93,2026-07-22
L00902,C00142,like,139,2026-08-23
L00668,C00471,skip,38,2025-12-18
L00594,C00410,skip,29,2026-01-05
L00987,C00025,enroll,166,2026-05-04
L00491,C00239,complete,155,2026-01-18
L00522,C00073,complete,225,2026-04-29
L00962,C00176,add_to_wishlist,229,2026-03-10
L00716,C00250,skip,203,2026-01-22
L00052,C00229,enroll,130,2026-07-18
L00081,C00199,complete,89,2026-08-21
L00413,C00116,like,40,2026-03-18
L00656,C00169,enroll,34,2026-08-26
L00421,C00026,enroll,226,2026-02-21
L00368,C00218,skip,230,2025-10-21
L00013,C00065,add_to_wishlist,190,2026-02-21
L00744,C00219,add_to_wishlist,227,2026-06-17
L00104,C00480,complete,1,2026-07-06
L00461,C00292,enroll,229,2026-02-08
L00006,C00493,complete,138,2025-12-25
L00321,C00040,add_to_wishlist,114,2026-02-26
L00726,C00346,skip,185,2026-03-12
L00874,C00048,enroll,156,2026-08-25
L00213,C00400,enroll,105,2026-08-20
L00028,C00363,skip,215,2026-05-14
L00237,C00077,add_to_wishlist,79,2026-07-16
L00502,C00404,complete,126,2026-07-22
L00962,C00221,like,139,2026-07-08
L00247,C00094,enroll,91,2026-03-04
L00695,C00065,like,57,2026-05-17
L00956,C00046,enroll,94,2026-03-08
L00157,C00337,enroll,172,2026-04-29
L00802,C00362,enroll,117,2025-12-16
L00385,C00283,like,123,2025-09-29
L00059,C00337,add_to_wishlist,235,2026-02-05
L00904,C00388,like,41,2026-05-18
L00907,C00048,enroll,192,2025-10-18
L00162,C00323,add_to_wishlist,174,2026-06-04
L00882,C00185,add_to_wishlist,228,2026-07-30
L00333,C00270,enroll,212,2025-09-30
L00032,C00302,like,21,2025-11-15
L00543,C00358,add_to_wishlist,149,2025-09-12
L00445,C00470,enroll,195,2025-11-05
L00798,C00359,skip,99,2026-01-16
L00888,C00031,add_to_wishlist,69,2026-04-09
L00779,C00499,like,71,2026-02-13
L00271,C00192,enroll,183,2026-05-03
L00937,C00353,skip,122,2026-07-18
L00128,C00169,like,14,2025-12-02
L00013,C00395,like,25,2026-06-07
L00223,C00107,complete,191,2025-10-12
L00234,C00254,add_to_wishlist,188,2025-11-22
L00195,C00223,enroll,32,2025-11-24
L00396,C00151,add_to_wishlist,107,2026-01-03
L00125,C00081,add_to_wishlist,62,2025-11-05
L00122,C00154,skip,199,2026-07-17
L00493,C00220,skip,207,2026-08-03
L00320,C00119,like,41,2025-09-27
L00019,C00313,add_to_wishlist,235,2026-06-03
L00788,C00272,skip,118,2026-06-24
L00894,C00194,complete,188,2026-07-26
L00819,C00257,like,108,2026-05-06
L00372,C00462,skip,230,2026-01-01
L00373,C00261,like,47,2025-09-17
L00340,C00216,like,47,2026-06-08
L00636,C00210,enroll,32,2025-11-20
L00124,C00389,like,133,2026-07-08
L00432,C00022,add_to_wishlist,82,2026-05-13
L00910,C00154,like,1,2026-06-28
L00238,C00126,add_to_wishlist,35,2026-06-29
L00486,C00203,complete,32,2026-04-03
L00099,C00100,like,70,2025-11-08
L00638,C00113,like,17,2026-01-07
L00632,C00430,add_to_wishlist,21,2026-07-31
L00756,C00284,skip,205,2026-05-09
L00741,C00276,complete,186,2025-11-09
L00118,C00041,like,38,2026-02-01
L00309,C00237,like,68,2025-12-08
L00856,C00420,enroll,154,2026-03-20
L00685,C00062,enroll,161,2025-09-08
L00232,C00344,like,38,2026-04-08
L00243,C00399,enroll,235,2026-08-10
L00743,C00081,complete,152,2026-05-05
L00613,C00271,complete,140,2026-08-18
L00145,C00484,enroll,205,2025-09-27
L00531,C00295,like,119,2025-10-18
L00409,C00012,like,28,2026-02-07
L00177,C00039,add_to_wishlist,28,2026-02-26
L00898,C00059,enroll,200,2026-07-30
L00283,C00312,add_to_wishlist,64,2026-03-11
L00230,C00175,complete,23,2026-05-18
L00413,C00088,enroll,155,2026-06-03
L00996,C00302,add_to_wishlist,231,2026-06-30
L00106,C00136,complete,183,2026-06-28
L00383,C00136,like,183,2026-08-20
L00199,C00395,enroll,149,2026-06-30
L00847,C00051,add_to_wishlist,81,2025-12-19
L00804,C00373,skip,40,2026-06-17
L00434,C00058,complete,159,2025-11-15
L00107,C00180,like,41,2026-08-05
L00587,C00168,enroll,179,2026-08-19
L00831,C00373,complete,11,2026-03-24
L00394,C00172,skip,134,2025-11-19
L00459,C00444,skip,32,2026-03-15
L00082,C00422,add_to_wishlist,59,2026-03-11
L00857,C00449,complete,78,2026-07-18
L00178,C00112,skip,219,2026-06-28
L00199,C00319,skip,144,2026-08-06
L00828,C00042,like,28,2026-09-01
L00386,C00064,add_to_wishlist,133,2025-09-05
L00670,C00005,complete,94,2026-05-27
L00631,C00221,complete,172,2026-07-01
L00593,C00471,enroll,138,2026-01-12
L00184,C00482,add_to_wishlist,84,2026-06-07
L00114,C00151,like,19,2025-12-18
L00267,C00101,complete,5,2026-05-25
L00789,C00342,like,70,2026-09-03
L00307,C00473,add_to_wishlist,224,2026-03-17
L00259,C00138,like,196,2026-09-01
L00011,C00412,skip,159,2026-08-20
L00092,C00202,add_to_wishlist,60,2025-10-05
L00221,C00364,complete,126,2025-12-19
L00201,C00074,complete,132,2025-10-09
L00660,C00032,like,127,2026-03-27
L00236,C00032,complete,118,2026-08-01
L00684,C00268,enroll,141,2025-10-22
L00744,C00099,add_to_wishlist,90,2026-07-23
L00135,C00116,complete,54,2026-02-21
L00349,C00015,complete,121,2026-09-02
L00950,C00187,like,170,2026-03-27
L00425,C00357,like,138,2026-01-10
L00270,C00202,add_to_wishlist,0,2026-03-12
L00868,C00170,like,42,2026-08-14
L00559,C00137,skip,145,2026-08-05
L00301,C00178,like,89,2026-05-25
L00890,C00493,like,115,2026-04-22
L00148,C00182,enroll,128,2025-11-19
L00811,C00288,complete,1,2026-06-06
L00574,C00310,add_to_wishlist,200,2026-06-17
L00318,C00245,like,40,2026-02-05
L00624,C00414,enroll,172,2026-05-12
L00834,C00205,complete,223,2025-12-14
L00561,C00317,skip,70,2026-01-16
L00554,C00456,skip,134,2026-07-23
L00710,C00121,complete,58,2026-02-23
L00688,C00369,add_to_wishlist,100,2026-08-03
L00773,C00440,like,91,2026-04-16
L00708,C00480,skip,13,2025-12-14
L00751,C00202,skip,238,2025-09-15
L00953,C00077,like,176,2026-03-09
L00067,C00250,like,79,2026-05-21
L00459,C00320,skip,136,2026-02-19
L00003,C00310,skip,31,2025-09-18
L00976,C00474,like,183,2026-04-19
L00221,C00043,add_to_wishlist,201,2025-11-03
L00108,C00286,add_to_wishlist,188,2026-05-24
L00666,C00238,add_to_wishlist,135,2026-01-12
L00391,C00257,enroll,64,2025-10-13
L00806,C00053,skip,140,2026-07-21
L00408,C00304,add_to_wishlist,48,2026-05-29
L00246,C00211,skip,173,2026-07-23
L00029,C00406,add_to_wishlist,87,2026-01-26
L00191,C00247,enroll,48,2026-05-26
L00595,C00108,like,100,2026-03-31
L00113,C00010,enroll,47,2025-12-02
L00523,C00500,enroll,32,2026-09-04
L00661,C00292,like,239,2026-08-07
L00707,C00148,enroll,238,2026-02-08
L00307,C00434,add_to_wishlist,17,2025-10-25
L00347,C00190,add_to_wishlist,209,2026-03-28
L00421,C00003,enroll,188,2025-09-29
L00146,C00216,complete,145,2026-01-01
L00017,C00378,like,61,2025-09-25
L00093,C00431,like,20,2025-12-06
L00399,C00328,complete,34,2025-10-13
L00294,C00278,enroll,29,2026-07-07
L00649,C00431,skip,135,2025-09-11
L00625,C00426,add_to_wishlist,31,2026-01-21
L00776,C00015,complete,192,2026-04-17
L00060,C00459,complete,190,2026-01-23
L00717,C00237,complete,206,2026-04-07
L00622,C00051,add_to_wishlist,24,2026-08-11
L00561,C00112,skip,39,2025-12-11
L00864,C00271,skip,29,2026-08-08
L00501,C00017,add_to_wishlist,101,2026-07-24
L00140,C00489,add_to_wishlist,109,2026-01-11
L00197,C00451,like,143,2026-03-15
L00337,C00041,complete,147,2025-11-09
L00814,C00225,enroll,5,2026-01-09
L00577,C00262,skip,57,2026-03-18
L00856,C00280,complete,2,2026-03-20
L00410,C00179,like,51,2026-02-28
L00272,C00455,skip,197,2025-11-25
L00677,C00170,like,5,2025-12-22
L00846,C00027,complete,34,2025-09-29
L00847,C00148,add_to_wishlist,34,2026-07-17
L00427,C00351,complete,162,2026-05-19
L00932,C00215,complete,239,2025-09-22
L00489,C00110,like,179,2025-12-20
L00481,C00329,add_to_wishlist,222,2026-03-02
L00943,C00210,like,129,2026-04-12
L00770,C00404,enroll,77,2026-08-04
L00858,C00097,add_to_wishlist,116,2026-06-04
L00368,C00278,add_to_wishlist,57,2026-03-31
L00727,C00104,like,43,2025-09-30
L00126,C00436,add_to_wishlist,94,2026-05-09
L00076,C00132,skip,82,2026-08-10
L00526,C00500,skip,108,2026-07-24
L00901,C00133,skip,183,2025-11-01
L00979,C00462,like,199,2026-06-04
L00773,C00403,skip,216,2026-05-05
L00252,C00243,enroll,2,2026-06-21
L00599,C00358,skip,141,2026-06-22
L00831,C00346,complete,64,2026-08-13
L00965,C00314,enroll,179,2026-02-12
L00811,C00421,enroll,133,2025-12-20
L00548,C00351,like,98,2026-08-12
L00151,C00320,like,227,2025-11-09
L00007,C00235,enroll,163,2025-12-05
L00281,C00379,complete,120,2025-12-25
L00341,C00228,skip,57,2026-06-17
L00043,C00190,enroll,155,2025-09-16
L00533,C00385,like,220,2026-08-21
L00491,C00375,skip,144,2026-04-19
L00090,C00130,add_to_wishlist,123,2026-05-13
L00775,C00047,like,190,2025-10-05
L00486,C00002,complete,105,2026-01-20
L00794,C00270,like,123,2026-06-06
L00854,C00127,add_to_wishlist,141,2026-07-08
L00824,C00376,enroll,1,2026-04-27
L00659,C00500,complete,202,2026-06-15
L00245,C00426,add_to_wishlist,236,2025-11-16
L00834,C00495,enroll,100,2026-04-10
L00636,C00331,add_to_wishlist,57,2025-10-05
L00345,C00346,like,75,2026-04-28
L00910,C00028,add_to_wishlist,182,2025-12-22
L00757,C00162,like,64,2025-09-27
L00725,C00274,skip,20,2025-11-30
L00007,C00428,skip,54,2025-09-24
L00943,C00056,like,239,2026-03-26
L00567,C00215,skip,107,2026-04-21
L00416,C00008,add_to_wishlist,10,2026-06-11
L00979,C00228,add_to_wishlist,77,2026-07-18
L00028,C00258,add_to_wishlist,106,2025-12-29
L00427,C00137,enroll,4,2026-07-12
L00295,C00344,enroll,103,2026-02-03
L00641,C00215,add_to_wishlist,182,2025-12-29
L00572,C00043,skip,32,2026-05-29
L00141,C00191,like,67,2026-03-21
L00693,C00195,skip,156,2026-04-18
L00656,C00169,like,113,2025-10-01
L00686,C00500,skip,95,2026-01-31
L00552,C00343,enroll,11,2026-02-11
L00861,C00275,like,202,2026-01-27
L00364,C00106,skip,28,2026-02-03
L00667,C00090,skip,170,2025-12-31
L00283,C00321,like,41,2026-07-14
L00699,C00271,enroll,126,2025-11-12
L00600,C00182,like,203,2025-10-23
L00317,C00237,complete,82,2026-01-13
L00567,C00135,enroll,15,2026-01-05
L00383,C00395,enroll,63,2026-03-13
L00192,C00017,like,217,2025-11-04
L00667,C00283,add_to_wishlist,4,2025-10-25
L00088,C00052,skip,92,2026-08-30
L00751,C00490,skip,25,2026-04-29
L00437,C00056,like,50,2026-03-18
L00034,C00154,add_to_wishlist,230,2026-01-19
L00520,C00353,add_to_wishlist,137,2025-10-21
L00203,C00080,skip,166,2025-12-13
L00036,C00198,like,134,2025-11-17
L00332,C00261,skip,154,2026-03-20
L00765,C00198,like,35,2025-12-08
L00461,C00148,add_to_wishlist,107,2025-11-03
L00056,C00006,add_to_wishlist,101,2025-11-04
L00518,C00072,enroll,78,2026-05-11
L00860,C00377,like,70,2026-06-02
L00810,C00387,complete,202,2025-09-10
L00786,C00451,enroll,83,2026-06-26
L00308,C00102,add_to_wishlist,123,2026-03-16
L00091,C00267,skip,170,2026-06-22
L00911,C00295,skip,49,2025-11-28
L00257,C00095,like,92,2026-03-01
L00578,C00221,like,27,2025-11-30
L00564,C00430,like,71,2026-01-20
L00929,C00470,like,108,2026-05-09
L00443,C00299,skip,68,2025-10-08
L00863,C00055,like,156,2026-01-18
L00673,C00064,add_to_wishlist,71,2026-01-13
L00497,C00391,like,178,2026-08-12
L00975,C00118,add_to_wishlist,236,2025-12-26
L00333,C00118,add_to_wishlist,231,2026-03-12
L00868,C00149,add_to_wishlist,115,2026-01-30
L00566,C00003,skip,57,2025-10-03
L00076,C00413,add_to_wishlist,138,2026-08-09
L00681,C00160,add_to_wishlist,240,2026-07-30
L00161,C00185,add_to_wishlist,237,2025-11-12
L00269,C00054,complete,136,2026-06-15
L00890,C00083,add_to_wishlist,197,2026-01-25
L00983,C00197,add_to_wishlist,169,2025-12-22
L00331,C00061,skip,180,2026-08-06
L00320,C00016,enroll,144,2026-05-30
L00853,C00044,like,68,2026-02-17
L00106,C00223,add_to_wishlist,79,2025-11-29
L00134,C00027,like,36,2026-03-24
L00256,C00318,like,49,2025-12-17
L00758,C00019,add_to_wishlist,215,2026-01-31
L00878,C00303,like,90,2025-10-11
L00308,C00218,like,63,2026-07-31
L00729,C00084,like,25,2025-11-14
L00184,C00090,complete,90,2025-09-15
L00588,C00371,complete,162,2025-11-09
L00764,C00082,enroll,87,2026-07-18
L00430,C00126,complete,200,2026-02-21
L00776,C00388,skip,199,2026-02-19
L00799,C00375,skip,130,2025-10-04
L00763,C00392,complete,18,2026-09-04
L00406,C00266,skip,127,2026-05-30
L00876,C00496,like,223,2026-03-21
L00342,C00195,complete,148,2026-04-04
L00345,C00175,like,159,2026-04-22
L00480,C00020,enroll,59,2026-06-27
L00683,C00112,add_to_wishlist,24,2025-10-22
L00960,C00061,enroll,124,2026-02-09
L00420,C00447,add_to_wishlist,65,2025-12-29
L00007,C00298,like,130,2026-01-27
L00300,C00417,skip,6,2026-08-17
L00384,C00003,skip,75,2025-10-27
L00081,C00039,complete,26,2026-04-28
L00396,C00229,like,197,2025-12-08
L00638,C00339,like,194,2026-07-11
L00183,C00047,complete,238,2026-03-24
L00821,C00347,complete,66,2026-01-10
L00783,C00234,like,127,2025-10-15
L00936,C00370,add_to_wishlist,117,2025-10-26
L00323,C00026,like,2,2025-10-13
L00771,C00231,complete,199,2026-05-28
L00012,C00040,skip,74,2026-03-31
L00142,C00028,enroll,148,2025-12-05
L00253,C00449,complete,148,2026-04-30
L00639,C00171,add_to_wishlist,115,2026-08-01
L00124,C00416,enroll,80,2026-07-18
L00968,C00267,enroll,86,2026-02-21
L00026,C00348,enroll,183,2026-04-25
L00208,C00448,enroll,73,2026-03-09
L00819,C00172,enroll,104,2026-01-30
L00627,C00270,like,146,2026-04-28
L00986,C00151,complete,9,2025-12-29
L00412,C00388,add_to_wishlist,221,2025-12-18
L00370,C00394,like,131,2026-06-05
L00946,C00217,skip,135,2026-04-01
L00476,C00132,enroll,102,2026-06-06
L00183,C00329,add_to_wishlist,179,2026-03-27
L00609,C00415,enroll,182,2026-01-10
L00803,C00009,add_to_wishlist,35,2026-03-20
L00670,C00129,add_to_wishlist,232,2026-06-13
L00150,C00056,add_to_wishlist,220,2025-11-14
L00910,C00184,add_to_wishlist,111,2026-03-16
L00507,C00135,like,47,2026-03-15
L00722,C00106,enroll,19,2026-03-14
L00554,C00247,add_to_wishlist,145,2026-04-18
L00864,C00487,skip,222,2026-03-25
L00177,C00404,skip,192,2026-05-19
L00074,C00453,skip,77,2026-05-29
L00821,C00337,enroll,222,2026-02-23
L00883,C00059,skip,147,2025-11-29
L00929,C00413,skip,56,2026-05-20
L00028,C00122,enroll,107,2026-02-04
L00523,C00164,add_to_wishlist,40,2025-11-21
L00398,C00138,add_to_wishlist,203,2026-06-30
L00897,C00083,add_to_wishlist,8,2025-12-19
L00433,C00360,enroll,4,2026-04-20
L00651,C00493,like,227,2026-03-13
L00532,C00446,complete,155,2026-08-07
L00053,C00078,enroll,125,2026-08-06
L00415,C00008,like,9,2026-05-08
L00340,C00111,skip,80,2026-05-19
L00181,C00061,skip,12,2026-01-30
L00285,C00042,like,108,2026-06-14
L00908,C00201,enroll,239,2026-04-11
L00037,C00031,like,147,2026-08-28
L00383,C00208,like,18,2026-02-08
L00768,C00486,complete,240,2026-05-05
L00852,C00012,enroll,88,2025-09-29
L00526,C00354,complete,45,2025-09-09
L00522,C00086,enroll,7,2026-05-02
L00047,C00392,like,51,2026-02-02
L00813,C00103,like,171,2025-11-07
L00156,C00260,skip,161,2026-04-16
L00349,C00159,complete,132,2025-11-20
L00937,C00294,like,151,2025-11-18
L00771,C00242,like,48,2025-10-24
L00630,C00222,skip,228,2026-01-02
L00961,C00025,complete,114,2025-12-22
L00989,C00499,add_to_wishlist,153,2025-10-27
L00591,C00070,add_to_wishlist,71,2025-10-04
L00665,C00368,add_to_wishlist,77,2026-07-03
L00185,C00307,add_to_wishlist,55,2026-02-02
L00841,C00416,enroll,2,2025-09-29
L00900,C00283,like,25,2026-07-12
L00283,C00041,skip,73,2026-05-30
L00737,C00210,skip,182,2026-08-31
L00635,C00121,skip,153,2025-12-16
L00360,C00006,like,108,2025-09-20
L00668,C00069,complete,129,2026-05-30
L00604,C00243,like,222,2026-03-06
L00712,C00126,skip,196,2025-11-10
L00761,C00467,enroll,21,2026-04-05
L00909,C00349,skip,73,2026-03-09
L00412,C00186,enroll,48,2025-11-04
L00356,C00315,skip,113,2025-12-09
L00011,C00209,skip,158,2026-06-30
L00159,C00338,skip,173,2026-06-07
L00524,C00092,like,212,2025-10-31
L00405,C00412,skip,39,2026-07-07
L00236,C00486,like,0,2026-01-08
L00493,C00480,skip,8,2025-10-09
L00874,C00281,add_to_wishlist,232,2025-09-22
L00749,C00269,skip,24,2026-07-08
L00279,C00492,like,128,2025-11-26
L00419,C00311,skip,90,2025-11-04
L00766,C00235,skip,51,2025-12-19
L00059,C00437,enroll,181,2026-04-01
L00861,C00425,like,201,2025-10-03
L00278,C00244,enroll,127,2026-06-19
L00415,C00339,complete,173,2025-12-26
L00602,C00427,add_to_wishlist,222,2026-04-16
L00547,C00245,add_to_wishlist,212,2026-05-30
L00150,C00308,enroll,184,2026-05-12
L00050,C00049,add_to_wishlist,233,2025-09-15
L00741,C00020,add_to_wishlist,211,2026-05-17
L00590,C00313,like,215,2026-02-23
L00967,C00055,add_to_wishlist,83,2026-02-09
L00521,C00007,add_to_wishlist,185,2026-08-23
L00346,C00141,skip,211,2026-03-12
L00485,C00046,enroll,1,2025-09-30
L00925,C00156,complete,183,2026-06-24
L00077,C00051,skip,119,2026-04-26
L00863,C00372,like,210,2026-04-05
L00367,C00453,enroll,112,2025-12-29
L00280,C00256,skip,161,2026-07-13
L00812,C00074,complete,33,2025-10-20
L00918,C00348,like,96,2026-05-15
L00924,C00269,enroll,63,2025-11-17
L00064,C00428,enroll,47,2026-07-06
L00781,C00497,add_to_wishlist,26,2025-11-15
L00566,C00243,like,53,2026-02-18
L00494,C00335,like,48,2025-10-23
L00054,C00369,skip,146,2026-05-14
L01000,C00494,complete,143,2026-06-21
L00920,C00165,like,122,2025-12-30
L00690,C00183,enroll,59,2025-12-25
L00428,C00107,skip,24,2025-11-15
L00779,C00200,like,210,2025-10-11
L00246,C00060,enroll,116,2026-05-02
L00568,C00081,skip,79,2026-03-18
L00976,C00097,skip,112,2026-08-24
L00006,C00162,enroll,122,2026-09-04
L00511,C00427,enroll,24,2025-11-02
L00846,C00373,enroll,85,2026-07-11
L00123,C00088,complete,209,2025-12-20
L00986,C00221,add_to_wishlist,155,2026-02-15
L00898,C00142,skip,144,2025-10-01
L00501,C00098,complete,174,2026-08-01
L00106,C00406,enroll,189,2026-07-24
L00426,C00022,enroll,113,2026-02-21
L00464,C00431,skip,26,2026-05-08
L00724,C00152,enroll,99,2025-12-31
L00499,C00329,like,229,2026-04-09
L00011,C00330,skip,220,2026-08-07
L00828,C00489,skip,212,2026-05-14
L00322,C00424,like,5,2025-10-05
L00822,C00032,complete,192,2026-02-06
L00139,C00430,skip,146,2025-11-29
L00743,C00180,enroll,193,2026-03-10
L00295,C00068,enroll,11,2026-07-30
L00476,C00180,enroll,199,2025-12-09
L00271,C00276,complete,144,2026-08-19
L00570,C00007,enroll,32,2026-09-04
L00132,C00401,add_to_wishlist,201,2025-10-21
L00164,C00310,skip,17,2025-11-02
L00163,C00256,enroll,32,2025-11-03
L00456,C00483,enroll,17,2026-08-13
L00937,C00208,complete,104,2026-08-11
L00210,C00237,complete,217,2026-06-17
L00346,C00463,like,72,2025-11-04
L00009,C00376,add_to_wishlist,96,2026-05-15
L00891,C00280,like,21,2025-09-29
L00366,C00251,like,169,2026-08-14
L00441,C00176,complete,100,2026-04-24
L00031,C00015,enroll,191,2026-01-18
L00370,C00210,like,161,2026-06-01
L00874,C00180,enroll,27,2026-06-02
L00896,C00418,enroll,229,2026-04-06
L00368,C00177,skip,19,2026-03-31
L00066,C00432,enroll,33,2025-10-20
L00272,C00320,skip,161,2026-02-02
L00999,C00271,skip,40,2026-07-29
L00774,C00498,skip,164,2026-06-09
L00927,C00155,complete,44,2026-07-03
L00310,C00075,complete,181,2026-06-02
L00031,C00363,enroll,171,2025-11-24
L00483,C00085,skip,168,2026-03-30
L00920,C00302,enroll,124,2026-06-13
L00352,C00370,skip,23,2025-11-19
L00599,C00277,complete,206,2026-07-21
L00488,C00054,complete,213,2025-09-22
L00351,C00484,skip,177,2025-12-07
L00844,C00004,complete,230,2026-08-13
L00427,C00174,add_to_wishlist,219,2026-05-04
L00639,C00096,like,57,2026-08-25
L00522,C00387,skip,137,2026-04-18
L00693,C00227,complete,230,2026-05-04
L00017,C00288,complete,88,2025-12-15
L00105,C00055,add_to_wishlist,151,2026-01-23
L00220,C00395,skip,116,2025-12-12
L00574,C00039,enroll,96,2026-01-14
L00037,C00125,add_to_wishlist,31,2026-02-03
L00946,C00124,complete,212,2025-10-07
L00358,C00103,like,113,2025-10-25
L00425,C00172,like,37,2025-11-02
L00698,C00111,skip,238,2026-03-22
L00581,C00420,skip,137,2025-09-23
L00012,C00249,skip,159,2026-06-03
L00170,C00463,like,83,2026-01-11
L00779,C00484,skip,72,2025-11-14
L00048,C00414,complete,3,2026-06-12
L00541,C00020,skip,33,2026-03-22
L00570,C00077,like,145,2025-10-27
L00787,C00445,like,78,2025-09-23
L00830,C00415,like,187,2026-01-07
L00015,C00014,complete,60,2026-03-27
L00401,C00305,like,110,2026-06-20
L00122,C00045,enroll,44,2025-12-02
L00274,C00373,enroll,39,2026-06-07
L00705,C00471,add_to_wishlist,2,2026-07-24
L00624,C00031,enroll,35,2025-12-05
L00637,C00433,skip,225,2026-07-19
L00089,C00352,add_to_wishlist,3,2026-01-06
L00648,C00112,enroll,132,2026-08-08
L00033,C00023,skip,173,2026-07-07
L00327,C00361,enroll,180,2026-06-26
L00837,C00136,enroll,73,2026-05-02
L00838,C00338,like,93,2025-11-06
L00617,C00331,like,178,2026-02-02
L00082,C00406,complete,71,2026-04-04
L00416,C00175,like,238,2026-04-16
L00275,C00274,add_to_wishlist,220,2026-01-27
L00067,C00399,complete,194,2026-08-28
L00979,C00011,like,135,2025-10-03
L00855,C00002,complete,52,2026-08-09
L00599,C00028,enroll,115,2026-06-12
L00679,C00411,complete,206,2026-02-19
L00723,C00457,like,164,2025-11-18
L00368,C00452,complete,70,2025-09-09
L00088,C00017,enroll,34,2025-09-19
L00494,C00455,enroll,211,2026-03-03
L00950,C00170,like,161,2025-11-24
L00019,C00365,like,97,2026-03-26
L00903,C00440,skip,212,2026-08-13
L00359,C00152,add_to_wishlist,63,2025-12-26
L00792,C00470,enroll,111,2026-08-26
L00416,C00076,skip,137,2026-07-29
L00684,C00202,add_to_wishlist,71,2025-12-07
L00907,C00418,complete,200,2025-09-27
L00769,C00354,complete,123,2026-07-30
L00645,C00335,add_to_wishlist,44,2026-06-18
L00914,C00428,skip,84,2026-04-14
L00249,C00123,enroll,47,2026-08-08
L00604,C00073,skip,169,2026-05-24
L00024,C00432,skip,126,2026-08-28
L00804,C00299,enroll,72,2025-12-19
L00157,C00241,complete,9,2025-09-15
L00461,C00423,like,32,2026-06-21
L00071,C00226,enroll,58,2026-02-13
L00181,C00273,enroll,222,2026-01-25
L00040,C00104,enroll,57,2026-04-27
L00323,C00041,like,89,2026-07-29
L00436,C00199,enroll,4,2026-01-21
L00908,C00316,like,97,2025-11-02
L00217,C00183,like,151,2026-08-24
L00588,C00266,like,176,2026-07-17
L00538,C00486,add_to_wishlist,181,2026-06-15
L00048,C00067,skip,186,2026-08-27
L00547,C00379,complete,155,2025-10-17
L00728,C00457,complete,10,2025-12-27
L00152,C00332,complete,21,2025-10-07
L00777,C00254,complete,86,2026-01-12
L00632,C00482,skip,156,2026-02-07
L00265,C00141,enroll,201,2025-10-27
L00288,C00241,like,134,2026-03-28
L00119,C00083,like,103,2025-11-17
L00293,C00233,like,18,2025-10-11
L00116,C00222,add_to_wishlist,141,2026-02-18
L00657,C00100,skip,187,2026-03-04
L00248,C00317,skip,202,2025-09-24
L00998,C00202,skip,58,2026-06-26
L00515,C00172,add_to_wishlist,178,2026-08-30
L00270,C00377,skip,150,2026-08-01
L00348,C00054,add_to_wishlist,129,2026-01-26
L00169,C00196,add_to_wishlist,77,2026-06-17
L00755,C00130,enroll,17,2025-12-03
L00301,C00057,like,218,2025-11-24
L00236,C00123,like,108,2026-08-26
L00801,C00490,add_to_wishlist,120,2026-08-11
L00719,C00061,enroll,58,2025-09-26
L00098,C00190,add_to_wishlist,32,2026-01-19
L00976,C00160,add_to_wishlist,62,2026-08-24
L00680,C00439,enroll,213,2025-12-16
L00350,C00312,like,174,2025-09-26
L00839,C00084,skip,164,2025-12-12
L00580,C00472,complete,93,2026-01-02
L00790,C00297,complete,32,2026-04-25
L00310,C00350,complete,156,2025-10-09
L00350,C00136,like,207,2026-04-25
L00398,C00301,enroll,166,2026-01-08
L00899,C00139,like,123,2026-05-04
L00912,C00385,like,101,2025-10-08
L00815,C00055,enroll,88,2026-07-21
L00179,C00013,enroll,23,2026-06-01
L00753,C00202,add_to_wishlist,177,2026-02-24
L00486,C00293,skip,213,2025-11-23
L00258,C00468,enroll,142,2026-03-12
L00960,C00310,like,36,2025-10-03
L00388,C00107,skip,237,2026-03-19
L00758,C00345,like,215,2026-02-07
L00595,C00053,add_to_wishlist,145,2026-03-31
L00490,C00375,complete,62,2026-08-08
L00131,C00337,like,44,2026-03-16
L00301,C00214,add_to_wishlist,151,2026-01-23
L00303,C00179,add_to_wishlist,104,2026-05-05
L00314,C00462,add_to_wishlist,108,2026-09-01
L00880,C00294,add_to_wishlist,21,2026-07-03
L00243,C00289,enroll,37,2025-10-13
L00297,C00426,complete,115,2025-12-07
L00005,C00182,complete,123,2025-12-20
L00592,C00182,skip,57,2026-06-22
L00890,C00282,enroll,123,2025-09-18
L00006,C00071,like,137,2025-10-05
L00646,C00140,complete,169,2025-10-28
L00322,C00327,like,87,2025-10-02
L00185,C00336,skip,54,2025-10-29
L00528,C00370,add_to_wishlist,191,2025-09-11
L00314,C00050,like,60,2026-06-30
L00202,C00454,like,41,2025-12-18
L00855,C00489,enroll,183,2026-07-16
L00791,C00299,add_to_wishlist,225,2026-02-11
L00635,C00155,add_to_wishlist,131,2026-05-03
L00359,C00107,add_to_wishlist,33,2026-05-24
L00042,C00454,like,121,2026-08-22
L00709,C00006,complete,130,2026-01-08
L00541,C00491,complete,12,2025-09-15
L00516,C00174,add_to_wishlist,148,2026-01-04
L00836,C00176,enroll,170,2025-09-04
L00889,C00142,like,76,2026-07-26
L00514,C00399,skip,227,2025-09-11
L00468,C00246,add_to_wishlist,196,2026-07-23
L00523,C00417,enroll,141,2026-05-17
L00374,C00361,enroll,167,2026-01-15
L00482,C00297,skip,224,2026-04-15
L00061,C00066,like,112,2026-05-01
L00914,C00325,skip,30,2026-08-29
L00569,C00200,skip,8,2026-06-19
L00503,C00411,add_to_wishlist,100,2025-10-04
L00915,C00045,add_to_wishlist,198,2026-07-18
L00432,C00276,add_to_wishlist,202,2026-04-14
L00613,C00251,like,31,2026-01-31
L00927,C00273,enroll,31,2026-03-16
L00853,C00274,like,154,2025-10-21
L00088,C00221,like,203,2026-05-27
L00647,C00279,enroll,37,2026-03-17
L00236,C00020,skip,148,2025-12-29
L00742,C00200,enroll,74,2025-09-19
L00644,C00370,complete,131,2026-04-24
L00642,C00014,enroll,114,2025-11-27
L00827,C00186,enroll,200,2026-02-06
L00218,C00456,skip,38,2026-05-28
L00082,C00499,enroll,188,2025-09-22
L00374,C00059,enroll,177,2026-06-03
L00692,C00481,like,86,2025-12-04
L00399,C00119,complete,84,2026-01-20
L00151,C00370,skip,81,2025-12-22
L00813,C00498,enroll,156,2026-08-06
L00207,C00188,add_to_wishlist,55,2025-12-31
L00510,C00280,like,239,2025-10-06
L00978,C00242,complete,196,2025-11-19
L00672,C00015,enroll,204,2025-11-09
L00968,C00319,add_to_wishlist,32,2026-05-15
L00100,C00018,complete,142,2026-06-12
L00232,C00220,like,55,2025-11-18
L00676,C00329,skip,229,2025-09-18
L00214,C00485,like,99,2025-11-11
L00482,C00221,like,238,2026-03-24
L00212,C00232,complete,46,2026-05-05
L00469,C00101,like,47,2025-09-15
L00131,C00236,skip,230,2026-01-24
L00747,C00208,add_to_wishlist,161,2026-04-19
L00300,C00067,complete,88,2026-07-28
L00033,C00074,like,59,2026-03-28
L00748,C00289,enroll,46,2026-04-05
L00325,C00362,skip,14,2025-10-15
L00439,C00227,add_to_wishlist,208,2026-01-03
L00569,C00447,like,105,2026-04-18
L00868,C00206,complete,134,2026-01-11
L00184,C00361,enroll,237,2025-10-27
L00477,C00008,skip,168,2026-09-02
L00391,C00147,skip,57,2026-03-16
L00170,C00089,add_to_wishlist,228,2026-04-14
L00012,C00055,complete,131,2026-05-08
L00743,C00185,add_to_wishlist,168,2026-03-04
L00125,C00494,complete,134,2026-04-03
L00827,C00148,enroll,137,2026-06-17
L00193,C00383,enroll,191,2026-03-02
L00219,C00236,enroll,172,2026-03-30
L00413,C00039,like,4,2026-08-21
L00088,C00283,complete,227,2026-01-22
L00056,C00076,add_to_wishlist,179,2026-07-01
L00474,C00469,like,73,2026-05-26
L00189,C00470,enroll,230,2026-07-21
L00074,C00261,skip,57,2026-07-01
L00192,C00069,skip,214,2026-08-25
L00499,C00414,like,222,2026-06-21
L00819,C00249,enroll,78,2026-02-18
L00202,C00080,add_to_wishlist,203,2025-10-11
L00063,C00392,complete,74,2026-04-06
L00782,C00107,like,102,2026-08-14
L00379,C00231,add_to_wishlist,146,2025-10-24
L00118,C00380,complete,197,2026-03-12
L00645,C00077,like,115,2026-07-08
L00971,C00461,skip,128,2026-02-07
L00144,C00344,enroll,13,2025-12-29
L00622,C00058,enroll,173,2026-03-16
L00141,C00489,enroll,205,2025-09-10
L00360,C00118,enroll,7,2026-08-20
L00277,C00078,skip,220,2026-05-08
L00327,C00334,like,135,2026-07-29
L00014,C00222,complete,94,2026-04-23
L00130,C00001,complete,220,2026-03-22
L00937,C00248,add_to_wishlist,123,2026-01-30
L00575,C00416,complete,31,2025-12-20
L00818,C00006,enroll,190,2026-01-31
L00910,C00104,skip,13,2026-06-26
L00915,C00361,like,16,2026-07-09
L00191,C00185,add_to_wishlist,7,2026-06-29
L00010,C00277,enroll,160,2026-02-07
L00085,C00089,complete,20,2025-12-22
L00175,C00293,skip,212,2025-10-11
L00311,C00499,skip,17,2026-05-14
L00946,C00306,like,29,2026-07-05
L00408,C00022,skip,56,2026-05-12
L00838,C00484,complete,177,2026-06-20
L00121,C00374,like,191,2026-04-07
L00582,C00198,add_to_wishlist,66,2025-11-30
L00907,C00065,enroll,10,2026-05-18
L00605,C00463,like,94,2026-08-20
L00107,C00091,enroll,158,2026-07-12
L00420,C00078,add_to_wishlist,55,2025-11-23
L00319,C00181,enroll,30,2025-10-31
L00750,C00269,add_to_wishlist,58,2025-11-07
L00537,C00401,enroll,54,2026-01-25
L00912,C00184,enroll,151,2026-06-14
L00217,C00108,skip,50,2026-05-19
L00624,C00078,add_to_wishlist,212,2026-05-02
L00492,C00385,skip,34,2025-12-20
L00368,C00490,like,187,2025-10-31
L00579,C00062,complete,1,2026-04-28
L00415,C00364,add_to_wishlist,134,2026-08-11
L00153,C00156,skip,28,2026-08-22
L00626,C00456,enroll,99,2026-03-19
L00692,C00440,like,89,2025-11-18
L00259,C00418,enroll,7,2026-02-19
L00150,C00362,add_to_wishlist,63,2026-03-15
L00917,C00260,add_to_wishlist,11,2026-07-03
L00747,C00047,enroll,23,2026-08-29
L00210,C00358,enroll,215,2026-03-07
L00002,C00246,add_to_wishlist,174,2025-11-23
L00645,C00333,enroll,27,2026-07-25
L00405,C00326,skip,44,2026-08-21
L00670,C00337,complete,13,2026-05-15
L00560,C00457,skip,39,2026-01-20
L00229,C00338,like,158,2026-05-27
L00085,C00251,enroll,185,2026-01-23
L00778,C00099,enroll,64,2026-05-07
L00539,C00320,skip,27,2026-04-21
L00489,C00007,skip,144,2025-12-25
L00839,C00249,add_to_wishlist,136,2026-03-18
L00787,C00461,add_to_wishlist,117,2026-01-28
L00515,C00273,add_to_wishlist,185,2026-08-23
L00179,C00333,enroll,119,2026-07-05
L00505,C00148,add_to_wishlist,120,2026-08-31
L00288,C00016,enroll,169,2026-03-18
L00329,C00084,skip,104,2026-08-24
L00113,C00087,enroll,161,2025-10-23
L00175,C00410,like,147,2026-04-18
L00233,C00271,add_to_wishlist,192,2026-03-18
L00640,C00336,like,151,2025-09-21
L00027,C00163,skip,24,2026-07-16
L00860,C00425,enroll,103,2025-09-22
L00789,C00206,like,30,2025-12-01
L00044,C00445,skip,162,2026-07-16
L00096,C00446,add_to_wishlist,94,2025-12-06
L00420,C00026,skip,153,2026-04-16
L00948,C00413,complete,173,2026-06-15
L00333,C00328,skip,66,2026-01-22
L00677,C00131,skip,88,2025-12-28
L00285,C00187,enroll,44,2025-10-02
L00626,C00447,add_to_wishlist,203,2026-02-12
L00047,C00260,skip,197,2026-04-05
L00857,C00302,like,41,2026-01-27
L00286,C00224,enroll,127,2026-05-08
L00198,C00309,like,21,2025-12-01
L00105,C00104,complete,24,2026-07-28
L00245,C00025,complete,197,2025-09-23
L00622,C00150,skip,239,2026-04-14
L00510,C00452,skip,45,2025-12-29
L00784,C00290,enroll,159,2026-04-09
L00390,C00121,complete,75,2026-01-01
L00502,C00252,enroll,34,2026-03-22
L00866,C00386,enroll,18,2025-12-28
L00534,C00410,skip,25,2026-07-18
L00191,C00430,complete,195,2026-03-07
L00077,C00140,like,80,2025-12-16
L00772,C00306,add_to_wishlist,98,2026-05-09
L00227,C00049,like,169,2026-03-10
L00702,C00150,skip,161,2026-06-07
L00045,C00154,like,25,2026-02-26
L00020,C00072,add_to_wishlist,169,2026-06-26
L00782,C00230,like,194,2026-07-10
L00906,C00161,like,162,2026-01-27
L00256,C00090,like,167,2026-05-19
L00374,C00487,enroll,146,2026-03-16
L00542,C00271,complete,236,2025-11-19
L00774,C00266,skip,62,2025-12-02
L00113,C00272,add_to_wishlist,23,2025-12-04
L00724,C00073,complete,38,2026-03-29
L00362,C00119,complete,56,2026-06-19
L00692,C00308,skip,229,2026-08-25
L00096,C00210,add_to_wishlist,184,2025-10-07
L00214,C00080,like,90,2026-01-28
L00178,C00480,add_to_wishlist,222,2026-07-20
L00476,C00331,enroll,172,2026-02-08
L00373,C00270,like,62,2026-07-18
L00852,C00079,skip,44,2026-05-28
L00862,C00321,enroll,168,2026-03-11
L00200,C00260,complete,182,2026-08-29
L00153,C00271,add_to_wishlist,178,2026-05-03
L00484,C00213,complete,101,2026-03-26
L00386,C00172,add_to_wishlist,116,2026-02-16
L00442,C00110,skip,106,2026-07-16
L00988,C00466,add_to_wishlist,59,2025-11-29
L00358,C00060,add_to_wishlist,181,2026-02-17
L00989,C00297,add_to_wishlist,56,2026-04-07
L00057,C00353,like,207,2026-06-25
L00149,C00226,complete,151,2026-03-21
L00044,C00346,like,173,2026-08-27
L00815,C00481,skip,95,2025-09-13
L00144,C00062,like,217,2025-09-16
L00891,C00173,enroll,27,2025-10-15
L00237,C00310,skip,126,2026-06-24
L00980,C00045,add_to_wishlist,12,2025-11-10
L00868,C00357,complete,17,2026-06-09
L00265,C00443,complete,83,2026-05-07
L00882,C00354,enroll,23,2026-05-13
L00482,C00310,skip,117,2026-03-10
L00431,C00357,like,228,2025-09-16
L00591,C00176,like,28,2025-09-15
L00557,C00148,like,60,2026-04-05
L00570,C00386,complete,172,2026-08-16
L00989,C00236,skip,230,2026-07-11
L00087,C00223,like,48,2025-12-14
L00548,C00094,add_to_wishlist,152,2025-12-22
L00770,C00024,like,120,2026-07-03
L00893,C00463,complete,40,2026-02-18
L00382,C00444,complete,233,2025-12-13
L00295,C00367,skip,76,2026-03-14
L00294,C00189,complete,178,2026-01-20
L00934,C00036,add_to_wishlist,0,2025-10-29
L00339,C00117,complete,153,2026-05-30
L00610,C00411,complete,175,2026-05-29
L00050,C00422,add_to_wishlist,116,2025-11-22
L00631,C00184,like,60,2025-11-09
L00636,C00349,skip,115,2026-02-11
L00851,C00461,enroll,71,2026-03-11
L00004,C00282,complete,79,2026-03-11
L00279,C00167,enroll,75,2026-03-19
L00217,C00325,like,205,2026-02-27
L00602,C00472,like,27,2026-02-16
L00237,C00133,complete,209,2025-12-08
L00795,C00221,complete,55,2025-12-21
L00286,C00199,add_to_wishlist,150,2026-08-22
L00948,C00157,skip,141,2025-11-17
L00623,C00486,like,125,2026-08-01
L00239,C00005,enroll,76,2025-12-05
L00874,C00095,add_to_wishlist,72,2026-08-30
L00674,C00450,add_to_wishlist,83,2025-11-27
L00993,C00344,like,219,2026-06-10
L00875,C00025,add_to_wishlist,70,2026-02-09
L00213,C00076,skip,179,2025-09-07
L00967,C00477,like,206,2026-01-12
L00792,C00051,like,57,2026-07-02
L00085,C00135,add_to_wishlist,4,2025-09-23
L00732,C00079,like,218,2026-06-04
L00705,C00351,like,178,2025-10-06
L00929,C00089,add_to_wishlist,238,2026-07-26
L00281,C00500,enroll,190,2026-02-11
L00114,C00099,add_to_wishlist,174,2026-08-21
L00169,C00486,complete,67,2026-04-27
L00944,C00485,complete,10,2025-11-02
L00354,C00258,enroll,183,2025-12-28
L00084,C00050,skip,216,2025-10-07
L00183,C00480,complete,94,2026-04-28
L00952,C00470,add_to_wishlist,48,2026-02-27
L00420,C00126,complete,153,2025-12-23
L00927,C00404,skip,81,2025-09-11
L00322,C00340,skip,164,2026-04-11
L00829,C00008,enroll,227,2026-01-11
L00453,C00245,add_to_wishlist,198,2025-11-29
L00225,C00138,like,225,2025-12-24
L00372,C00340,skip,162,2026-08-27
L00162,C00494,add_to_wishlist,198,2026-06-02
L00782,C00318,add_to_wishlist,99,2026-05-06
L00945,C00473,add_to_wishlist,80,2025-10-16
L00204,C00218,like,43,2026-05-31
L00347,C00243,skip,100,2025-10-19
L00887,C00017,add_to_wishlist,100,2025-12-27
L00924,C00371,add_to_wishlist,140,2026-05-18
L00438,C00251,skip,164,2026-09-01
L00616,C00379,like,178,2026-05-16
L00197,C00417,skip,109,2026-08-05
L00026,C00365,add_to_wishlist,70,2025-09-27
L00519,C00148,complete,99,2025-09-14
L00140,C00285,like,116,2026-05-20
L00001,C00223,skip,154,2025-10-14
L00687,C00195,like,123,2026-02-20
L00792,C00463,enroll,17,2026-02-02
L00123,C00201,skip,54,2026-07-18
L00791,C00163,complete,106,2026-09-03
L00384,C00249,enroll,90,2026-05-17
L00585,C00208,like,25,2026-07-06
L00399,C00276,enroll,64,2026-03-17
L00384,C00422,add_to_wishlist,190,2025-09-28
L00907,C00110,enroll,182,2025-12-26
L00522,C00407,like,162,2026-06-16
L00831,C00352,enroll,75,2025-11-15
L00565,C00426,skip,171,2025-12-09
L00429,C00215,add_to_wishlist,54,2026-01-19
L00384,C00240,enroll,28,2026-06-21
L00486,C00001,like,27,2026-05-01
L00731,C00034,add_to_wishlist,167,2026-06-11
L00085,C00212,like,62,2025-09-14
L00094,C00406,like,178,2026-03-24
L00339,C00369,add_to_wishlist,95,2026-03-02
L00055,C00045,add_to_wishlist,216,2026-01-08
L00471,C00383,add_to_wishlist,28,2025-11-27
L00781,C00465,complete,159,2025-09-12
L00960,C00089,enroll,156,2026-03-27
L00703,C00224,like,96,2026-02-18
L00863,C00184,like,220,2026-05-03
L00607,C00268,enroll,212,2026-07-23
L00392,C00444,skip,100,2025-11-17
L00058,C00148,skip,182,2026-07-07
L00475,C00453,enroll,157,2026-09-02
L00463,C00150,add_to_wishlist,226,2026-08-15
L00120,C00036,skip,12,2025-10-07
L00896,C00335,complete,131,2025-09-09
L00761,C00070,skip,65,2025-12-04
L00621,C00165,skip,22,2025-12-04
L00253,C00274,add_to_wishlist,145,2026-07-06
L00647,C00060,like,165,2025-12-22
L00187,C00406,skip,139,2026-07-26
L00478,C00350,add_to_wishlist,170,2026-04-09
L00099,C00253,add_to_wishlist,186,2026-01-07
L00825,C00454,complete,219,2025-12-30
L00320,C00080,skip,195,2025-09-07
L00940,C00070,skip,93,2026-03-22
L00161,C00409,add_to_wishlist,69,2025-09-08
L00594,C00267,skip,73,2025-12-31
L00831,C00244,like,57,2026-08-18
L00108,C00488,like,197,2025-11-26
L00012,C00246,enroll,51,2025-11-14
L00799,C00234,enroll,8,2026-04-10
L00096,C00431,add_to_wishlist,145,2026-08-29
L00291,C00207,skip,151,2026-06-18
L00123,C00334,add_to_wishlist,89,2026-07-20
L00456,C00391,like,131,2026-05-11
L00550,C00163,enroll,122,2026-05-15
L00361,C00121,skip,107,2026-02-11
L00719,C00238,like,136,2026-06-14
L00325,C00301,enroll,110,2026-02-22
L00653,C00054,like,78,2026-03-10
L00360,C00361,complete,21,2026-05-24
L00433,C00232,like,0,2026-08-12
L00554,C00272,complete,2,2026-06-12
L00306,C00317,like,203,2026-01-17
L00712,C00045,like,102,2025-10-24
L00805,C00055,skip,172,2025-12-24
L00323,C00257,add_to_wishlist,223,2025-11-08
L00680,C00189,like,115,2026-01-08
L00036,C00311,enroll,54,2025-10-08
L00614,C00374,skip,127,2026-03-17
L00179,C00294,complete,63,2025-10-14
L00326,C00145,complete,65,2025-09-20
L00629,C00361,complete,49,2025-12-24
L00395,C00081,skip,149,2025-11-17
L00177,C00263,like,144,2026-07-18
L00361,C00024,like,224,2026-05-21
L00908,C00372,enroll,143,2025-09-19
L00220,C00288,enroll,57,2025-10-10
L00392,C00101,like,73,2026-02-20
L00956,C00200,skip,206,2025-09-25
L00932,C00445,like,90,2026-01-24
L00233,C00080,enroll,65,2026-04-30
L00698,C00191,add_to_wishlist,128,2026-03-02
L00403,C00166,complete,93,2026-07-09
L00703,C00171,like,186,2026-07-04
L00145,C00238,add_to_wishlist,114,2026-02-09
L00319,C00284,enroll,84,2025-09-21
L00643,C00248,enroll,154,2026-04-14
L00010,C00097,skip,185,2026-02-17
L00358,C00100,add_to_wishlist,43,2026-05-06
L00815,C00451,add_to_wishlist,207,2025-10-17
L00697,C00431,skip,165,2025-09-27
L00411,C00127,enroll,72,2025-09-08
L00006,C00452,add_to_wishlist,194,2025-12-23
L00077,C00007,enroll,228,2026-01-17
L00577,C00015,add_to_wishlist,108,2026-07-11
L00111,C00006,complete,44,2025-12-13
L00969,C00486,like,192,2026-06-03
L00204,C00460,skip,47,2026-07-31
L00421,C00447,add_to_wishlist,64,2026-02-02
L00232,C00081,like,192,2026-06-13
L00101,C00119,add_to_wishlist,133,2026-01-06
L00654,C00108,add_to_wishlist,80,2026-07-08
L00366,C00378,enroll,101,2025-11-13
L00470,C00128,add_to_wishlist,154,2026-07-29
L00238,C00405,add_to_wishlist,176,2025-10-27
L00777,C00385,add_to_wishlist,77,2026-08-08
L00557,C00212,add_to_wishlist,156,2026-06-30
L00540,C00220,like,232,2026-06-10
L00847,C00331,complete,71,2026-08-27
L00719,C00102,complete,179,2026-04-08
L00439,C00319,enroll,41,2026-03-18
L00723,C00442,enroll,66,2026-02-20
L00750,C00399,skip,204,2026-04-16
L00460,C00066,skip,133,2025-09-21
L00248,C00258,enroll,139,2026-04-29
L00955,C00229,like,172,2026-08-22
L00339,C00282,enroll,235,2026-08-17
L00585,C00148,skip,228,2025-11-04
L00996,C00051,add_to_wishlist,71,2025-11-01
L00199,C00254,like,100,2026-05-20
L00054,C00463,add_to_wishlist,118,2026-03-24
L00578,C00264,add_to_wishlist,155,2026-04-05
L00413,C00282,like,195,2026-07-26
L00937,C00087,add_to_wishlist,109,2026-06-16
L00152,C00407,skip,156,2025-12-26
L00641,C00185,add_to_wishlist,122,2025-10-15
L00603,C00016,enroll,228,2026-06-10
L00230,C00032,skip,30,2026-06-14
L00454,C00331,enroll,60,2026-08-09
L00380,C00118,like,101,2025-11-26
L00925,C00257,skip,171,2026-07-14
L00663,C00382,skip,34,2026-04-21
L00708,C00421,complete,23,2026-01-27
L00231,C00170,add_to_wishlist,226,2026-04-04
L00315,C00052,add_to_wishlist,16,2025-12-20
L00620,C00065,complete,176,2026-01-19
L00609,C00126,complete,10,2026-07-11
L00925,C00038,complete,159,2026-03-02
L00036,C00491,like,16,2026-01-10
L00203,C00165,like,122,2026-08-14
L00933,C00008,complete,157,2026-07-21
L00970,C00337,skip,213,2026-01-28
L00702,C00460,complete,222,2026-02-25
L00386,C00486,complete,143,2026-02-06
L00378,C00410,enroll,237,2025-12-22
L00573,C00253,skip,215,2026-06-07
L00537,C00285,like,76,2026-08-22
L00798,C00482,add_to_wishlist,127,2026-06-05
L00943,C00405,add_to_wishlist,36,2025-11-11
L00321,C00437,skip,14,2026-01-17
L00367,C00071,like,76,2026-05-19
L00445,C00154,add_to_wishlist,204,2025-09-04
L00761,C00036,add_to_wishlist,76,2026-01-02
L00855,C00114,skip,133,2026-05-02
L00305,C00195,like,42,2026-06-16
L00512,C00445,enroll,146,2026-02-24
L00657,C00488,complete,144,2026-02-13
L00142,C00446,skip,90,2025-11-23
L00107,C00029,like,128,2025-11-23
L00722,C00446,like,156,2026-01-30
L00635,C00147,enroll,132,2026-05-31
L00713,C00037,complete,47,2026-04-26
L00450,C00466,like,23,2026-04-08
L00657,C00038,skip,99,2025-09-21
L00345,C00090,add_to_wishlist,70,2026-01-20
L00327,C00070,like,56,2025-10-06
L00106,C00284,complete,239,2026-03-22
L00797,C00286,skip,157,2025-09-26
L00900,C00186,enroll,37,2025-10-02
L00998,C00041,enroll,196,2025-12-05
L00935,C00274,enroll,30,2026-09-04
L00570,C00492,complete,8,2025-09-06
L00348,C00181,skip,226,2026-02-28
L00993,C00033,enroll,24,2026-04-26
L00485,C00067,add_to_wishlist,175,2025-11-18
L00584,C00489,add_to_wishlist,152,2026-03-12
L00470,C00245,complete,54,2025-10-26
L00158,C00236,add_to_wishlist,93,2026-01-10
L00235,C00409,complete,195,2026-06-22
L00294,C00135,complete,166,2026-08-07
L00195,C00177,enroll,115,2025-11-30
L00149,C00427,complete,28,2025-12-17
L00156,C00137,skip,137,2026-08-03
L00264,C00169,complete,178,2025-11-20
L00613,C00075,add_to_wishlist,163,2025-11-19
L00548,C00395,add_to_wishlist,56,2026-01-01
L00520,C00219,enroll,97,2026-01-15
L00320,C00196,skip,33,2026-01-12
L00047,C00495,complete,108,2025-12-06
L00678,C00438,add_to_wishlist,31,2026-08-29
L00910,C00387,add_to_wishlist,176,2026-07-03
L00386,C00209,enroll,88,2026-08-08
L00303,C00257,enroll,192,2025-10-09
L00239,C00070,add_to_wishlist,198,2026-06-03
L00125,C00205,enroll,57,2026-01-27
L00760,C00046,skip,8,2025-12-25
L00239,C00009,add_to_wishlist,236,2026-01-10
L00621,C00448,add_to_wishlist,197,2025-12-14
L00110,C00316,skip,105,2026-01-16
L00505,C00066,add_to_wishlist,126,2026-08-08
L00874,C00441,skip,226,2025-09-19
L00206,C00261,skip,142,2026-03-03
L00397,C00459,complete,4,2026-01-29
L00972,C00149,like,2,2026-01-17
L00688,C00250,complete,57,2026-06-08
L00062,C00222,add_to_wishlist,232,2026-07-25
L00325,C00036,enroll,146,2026-08-18
L00099,C00011,complete,171,2025-10-11
L00835,C00053,enroll,73,2026-03-28
L00655,C00383,add_to_wishlist,197,2026-04-11
L00619,C00500,skip,52,2026-04-25
L00075,C00081,enroll,175,2026-08-31
L00849,C00034,enroll,93,2026-01-04
L00287,C00097,like,218,2026-05-24
L00236,C00258,like,159,2026-06-23
L00285,C00461,complete,55,2026-04-28
L00629,C00409,add_to_wishlist,26,2025-10-10
L00977,C00074,like,32,2025-09-10
L00901,C00063,complete,33,2026-05-27
L00660,C00386,like,222,2026-08-15
L00734,C00320,skip,55,2026-07-28
L00668,C00344,enroll,213,2026-09-03
L00219,C00180,skip,202,2026-03-25
L00515,C00477,enroll,27,2026-06-14
L00142,C00096,add_to_wishlist,159,2025-12-02
L00722,C00473,enroll,108,2026-06-22
L00509,C00022,enroll,205,2025-10-17
L00496,C00267,like,42,2026-01-24
L00707,C00388,skip,4,2026-08-30
L00592,C00001,add_to_wishlist,228,2026-07-25
L00256,C00181,skip,215,2026-04-01
L00001,C00232,add_to_wishlist,29,2026-08-02
L00127,C00397,like,130,2025-11-29
L00464,C00158,like,84,2026-08-01
L00017,C00140,add_to_wishlist,5,2025-12-28
L00214,C00219,like,21,2025-12-15
L00873,C00320,add_to_wishlist,148,2025-10-25
L00782,C00203,skip,90,2025-11-04
L00665,C00324,enroll,142,2025-10-07
L00363,C00440,like,147,2026-02-26
L00678,C00470,add_to_wishlist,208,2025-11-30
L00438,C00007,complete,136,2025-10-19
L00790,C00361,skip,85,2026-06-30
L00962,C00023,enroll,19,2026-06-01
L00987,C00101,add_to_wishlist,202,2026-03-26
L00164,C00388,skip,38,2025-12-23
L00373,C00407,skip,11,2026-07-05
L00970,C00434,add_to_wishlist,180,2025-10-04
L00109,C00042,like,61,2026-08-17
L00374,C00497,like,143,2026-07-03
L00854,C00161,skip,110,2026-03-14
L00034,C00347,enroll,118,2025-10-28
L00930,C00120,skip,140,2025-12-20
L00904,C00089,add_to_wishlist,233,2026-01-06
L00214,C00247,add_to_wishlist,70,2025-12-14
L00578,C00474,skip,184,2025-12-01
L00085,C00072,complete,126,2025-10-03
L00969,C00446,add_to_wishlist,139,2026-01-28
L00692,C00067,enroll,123,2026-07-16
L00198,C00350,skip,136,2026-08-26
L00030,C00189,like,65,2025-12-20
L00889,C00315,add_to_wishlist,115,2026-07-16
L00511,C00173,like,184,2026-05-09
L00149,C00325,skip,27,2026-05-01
L00371,C00417,add_to_wishlist,230,2026-06-03
L00426,C00056,complete,116,2025-12-02
L00417,C00119,like,40,2026-07-28
L00181,C00440,like,103,2026-02-03
L00587,C00418,add_to_wishlist,14,2025-09-04
L00031,C00212,add_to_wishlist,142,2026-06-11
L00741,C00419,complete,213,2025-12-10
L00253,C00294,complete,92,2025-09-22
L00176,C00056,like,193,2026-01-18
L00691,C00315,skip,79,2026-02-25
L00213,C00403,add_to_wishlist,117,2025-12-14
L00792,C00422,enroll,101,2025-10-16
L00806,C00138,skip,7,2025-09-23
L00626,C00286,enroll,142,2025-11-08
L00729,C00116,like,233,2026-03-17
L00319,C00088,like,179,2026-05-11
L00174,C00279,enroll,53,2026-01-11
L00721,C00270,like,44,2026-07-02
L00512,C00439,skip,224,2026-03-24
L00986,C00399,complete,192,2026-02-03
L00749,C00253,enroll,211,2026-01-19
L00623,C00099,like,50,2025-09-26
L00629,C00493,enroll,184,2025-12-15
L00082,C00132,complete,153,2026-01-23
L00857,C00246,add_to_wishlist,6,2026-07-29
L00832,C00353,add_to_wishlist,32,2026-05-27
L00272,C00364,like,143,2026-06-06
L00683,C00168,complete,126,2025-11-21
L00653,C00444,enroll,154,2026-03-23
L00190,C00216,add_to_wishlist,91,2026-02-14
L00094,C00427,add_to_wishlist,122,2026-08-16
L00246,C00412,complete,47,2026-08-17
L00078,C00280,enroll,21,2026-05-14
L00818,C00161,enroll,188,2026-05-20
L00909,C00108,skip,111,2026-04-28
L00307,C00147,skip,111,2025-11-10
L00276,C00290,like,110,2026-05-23
L00732,C00429,add_to_wishlist,134,2026-04-25
L00743,C00015,add_to_wishlist,132,2026-03-23
L00959,C00132,like,191,2025-12-09
L00173,C00189,enroll,48,2026-04-17
L00564,C00463,skip,187,2026-03-31
L00278,C00254,complete,27,2025-09-28
L00430,C00266,skip,173,2026-06-19
L00132,C00214,add_to_wishlist,97,2026-07-08
L00852,C00326,skip,234,2025-11-14
L00636,C00183,like,34,2026-02-22
L00165,C00045,skip,192,2025-09-05
L00987,C00121,enroll,74,2025-09-22
L00796,C00065,complete,51,2026-03-01
L00015,C00482,add_to_wishlist,178,2026-06-13
L00001,C00164,like,54,2026-04-18
L00143,C00296,like,91,2026-01-08
L00649,C00253,like,185,2025-12-03
L00761,C00101,like,64,2026-08-18
L00451,C00168,add_to_wishlist,194,2026-03-18
L00393,C00437,enroll,111,2025-10-28
L00501,C00488,complete,198,2026-03-08
L00035,C00285,complete,229,2025-11-23
L00603,C00314,like,186,2026-09-03
L00090,C00440,skip,108,2026-08-13
L00425,C00137,like,56,2026-03-10
L00739,C00380,complete,24,2026-02-10
L00818,C00159,skip,114,2026-05-29
L00845,C00235,like,43,2026-02-17
L00312,C00016,enroll,228,2025-10-18
L00112,C00266,add_to_wishlist,184,2026-03-23
L00458,C00155,enroll,204,2025-12-05
L00163,C00003,like,51,2026-05-17
L00491,C00475,enroll,103,2026-06-05
L00997,C00150,add_to_wishlist,66,2026-04-27
L00052,C00264,complete,106,2026-04-04
L00127,C00416,enroll,65,2026-07-22
L00770,C00176,enroll,46,2026-07-30
L00692,C00390,add_to_wishlist,214,2025-10-21
L00602,C00012,complete,0,2026-01-16
L00353,C00311,add_to_wishlist,23,2026-08-29
L00135,C00132,complete,151,2026-08-27
L00995,C00378,add_to_wishlist,112,2025-11-08
L00052,C00097,add_to_wishlist,80,2026-08-20
L00064,C00090,enroll,140,2025-11-29
L00274,C00134,skip,236,2025-10-09
L00962,C00464,add_to_wishlist,117,2025-11-13
L00985,C00179,like,37,2026-04-06
L00953,C00193,add_to_wishlist,11,2026-08-31
L00501,C00300,like,91,2025-11-20
L00890,C00031,complete,42,2026-06-10
L00958,C00136,add_to_wishlist,3,2026-03-26
L00879,C00388,complete,34,2026-02-11
L00861,C00090,add_to_wishlist,184,2026-05-11
L00930,C00329,enroll,86,2025-11-24
L00869,C00190,skip,129,2026-08-25
L00244,C00344,like,179,2026-07-26
L00107,C00386,like,166,2026-02-23
L00792,C00190,complete,19,2026-03-11
L00791,C00309,enroll,205,2025-09-13
L00333,C00244,add_to_wishlist,94,2026-03-08
L00817,C00147,like,200,2025-11-05
L00907,C00375,enroll,163,2026-02-03
L00923,C00469,enroll,193,2026-07-09
L00764,C00036,enroll,115,2026-08-07
L00240,C00382,skip,2,2025-12-29
L00698,C00462,add_to_wishlist,86,2026-06-30
L00266,C00233,like,210,2026-03-26
L00050,C00298,add_to_wishlist,112,2026-05-13
L00033,C00029,skip,188,2026-08-20
L00217,C00392,add_to_wishlist,75,2026-02-05
L00239,C00270,skip,206,2025-12-19
L00104,C00424,add_to_wishlist,136,2025-09-16
L00138,C00006,skip,100,2026-06-16
L00060,C00404,like,174,2025-11-30
L00963,C00326,complete,208,2026-05-27
L00134,C00351,enroll,98,2026-08-25
L00370,C00179,enroll,141,2026-08-24
L00835,C00182,skip,164,2026-08-16
L00684,C00206,like,130,2026-07-02
L00749,C00204,add_to_wishlist,222,2026-08-02
L00035,C00477,complete,140,2026-04-01
L00308,C00455,add_to_wishlist,184,2026-04-12
L00212,C00114,add_to_wishlist,35,2026-03-26
L00838,C00496,like,16,2026-06-24
L00523,C00333,enroll,103,2026-02-24
L00404,C00230,enroll,149,2026-07-18
L00045,C00461,skip,120,2026-05-16
L00725,C00068,add_to_wishlist,71,2026-01-15
L00450,C00067,complete,212,2025-10-09
L00907,C00459,like,83,2025-11-15
L00374,C00324,add_to_wishlist,92,2026-01-11
L00019,C00035,skip,40,2025-11-07
L00235,C00374,enroll,10,2026-04-22
L00012,C00039,enroll,232,2025-10-20
L00443,C00429,like,173,2026-05-04
L00680,C00148,enroll,29,2025-09-22
L00658,C00125,like,42,2025-12-14
L00846,C00077,like,214,2025-12-15
L00510,C00394,like,234,2026-06-04
L00082,C00300,like,165,2026-04-15
L00575,C00310,complete,167,2025-09-21
L00641,C00070,enroll,105,2025-12-19
L00649,C00013,complete,81,2025-11-08
L00313,C00478,enroll,23,2025-10-07
L00608,C00287,like,99,2026-03-19
L00110,C00046,add_to_wishlist,144,2026-06-15
L00522,C00434,skip,11,2025-10-11
L00049,C00246,skip,80,2026-05-20
L00566,C00303,add_to_wishlist,111,2025-12-12
L00309,C00422,like,61,2025-10-18
L00202,C00327,complete,22,2025-10-25
L00463,C00288,enroll,173,2026-02-04
L00816,C00415,like,33,2026-08-16
L00679,C00469,skip,195,2026-04-02
L00829,C00416,like,184,2026-07-09
L00537,C00196,add_to_wishlist,155,2026-05-17
L00171,C00310,enroll,113,2026-04-22
L00996,C00469,like,134,2026-05-11
L00870,C00172,skip,63,2025-09-17
L00600,C00432,add_to_wishlist,29,2026-03-30
L00161,C00093,complete,197,2025-09-11
L00779,C00378,add_to_wishlist,72,2026-01-19
L00219,C00412,like,184,2026-05-04
L00353,C00125,skip,115,2026-07-26
L00065,C00145,skip,50,2025-09-27
L00815,C00318,enroll,229,2026-01-29
L00582,C00100,enroll,60,2025-10-16
L00773,C00493,enroll,148,2026-07-21
L00507,C00367,complete,53,2026-05-11
L00914,C00231,complete,50,2025-12-12
L00866,C00387,enroll,118,2025-12-07
L00470,C00124,complete,228,2026-01-17
L00700,C00267,skip,161,2026-03-19
L00420,C00384,enroll,36,2025-11-16
L00353,C00242,add_to_wishlist,121,2026-07-27
L00472,C00222,skip,18,2026-04-20
L00868,C00180,like,119,2025-12-09
L00561,C00061,skip,190,2026-02-09
L00961,C00482,skip,118,2026-08-10
L00023,C00082,add_to_wishlist,57,2025-10-01
L00784,C00183,add_to_wishlist,40,2026-03-12
L00582,C00054,complete,20,2026-06-18
L00366,C00395,skip,116,2026-06-22
L00386,C00211,like,13,2026-08-08
L00348,C00111,like,116,2026-01-15
L00305,C00231,add_to_wishlist,80,2025-10-28
L00108,C00137,like,35,2026-02-16
L00325,C00115,add_to_wishlist,213,2026-07-23
L00303,C00144,skip,233,2025-11-16
L00466,C00389,skip,111,2026-04-06
L00139,C00131,skip,74,2026-06-03
L00582,C00177,skip,237,2025-12-04
L00997,C00082,like,128,2026-03-17
L00389,C00454,like,11,2026-03-21
L00166,C00305,add_to_wishlist,91,2026-06-01
L00892,C00033,add_to_wishlist,151,2026-06-10
L00666,C00220,add_to_wishlist,22,2026-06-29
L00532,C00009,complete,216,2026-03-30
L00112,C00269,add_to_wishlist,90,2026-05-15
L00484,C00136,add_to_wishlist,75,2026-01-22
L00561,C00269,complete,104,2026-05-23
L00217,C00127,like,139,2025-11-10
L00926,C00028,complete,31,2026-06-23
L00969,C00284,like,20,2026-07-29
L00835,C00027,complete,18,2025-12-11
L00903,C00221,enroll,172,2026-08-10
L00670,C00151,add_to_wishlist,142,2026-04-19
L00466,C00262,enroll,190,2025-09-06
L00326,C00469,skip,0,2026-04-15
L00061,C00436,skip,65,2025-12-26
L00525,C00111,skip,150,2026-06-29
L00652,C00164,like,197,2025-12-28
L00180,C00156,add_to_wishlist,180,2026-06-21
L00785,C00154,enroll,145,2025-10-21
L00826,C00108,add_to_wishlist,82,2025-09-26
L00657,C00279,like,108,2026-07-10
L00545,C00302,complete,182,2026-07-28
L00827,C00359,enroll,140,2026-07-14
L00553,C00470,skip,160,2026-01-22
L00501,C00117,complete,78,2026-02-13
L00809,C00052,add_to_wishlist,198,2026-08-26
L00637,C00213,like,40,2025-10-14
L00836,C00215,add_to_wishlist,136,2026-06-08
L00397,C00274,skip,123,2026-03-14
L00499,C00045,skip,85,2026-06-19
L00690,C00108,like,79,2026-01-17
L00620,C00420,add_to_wishlist,221,2025-10-14
L00371,C00381,add_to_wishlist,192,2026-06-09
L00197,C00024,skip,105,2026-08-01
L00552,C00471,enroll,107,2026-05-01
L00292,C00021,add_to_wishlist,182,2026-04-09
L00006,C00060,enroll,63,2026-07-29
L00207,C00497,skip,239,2026-03-30
L00911,C00274,skip,191,2025-10-19
L00855,C00148,like,97,2025-10-25
L00140,C00303,skip,154,2026-01-29
L00768,C00007,complete,104,2025-12-15
L00015,C00169,enroll,71,2026-02-28
L00802,C00481,complete,177,2026-08-06
L00521,C00233,add_to_wishlist,71,2026-05-29
L00205,C00283,skip,125,2025-11-14
L00171,C00451,add_to_wishlist,112,2026-02-11
L00023,C00043,complete,22,2025-10-08
L00593,C00381,add_to_wishlist,176,2026-04-21
L00860,C00107,like,142,2025-12-26
L00079,C00050,enroll,86,2026-03-25
L00008,C00085,add_to_wishlist,192,2025-10-17
L00587,C00005,like,163,2026-06-30
L00866,C00358,complete,224,2025-12-11
L00644,C00102,skip,64,2026-05-21
L00730,C00128,add_to_wishlist,85,2026-08-19
L00432,C00105,enroll,53,2026-05-17
L00216,C00078,like,50,2026-02-20
L00909,C00247,like,72,2026-07-07
L00782,C00142,enroll,115,2026-08-04
L00918,C00196,complete,219,2026-07-11
L00508,C00016,skip,13,2026-04-25
L00368,C00136,enroll,177,2026-07-04
L00796,C00408,add_to_wishlist,59,2026-06-11
L00001,C00116,add_to_wishlist,55,2025-09-09
L00176,C00376,skip,135,2026-08-08
L00262,C00442,like,203,2025-10-03
L00437,C00104,complete,187,2026-07-17
L00049,C00353,complete,103,2025-09-06
L00920,C00179,skip,210,2025-10-17
L00039,C00354,complete,191,2025-10-01
L00574,C00193,add_to_wishlist,112,2026-04-29
L00629,C00115,add_to_wishlist,65,2026-08-15
L00546,C00109,like,159,2026-07-27
L00955,C00216,skip,50,2025-12-20
L00179,C00018,skip,29,2026-05-01
L00536,C00284,enroll,194,2026-02-21
L00921,C00197,like,107,2026-01-31
L00812,C00154,skip,159,2026-08-24
L00906,C00457,add_to_wishlist,170,2026-03-29
L00513,C00407,skip,200,2026-05-07
L00035,C00229,complete,125,2025-12-14
L00619,C00273,skip,119,2026-07-19
L00415,C00023,add_to_wishlist,31,2026-07-08
L00516,C00200,like,226,2026-07-25
L00576,C00180,complete,70,2026-06-30
L00638,C00235,add_to_wishlist,102,2025-10-23
L00123,C00299,complete,42,2026-02-21
L00023,C00179,enroll,231,2025-11-26
L00131,C00120,skip,98,2026-03-10
L00750,C00299,complete,210,2026-03-16
L00389,C00496,add_to_wishlist,79,2025-10-29
L00732,C00478,like,41,2025-12-28
L00817,C00465,like,47,2026-07-07
L00175,C00462,skip,205,2026-01-03
L00198,C00331,skip,106,2026-06-02
L00390,C00192,enroll,36,2025-12-13
L00845,C00349,complete,29,2026-01-31
L00729,C00444,like,192,2025-10-27
L00256,C00028,skip,230,2026-04-12
L00549,C00049,add_to_wishlist,8,2025-10-01
L00317,C00201,complete,194,2026-04-04
L00506,C00451,like,198,2026-06-22
L00756,C00035,complete,235,2026-08-24
L00575,C00500,add_to_wishlist,86,2026-03-28
L00955,C00099,like,35,2026-01-11
L00029,C00301,skip,229,2026-01-28
L00417,C00134,add_to_wishlist,131,2026-02-21
L00579,C00240,like,47,2026-08-11
L00496,C00025,like,66,2026-06-30
L00508,C00097,like,177,2026-07-06
L00448,C00430,like,215,2026-08-20
L00778,C00481,enroll,125,2025-12-15
L00623,C00482,like,111,2026-06-18
L00647,C00249,add_to_wishlist,156,2025-09-16
L00964,C00159,enroll,214,2025-10-08
L00509,C00263,complete,88,2026-01-13
L00381,C00235,add_to_wishlist,199,2026-05-24
L00374,C00394,like,232,2026-03-09
L00585,C00353,like,49,2026-05-03
L00209,C00041,add_to_wishlist,21,2026-06-13
L00653,C00076,complete,150,2026-02-23
L00720,C00358,add_to_wishlist,29,2026-02-22
L00132,C00005,like,85,2026-07-17
L00065,C00427,enroll,60,2025-11-30
L00293,C00444,add_to_wishlist,238,2026-08-24
L00704,C00219,add_to_wishlist,94,2026-07-30
L00800,C00123,add_to_wishlist,28,2026-04-10
L00248,C00396,complete,238,2026-05-13
L00263,C00099,complete,80,2026-03-14
L00959,C00054,add_to_wishlist,176,2025-10-21
L00253,C00313,like,59,2026-08-10
L00130,C00124,enroll,93,2026-02-17
L00635,C00430,like,174,2025-09-29
L00285,C00071,add_to_wishlist,18,2025-12-13
L00622,C00329,enroll,231,2026-05-02
L00310,C00293,complete,44,2026-01-11
L00865,C00233,skip,207,2025-09-19
L00674,C00195,complete,227,2026-07-02
L00026,C00058,enroll,154,2026-06-26
L00597,C00037,complete,63,2026-02-02
L00186,C00314,like,100,2026-05-06
L00027,C00163,enroll,164,2026-01-22
L00873,C00147,skip,53,2025-11-21
L00109,C00101,complete,53,2025-10-23
L00044,C00254,add_to_wishlist,40,2026-02-15
L00202,C00393,like,206,2025-09-21
L00942,C00443,complete,0,2026-06-30
L00759,C00287,skip,54,2026-01-26
L00496,C00389,complete,167,2025-12-09
L00712,C00193,add_to_wishlist,51,2026-08-17
L00683,C00085,complete,100,2025-10-30
L00803,C00488,enroll,4,2026-05-05
L00139,C00188,enroll,165,2025-12-11
L00224,C00224,add_to_wishlist,2,2025-12-17
L00868,C00068,skip,226,2026-06-15
L00248,C00491,like,34,2026-01-13
L00182,C00487,skip,127,2026-04-03
L00742,C00111,add_to_wishlist,179,2026-05-09
L00566,C00002,complete,87,2026-07-23
L00235,C00440,skip,200,2026-04-16
L00706,C00359,add_to_wishlist,69,2026-07-22
L00009,C00131,complete,136,2026-02-14
L00263,C00285,enroll,211,2026-05-09
L00388,C00420,skip,41,2026-04-15
L00951,C00165,add_to_wishlist,96,2025-09-07
L00443,C00493,add_to_wishlist,135,2026-04-18
L00442,C00075,like,167,2026-08-03
L00265,C00194,skip,184,2026-09-01
L00856,C00082,skip,77,2026-04-19
L00408,C00127,complete,55,2025-12-01
L00560,C00421,add_to_wishlist,201,2026-01-18
L00018,C00032,like,40,2026-07-11
L00935,C00331,like,222,2026-05-08
L00419,C00120,add_to_wishlist,204,2025-10-30
L00399,C00243,like,34,2026-03-19
L00360,C00002,enroll,105,2025-11-13
L00578,C00436,like,205,2026-04-15
L00791,C00106,enroll,49,2026-04-16
L00080,C00080,add_to_wishlist,168,2026-02-24
L00940,C00205,skip,194,2025-11-08
L00292,C00021,enroll,8,2025-09-07
L00819,C00210,enroll,210,2026-04-21
L00141,C00427,skip,71,2026-06-07
L00305,C00454,like,79,2026-01-11
L00217,C00098,enroll,37,2025-11-07
L00212,C00330,complete,195,2026-06-05
L00761,C00313,like,155,2025-09-04
L00484,C00447,like,38,2025-12-02
L00956,C00031,enroll,13,2026-08-18
L00617,C00303,complete,175,2026-03-02
L00133,C00391,skip,236,2026-06-09
L00303,C00004,like,197,2025-10-01
L00545,C00062,like,81,2025-09-28
L00947,C00016,like,126,2026-08-19
L00927,C00343,like,94,2025-09-12
L00516,C00306,skip,197,2025-10-26
L00858,C00167,complete,100,2025-10-25
L00450,C00149,enroll,127,2026-07-06
L00274,C00188,complete,14,2025-09-30
L00022,C00318,like,201,2026-07-25
L00025,C00239,complete,27,2026-08-19
L00892,C00113,skip,164,2026-06-12
L00641,C00027,complete,177,2025-09-24
L00136,C00274,enroll,162,2026-01-09
L00243,C00462,add_to_wishlist,6,2026-06-27
L00980,C00477,skip,179,2025-12-12
L00099,C00429,enroll,177,2026-05-04
L00660,C00145,like,195,2026-08-19
L00678,C00236,enroll,117,2026-07-11
L00066,C00245,enroll,54,2025-12-31
L00281,C00356,add_to_wishlist,177,2025-10-17
L00235,C00293,enroll,230,2025-11-07
L00338,C00316,like,206,2026-01-22
L00948,C00004,like,175,2026-02-04
L00712,C00264,enroll,232,2025-11-21
L00730,C00495,like,47,2026-07-08
L00875,C00349,skip,204,2026-03-17
L00031,C00254,skip,157,2026-07-01
L00686,C00019,like,101,2025-09-21
L00404,C00071,complete,35,2025-12-24
L00048,C00413,enroll,132,2026-03-23
L00100,C00254,complete,81,2025-10-14
L00192,C00201,add_to_wishlist,48,2025-10-27
L00080,C00216,complete,225,2026-05-07
L00635,C00097,like,105,2025-09-12
L00084,C00054,skip,161,2026-08-12
L00220,C00451,skip,131,2026-08-18
L00327,C00033,add_to_wishlist,129,2026-06-08
L00511,C00380,complete,4,2026-01-14
L00527,C00070,add_to_wishlist,5,2026-02-24
L00248,C00396,enroll,90,2025-11-15
L00214,C00226,like,61,2025-11-20
L00655,C00236,complete,236,2026-03-17
L00546,C00488,add_to_wishlist,141,2026-03-18
L00075,C00244,enroll,35,2025-10-24
L00850,C00107,add_to_wishlist,18,2026-02-11
L00509,C00404,add_to_wishlist,239,2025-09-22
L00775,C00416,skip,213,2026-07-11
L00385,C00149,complete,11,2025-12-22
L00141,C00191,complete,173,2026-08-10
L00767,C00258,enroll,138,2026-04-01
L00096,C00366,skip,211,2026-04-27
L00265,C00291,skip,220,2026-08-31
L00761,C00493,add_to_wishlist,125,2026-05-11
L00871,C00310,skip,237,2026-01-30
L00741,C00086,skip,145,2025-11-23
L00832,C00284,add_to_wishlist,215,2026-02-09
L00337,C00199,add_to_wishlist,99,2026-01-22
L00395,C00344,enroll,221,2025-12-27
L00235,C00356,add_to_wishlist,57,2026-06-02
L00742,C00141,add_to_wishlist,223,2025-10-23
L00589,C00176,complete,17,2026-05-15
L00149,C00189,complete,225,2026-01-07
L00297,C00488,like,54,2026-07-01
L00857,C00232,enroll,2,2026-08-23
L00200,C00010,like,174,2025-09-22
L00583,C00077,skip,151,2026-03-27
L00574,C00308,skip,191,2025-10-12
L00529,C00250,skip,100,2026-06-30
L00928,C00340,skip,193,2026-02-07
L00678,C00079,like,63,2026-03-20
L00252,C00222,complete,65,2025-09-15
L00237,C00419,like,21,2025-09-05
L00461,C00231,complete,198,2025-12-20
L00221,C00341,enroll,172,2026-06-10
L00722,C00370,like,42,2026-07-13
L00221,C00280,like,186,2026-06-14
L00708,C00214,enroll,166,2025-10-23
L00189,C00260,complete,94,2026-05-14
L00548,C00221,complete,159,2026-07-10
L00256,C00325,enroll,198,2026-02-07
L00401,C00391,skip,109,2026-01-06
L00327,C00342,skip,14,2026-07-22
L00810,C00040,complete,119,2026-06-26
L00177,C00343,skip,133,2026-01-05
L00766,C00046,enroll,61,2025-12-13
L00772,C00374,enroll,21,2026-07-17
L00778,C00003,enroll,37,2026-03-04
L00180,C00131,like,16,2026-05-23
L00021,C00089,skip,196,2025-12-23
L00284,C00355,add_to_wishlist,102,2026-03-05
L00126,C00425,like,173,2026-07-10
L00273,C00103,add_to_wishlist,55,2026-05-04
L00553,C00435,like,168,2026-07-07
L00495,C00045,complete,71,2026-06-30
L00626,C00478,add_to_wishlist,55,2026-05-02
L00093,C00402,add_to_wishlist,51,2025-10-22
L00042,C00078,complete,113,2026-05-19
L00213,C00312,skip,2,2025-12-03
L00112,C00468,add_to_wishlist,65,2026-05-06
L00496,C00400,skip,182,2025-09-26
L00124,C00390,enroll,76,2026-01-20
L00761,C00337,enroll,229,2026-02-25
L00794,C00198,like,4,2026-02-02
L00258,C00341,add_to_wishlist,171,2025-09-29
L00453,C00009,enroll,163,2025-12-01
L00680,C00247,enroll,112,2025-10-14
L00007,C00086,enroll,184,2026-08-17
L00678,C00483,complete,97,2026-03-13
L00405,C00211,complete,10,2026-03-10
L00850,C00230,complete,59,2026-03-21
L00848,C00035,like,44,2025-10-30
L00684,C00135,complete,231,2025-12-09
L00844,C00055,skip,15,2026-07-01
L00279,C00023,enroll,42,2025-10-22
L00057,C00277,like,17,2025-09-19
L00680,C00431,enroll,25,2025-11-30
L00860,C00284,complete,115,2025-10-30
L00925,C00429,skip,158,2025-12-26
L00984,C00221,like,71,2026-01-31
L00856,C00498,skip,70,2026-06-16
L00772,C00067,complete,101,2026-07-30
L00570,C00160,complete,188,2026-07-27
L00590,C00473,complete,30,2025-09-30
L00976,C00492,add_to_wishlist,128,2026-05-13
L00047,C00088,add_to_wishlist,60,2026-09-02
L00448,C00389,skip,205,2025-11-14
L00791,C00100,enroll,107,2026-04-04
L00477,C00050,like,217,2026-05-25
L00221,C00485,like,156,2026-01-23
L00802,C00121,complete,21,2026-07-01
L00510,C00130,skip,234,2026-06-15
L00153,C00399,enroll,100,2026-03-31
L00146,C00442,add_to_wishlist,190,2026-04-30
L00064,C00190,complete,77,2026-02-05
L00995,C00213,skip,213,2026-01-25
L00410,C00476,complete,26,2026-08-04
L00189,C00285,skip,50,2025-11-27
L00011,C00449,enroll,19,2026-08-18
L00581,C00420,like,211,2025-10-26
L00340,C00191,like,33,2026-03-30
L00716,C00210,like,122,2025-09-14
L00476,C00247,enroll,44,2026-07-23
L00598,C00424,like,135,2026-06-10
L00911,C00245,skip,28,2026-08-30
L00581,C00298,add_to_wishlist,39,2026-02-20
L00590,C00270,enroll,33,2025-09-07
L00321,C00354,add_to_wishlist,79,2025-10-24
L00615,C00293,add_to_wishlist,135,2026-04-10
L00471,C00374,enroll,94,2025-12-17
L00374,C00389,enroll,21,2026-01-27
L00862,C00400,complete,174,2026-08-23
L00111,C00493,enroll,48,2026-07-30
L00564,C00049,enroll,130,2026-06-15
L00542,C00299,add_to_wishlist,192,2026-05-04
L00703,C00303,skip,43,2025-11-29
L00350,C00076,like,133,2026-04-05
L00828,C00094,complete,62,2026-01-13
L00391,C00200,skip,101,2026-08-10
L00813,C00033,complete,5,2026-02-01
L00942,C00289,add_to_wishlist,78,2025-12-01
L00231,C00215,enroll,45,2026-04-01
L00065,C00204,complete,160,2026-04-03
L00989,C00248,skip,235,2026-09-03
L00300,C00117,add_to_wishlist,206,2026-04-08
L00249,C00356,enroll,92,2025-09-27
L00695,C00418,like,220,2026-05-26
L00774,C00468,complete,81,2025-12-31
L00148,C00202,like,75,2026-05-07
L00299,C00383,enroll,178,2025-11-15
L00420,C00492,complete,192,2025-09-16
L00988,C00225,skip,147,2025-10-23
L00576,C00358,complete,154,2026-08-02
L00380,C00003,skip,193,2026-03-13
L00132,C00124,like,225,2026-04-12
L00456,C00333,like,89,2026-05-31
L00271,C00296,add_to_wishlist,128,2026-04-15
L00938,C00451,complete,12,2026-07-02
L00237,C00207,add_to_wishlist,78,2025-11-29
L00948,C00174,skip,186,2025-12-25
L00052,C00218,complete,108,2026-06-02
L00138,C00064,add_to_wishlist,233,2025-10-26
L00068,C00002,like,218,2026-01-23
L00062,C00200,enroll,61,2025-09-14
L00816,C00488,complete,100,2026-02-06
L00298,C00446,add_to_wishlist,176,2025-12-03
L00407,C00067,complete,124,2026-06-15
L00193,C00388,skip,19,2025-11-06
L00122,C00427,add_to_wishlist,100,2026-03-01
L00655,C00067,skip,111,2026-03-15
L00263,C00268,enroll,224,2025-11-19
L00624,C00012,like,51,2026-08-20
L00083,C00147,complete,240,2026-05-15
L00536,C00099,add_to_wishlist,128,2026-01-12
L00807,C00477,skip,18,2026-07-02
L00080,C00142,enroll,72,2026-01-20
L00190,C00314,skip,206,2026-08-07
L00002,C00145,skip,159,2026-01-11
L00288,C00477,enroll,218,2026-04-18
L00773,C00275,add_to_wishlist,203,2025-11-11
L00214,C00462,complete,3,2026-03-21
L00559,C00430,complete,205,2026-05-28
L00404,C00328,like,57,2026-04-13
L00797,C00368,complete,124,2026-01-29
L00845,C00031,enroll,52,2026-08-08
L00912,C00388,complete,101,2025-11-21
L00401,C00313,skip,239,2026-08-24
L00623,C00095,enroll,83,2026-03-15
L00910,C00351,complete,133,2026-02-21
L00853,C00459,like,154,2025-11-05
L00211,C00328,add_to_wishlist,91,2026-02-22
L00369,C00374,add_to_wishlist,236,2026-05-11
L00910,C00407,complete,11,2025-09-29
L00222,C00387,skip,193,2026-01-28
L00541,C00199,like,58,2026-09-03
L00679,C00136,like,63,2026-05-25
L00972,C00253,skip,84,2026-07-29
L00030,C00116,add_to_wishlist,126,2026-06-28
L00386,C00332,enroll,200,2025-10-05
L00171,C00107,add_to_wishlist,191,2026-06-30
L00664,C00033,skip,62,2025-12-15
L00992,C00379,complete,38,2026-08-30
L00820,C00150,complete,86,2026-03-19
L00032,C00008,add_to_wishlist,47,2026-06-10
L00558,C00236,enroll,155,2026-04-03
L00295,C00433,complete,236,2026-08-13
L00624,C00307,complete,76,2026-04-19
L00464,C00005,add_to_wishlist,44,2026-03-09
L00594,C00195,complete,201,2025-10-12
L00359,C00280,enroll,76,2026-01-24
L00972,C00001,like,98,2026-04-06
L00262,C00292,complete,72,2025-11-16
L00583,C00289,like,165,2026-05-06
L00251,C00373,add_to_wishlist,166,2026-08-23
L00976,C00374,enroll,8,2025-12-07
L00416,C00100,like,204,2025-09-04
L00887,C00119,enroll,190,2026-02-21
L00819,C00200,add_to_wishlist,70,2025-09-12
L00015,C00453,complete,152,2026-02-11
L00459,C00344,skip,33,2026-01-28
L00181,C00124,enroll,212,2026-04-18
L00911,C00250,enroll,32,2025-11-01
L00996,C00102,complete,128,2026-01-30
L00355,C00047,add_to_wishlist,98,2025-09-29
L00640,C00153,skip,110,2026-05-29
L00558,C00187,complete,189,2025-12-08
L00162,C00135,skip,8,2026-02-18
L00121,C00390,skip,170,2026-04-19
L00648,C00382,skip,76,2026-08-22
L00525,C00171,skip,36,2026-08-22
L00093,C00158,like,117,2025-10-30
L00184,C00281,add_to_wishlist,161,2025-09-18
L00782,C00415,complete,213,2026-05-30
L00610,C00314,complete,62,2026-08-27
L00345,C00494,add_to_wishlist,161,2026-02-18
L00515,C00414,skip,141,2026-02-10
L00815,C00383,skip,212,2026-08-26
L00981,C00486,skip,81,2025-12-17
L00646,C00417,add_to_wishlist,85,2026-03-20
L00841,C00443,complete,223,2026-07-08
L00994,C00436,enroll,158,2026-06-21
L00946,C00344,like,21,2026-05-16
L00212,C00461,add_to_wishlist,141,2025-10-18
L00266,C00017,complete,146,2026-07-21
L00186,C00317,add_to_wishlist,146,2026-03-19
L00927,C00463,like,48,2026-04-12
L00665,C00335,add_to_wishlist,201,2025-11-11
L00712,C00142,skip,121,2025-10-29
L00927,C00326,like,14,2026-01-16
L00596,C00298,complete,12,2025-11-15
L00471,C00304,complete,24,2026-04-29
L00785,C00424,skip,53,2026-05-28
L00764,C00494,skip,104,2026-01-15
L00005,C00399,skip,108,2026-02-12
L00034,C00166,enroll,234,2026-04-17
L00629,C00135,complete,103,2026-05-29
L00321,C00217,skip,197,2026-08-16
L00994,C00360,like,28,2025-09-26
L00702,C00471,skip,41,2026-03-27
L00633,C00222,add_to_wishlist,26,2026-04-14
L00544,C00013,enroll,0,2025-11-23
L00279,C00475,complete,187,2025-09-28
L00668,C00245,add_to_wishlist,239,2025-10-18
L00321,C00213,enroll,58,2026-07-26
L00130,C00275,add_to_wishlist,203,2026-03-03
L00177,C00231,skip,103,2026-03-12
L00326,C00310,skip,45,2026-08-05
L00863,C00322,enroll,21,2025-10-19
L00137,C00414,like,77,2025-12-03
L00383,C00025,like,200,2025-12-02
L00870,C00073,add_to_wishlist,156,2026-04-01
L00926,C00499,add_to_wishlist,142,2026-01-28
L00899,C00057,complete,23,2025-12-29
L00864,C00474,skip,0,2026-03-13
L00774,C00290,add_to_wishlist,135,2026-08-28
L00535,C00175,like,182,2026-04-06
L00205,C00202,add_to_wishlist,195,2026-06-15
L00534,C00425,add_to_wishlist,192,2026-07-16
L00658,C00287,complete,95,2026-07-29
L00108,C00297,complete,212,2025-12-06
L00657,C00136,like,74,2026-01-30
L00874,C00496,enroll,193,2026-05-20
L00267,C00411,skip,49,2026-07-02
L00040,C00445,like,120,2026-06-20
L00725,C00172,skip,126,2026-04-22
L00276,C00129,add_to_wishlist,31,2026-06-18
L00501,C00080,add_to_wishlist,151,2025-12-16
L00632,C00073,add_to_wishlist,3,2026-08-16
L00067,C00465,add_to_wishlist,102,2026-01-22
L00578,C00499,like,163,2026-06-11
L00010,C00166,add_to_wishlist,0,2025-09-08
L00630,C00194,skip,149,2026-04-07
L00855,C00184,complete,119,2025-11-29
L00714,C00264,enroll,87,2025-09-23
L00765,C00416,complete,57,2026-07-03
L00002,C00172,skip,111,2026-04-29
L00632,C00123,skip,183,2026-07-04
L00136,C00484,like,49,2026-02-22
L00535,C00041,enroll,238,2026-04-07
L00313,C00448,add_to_wishlist,53,2026-08-09
L00423,C00329,add_to_wishlist,178,2026-08-10
L00150,C00119,add_to_wishlist,214,2025-11-08
L00527,C00086,enroll,126,2026-07-02
L00933,C00041,enroll,179,2026-01-22
L00671,C00169,add_to_wishlist,172,2026-06-10
L00202,C00035,enroll,57,2026-08-08
L00595,C00074,like,10,2026-03-12
L00501,C00262,enroll,231,2026-01-25
L00919,C00215,add_to_wishlist,197,2025-09-10
L00823,C00478,skip,205,2025-09-30
L00005,C00413,add_to_wishlist,101,2026-01-22
L00897,C00182,like,41,2025-11-10
L00289,C00192,enroll,238,2026-02-22
L00565,C00465,add_to_wishlist,233,2026-08-04
L00110,C00219,complete,32,2025-11-24
L00687,C00492,enroll,54,2026-08-18
L00194,C00076,skip,110,2025-11-03
L00138,C00492,complete,70,2026-04-24
L00334,C00322,complete,19,2026-05-04
L00047,C00441,enroll,141,2026-08-26
L00644,C00015,enroll,203,2026-05-29
L00179,C00064,skip,5,2026-04-23
L00756,C00354,like,174,2026-07-14
L00416,C00330,enroll,123,2026-01-03
L00323,C00402,skip,89,2026-06-26
L00233,C00097,enroll,144,2025-09-19
L00030,C00444,enroll,87,2026-06-16
L00354,C00257,like,126,2026-05-16
L00832,C00010,complete,172,2025-12-11
L00830,C00025,complete,121,2026-06-24
L00498,C00264,skip,132,2025-11-29
L00355,C00146,skip,46,2026-02-18
L00795,C00366,enroll,19,2025-11-10
L00736,C00485,complete,160,2026-05-20
L00816,C00031,complete,236,2026-03-29
L00708,C00137,enroll,130,2025-11-26
L00924,C00265,like,31,2026-08-07
L00639,C00356,add_to_wishlist,68,2025-11-23
L00692,C00491,complete,39,2025-11-02
L00412,C00332,like,3,2026-05-10
L00545,C00077,skip,184,2026-08-14
L00258,C00438,skip,175,2025-10-13
L00341,C00345,enroll,238,2025-09-23
L00273,C00420,add_to_wishlist,212,2025-09-23
L00041,C00290,complete,52,2026-02-04
L00325,C00153,add_to_wishlist,86,2026-03-07
L00284,C00264,enroll,152,2025-12-09
L00342,C00369,add_to_wishlist,204,2026-07-05
L00116,C00428,like,6,2026-06-02
L00924,C00052,complete,53,2026-01-21
L00268,C00426,complete,71,2026-01-15
L00452,C00399,complete,111,2025-12-27
L00884,C00200,skip,129,2026-02-11
L00685,C00294,enroll,16,2025-12-22
L00472,C00153,add_to_wishlist,2,2026-05-27
L00947,C00174,complete,62,2026-06-24
L00693,C00360,skip,141,2026-08-05
L00087,C00418,like,148,2026-05-31
L00857,C00447,skip,69,2025-11-05
L00372,C00446,complete,163,2026-01-27
L00982,C00325,complete,72,2026-03-15
L00008,C00014,like,24,2025-11-27
L00061,C00113,skip,162,2026-01-20
L00087,C00391,add_to_wishlist,93,2026-01-23
L00152,C00153,like,187,2025-12-08
L00976,C00010,skip,166,2025-10-24
L00242,C00064,like,49,2025-10-07
L00876,C00334,enroll,145,2026-01-05
L00982,C00366,enroll,16,2026-07-13
L00246,C00311,complete,127,2026-05-27
L00820,C00029,skip,81,2026-06-23
L00263,C00216,like,165,2026-01-20
L00226,C00347,enroll,173,2026-01-28
L00234,C00236,like,113,2026-03-06
L00526,C00180,skip,183,2026-02-06
L00210,C00433,enroll,69,2025-12-06
L00132,C00143,like,179,2026-02-01
L00937,C00190,add_to_wishlist,91,2025-12-09
L00861,C00165,like,205,2026-07-09
L00077,C00230,complete,114,2026-08-25
L00479,C00424,add_to_wishlist,20,2025-09-17
L00037,C00339,complete,73,2025-10-09
L00515,C00041,skip,239,2026-03-17
L00315,C00332,add_to_wishlist,127,2026-08-29
L00834,C00060,add_to_wishlist,3,2026-07-30
L00082,C00421,complete,42,2026-06-02
L00283,C00226,add_to_wishlist,28,2026-09-03
L00015,C00275,enroll,69,2026-04-20
L00691,C00262,like,160,2025-10-28
L00561,C00214,add_to_wishlist,72,2026-02-05
L00711,C00210,complete,13,2026-01-26
L00142,C00296,add_to_wishlist,219,2026-08-20
L00097,C00264,add_to_wishlist,125,2026-07-08
L00981,C00437,enroll,54,2025-11-05
L00314,C00409,enroll,87,2026-03-07
L00880,C00051,complete,155,2026-03-23
L00325,C00483,complete,220,2026-05-14
L00877,C00152,enroll,127,2026-03-19
L00549,C00139,complete,52,2026-01-08
L00230,C00106,like,88,2026-04-18
L00704,C00300,complete,208,2026-03-24
L00407,C00160,skip,19,2026-06-01
L00527,C00329,enroll,111,2026-05-10
L00649,C00303,add_to_wishlist,98,2025-11-21
L00862,C00450,complete,54,2026-02-14
L00686,C00414,add_to_wishlist,185,2026-04-13
L00685,C00280,enroll,142,2026-07-15
L00345,C00080,skip,114,2026-08-13
L00218,C00462,add_to_wishlist,210,2026-04-07
L00816,C00179,complete,148,2026-07-12
L00066,C00327,enroll,138,2026-06-22
L00636,C00122,skip,157,2025-10-16
L00493,C00457,like,64,2025-09-08
L00010,C00469,add_to_wishlist,12,2026-02-21
L00707,C00438,complete,196,2026-06-15
L00835,C00481,skip,26,2026-06-22
L00334,C00408,enroll,191,2026-05-09
L00081,C00228,add_to_wishlist,94,2025-11-01
L00747,C00148,like,5,2026-01-24
L00567,C00069,skip,39,2026-04-14
L00586,C00084,add_to_wishlist,131,2026-07-14
L00576,C00495,skip,177,2025-10-04
L00926,C00319,enroll,240,2026-03-18
L00948,C00474,enroll,141,2026-04-25
L00005,C00253,skip,140,2025-09-20
L00258,C00120,complete,230,2026-06-15
L00645,C00361,enroll,55,2026-04-23
L00418,C00398,skip,205,2025-10-11
L00378,C00183,complete,134,2026-08-17
L00127,C00358,add_to_wishlist,82,2026-01-17
L00444,C00090,add_to_wishlist,151,2026-07-09
L00312,C00397,add_to_wishlist,7,2026-06-04
L00693,C00072,add_to_wishlist,179,2026-04-16
L00541,C00330,enroll,36,2026-05-25
L00009,C00006,skip,206,2026-02-13
L00704,C00169,skip,19,2025-09-25
L00009,C00237,complete,221,2025-09-21
L00377,C00479,complete,4,2025-11-13
L00207,C00105,add_to_wishlist,161,2026-02-28
L00605,C00033,add_to_wishlist,36,2026-06-02
L00716,C00326,complete,102,2026-05-20
L00714,C00060,skip,174,2026-03-16
L00427,C00438,like,191,2025-11-12
L00901,C00464,complete,37,2026-01-25
L00948,C00055,enroll,198,2026-08-21
L00312,C00342,skip,141,2026-03-26
L00188,C00409,enroll,131,2026-04-27
L00549,C00464,enroll,163,2026-06-04
L00890,C00193,enroll,30,2026-04-27
L00175,C00222,like,240,2026-02-22
L00959,C00398,complete,24,2026-06-10
L00550,C00276,skip,97,2026-01-22
L00739,C00007,add_to_wishlist,231,2025-11-16
L00053,C00403,enroll,228,2026-08-26
L00638,C00337,enroll,180,2025-10-11
L00178,C00448,add_to_wishlist,40,2026-07-26
L00014,C00070,like,126,2026-05-31
L00085,C00167,like,7,2026-03-14
L00070,C00085,enroll,101,2025-10-11
L00806,C00372,like,166,2026-06-27
L00704,C00464,like,161,2025-11-29
L00833,C00492,complete,97,2026-08-20
L00011,C00411,like,132,2026-06-04
L00113,C00474,complete,56,2026-03-17
L00418,C00392,skip,219,2026-06-29
L00919,C00308,complete,178,2025-11-02
L00536,C00279,complete,229,2025-11-13
L00259,C00117,like,48,2026-02-05
L00902,C00025,add_to_wishlist,32,2026-04-06
L00233,C00272,skip,91,2026-03-01
L00057,C00144,like,222,2026-03-13
L00680,C00368,like,149,2026-07-30
L00518,C00455,like,98,2026-05-31
L00085,C00192,add_to_wishlist,206,2026-06-21
L00049,C00435,skip,115,2025-11-09
L00671,C00314,add_to_wishlist,108,2026-01-28
L00516,C00302,like,72,2026-06-23
L00125,C00093,add_to_wishlist,235,2026-02-26
L00114,C00372,enroll,200,2026-01-31
L00750,C00230,enroll,187,2026-01-27
L00458,C00218,skip,161,2026-06-24
L00233,C00137,add_to_wishlist,179,2025-11-20
L00706,C00434,add_to_wishlist,139,2026-05-04
L00715,C00164,add_to_wishlist,204,2026-02-11
L00976,C00027,enroll,202,2026-08-06
L00627,C00243,enroll,197,2025-12-28
L00393,C00479,enroll,107,2026-07-04
L00041,C00034,skip,146,2025-10-13
L00971,C00328,enroll,185,2026-06-27
L00143,C00268,skip,111,2025-11-07
L00455,C00174,add_to_wishlist,206,2025-10-31
L00598,C00157,add_to_wishlist,135,2025-12-24
L00012,C00079,like,125,2025-09-29
L00799,C00423,skip,148,2026-02-10
L00600,C00225,add_to_wishlist,238,2026-01-02
L00067,C00387,add_to_wishlist,202,2025-11-02
L00751,C00186,enroll,6,2025-09-22
L00388,C00351,like,77,2025-12-11
L00966,C00011,complete,189,2026-05-31
L00631,C00469,skip,34,2025-12-27
L00132,C00101,skip,126,2026-07-31
L00030,C00402,complete,227,2026-02-13
L00711,C00161,complete,1,2026-07-08
L00481,C00473,add_to_wishlist,183,2026-03-14
L00142,C00124,enroll,87,2025-10-13
L00306,C00022,complete,133,2026-06-04
L00525,C00261,complete,112,2025-09-10
L00814,C00495,complete,12,2026-01-15
L00465,C00369,like,226,2026-05-18
L00681,C00350,complete,165,2025-11-11
L00951,C00434,skip,149,2026-09-03
L00586,C00234,like,39,2026-03-10
L00987,C00153,like,111,2025-12-01
L00298,C00384,add_to_wishlist,19,2026-06-01
L00884,C00305,complete,236,2026-06-10
L00814,C00290,add_to_wishlist,188,2026-07-06
L00608,C00097,skip,40,2025-10-27
L00449,C00311,complete,103,2025-10-11
L00346,C00130,skip,233,2026-04-26
L00102,C00078,skip,38,2026-04-05
L00088,C00305,skip,116,2025-11-10
L00574,C00205,skip,40,2026-01-26
L00606,C00137,enroll,150,2025-09-28
L00143,C00321,complete,147,2025-11-01
L00111,C00276,complete,23,2025-10-01
L00241,C00445,skip,61,2025-09-07
L00684,C00323,skip,194,2026-07-07
L00219,C00338,complete,40,2026-05-26
L00044,C00431,like,229,2026-05-22
L00230,C00459,skip,20,2026-06-12
L00740,C00280,skip,165,2025-11-30
L00738,C00090,add_to_wishlist,222,2025-10-08
L00709,C00216,skip,87,2026-01-20
L00648,C00051,like,236,2026-08-25
L00884,C00417,enroll,20,2025-09-07
L00447,C00369,add_to_wishlist,124,2026-06-02
L00509,C00217,add_to_wishlist,7,2026-03-04
L00745,C00404,skip,21,2025-09-23
L00305,C00298,skip,222,2025-10-23
L00538,C00424,add_to_wishlist,126,2026-05-04
L00048,C00467,skip,134,2025-11-06
L00447,C00029,like,19,2025-12-20
L00441,C00425,skip,78,2026-07-08
L00351,C00146,add_to_wishlist,34,2026-06-17
L00952,C00018,like,142,2026-08-08
L00083,C00484,enroll,50,2026-08-08
L00097,C00215,enroll,50,2026-07-23
L00718,C00008,enroll,134,2025-10-24
L00407,C00401,like,113,2026-01-13
L00628,C00284,like,130,2026-05-30
L00349,C00140,like,165,2025-09-13
L00824,C00443,enroll,227,2026-03-07
L00106,C00289,skip,176,2026-01-02
L00818,C00040,add_to_wishlist,57,2026-07-21
L00671,C00041,add_to_wishlist,117,2026-02-06
L00491,C00166,complete,50,2026-08-21
L00339,C00099,enroll,101,2026-02-06
L00919,C00021,enroll,143,2026-03-01
L00357,C00131,skip,72,2026-05-22
L00454,C00083,complete,152,2026-01-16
L00513,C00060,add_to_wishlist,154,2026-06-30
L00311,C00343,enroll,159,2026-05-28
L00950,C00287,complete,176,2026-06-10
L00997,C00412,complete,68,2025-10-13
L00501,C00180,add_to_wishlist,225,2025-10-19
L00353,C00469,enroll,59,2026-06-25
L00153,C00220,enroll,234,2026-03-20
L00171,C00123,like,205,2025-12-21
L00645,C00268,complete,98,2026-02-26
L00862,C00214,complete,166,2026-08-10
L00889,C00342,like,89,2026-01-11
L00867,C00453,like,50,2026-05-04
L00942,C00163,complete,74,2026-01-07
L00492,C00124,complete,181,2026-06-06
L00302,C00070,skip,209,2026-06-04
L00970,C00468,skip,130,2026-05-30
L00941,C00492,complete,147,2026-08-25
L00722,C00348,skip,91,2026-02-18
L00773,C00381,complete,141,2026-05-21
L00659,C00465,like,109,2026-06-18
L00294,C00472,enroll,180,2026-09-02
L00946,C00103,enroll,204,2025-11-15
L00667,C00141,add_to_wishlist,61,2026-06-20
L00120,C00364,skip,166,2025-12-12
L00037,C00314,enroll,41,2026-02-09
L00821,C00034,complete,169,2025-12-31
L00837,C00352,like,48,2026-01-28
L00635,C00086,enroll,49,2025-10-12
L00785,C00375,add_to_wishlist,130,2026-05-28
L00158,C00346,complete,221,2026-05-16
L00169,C00398,add_to_wishlist,21,2026-03-02
L00751,C00118,like,26,2026-02-27
L00689,C00160,skip,48,2026-04-07
L00848,C00399,skip,229,2026-02-07
L00642,C00126,complete,156,2025-10-21
L00949,C00355,add_to_wishlist,81,2025-10-29
L00689,C00275,skip,161,2025-09-24
L00415,C00337,enroll,36,2025-11-12
L00766,C00397,skip,87,2025-12-29
L00390,C00402,add_to_wishlist,87,2026-01-03
L00954,C00328,complete,186,2026-07-23
L00972,C00041,add_to_wishlist,102,2025-10-12
L00691,C00155,add_to_wishlist,222,2026-03-07
L00599,C00014,like,79,2026-02-18
L00143,C00303,like,111,2026-02-22
L00423,C00022,enroll,151,2026-05-17
L00753,C00347,like,163,2025-12-11
L00886,C00248,complete,7,2026-05-24
L00079,C00117,enroll,9,2026-03-17
L00618,C00003,add_to_wishlist,91,2026-08-30
L00175,C00383,skip,175,2025-10-13
L00552,C00023,skip,47,2026-02-13
L00028,C00050,like,212,2026-05-23
L00304,C00266,enroll,95,2026-03-18
L00224,C00067,add_to_wishlist,46,2026-07-19
L00988,C00146,like,9,2025-10-04
L00418,C00274,enroll,205,2025-11-03
L00344,C00377,like,17,2026-06-08
L00494,C00054,like,183,2026-06-14
L00865,C00069,like,206,2025-12-09
L00329,C00196,add_to_wishlist,163,2026-04-10
L00193,C00202,complete,174,2026-03-05
L00082,C00137,skip,126,2026-02-06
L00925,C00392,skip,107,2026-07-02
L00865,C00127,like,86,2026-06-13
L00840,C00105,skip,230,2026-02-12
L00086,C00248,skip,125,2026-05-03
L00691,C00309,enroll,73,2026-02-01
L00824,C00144,complete,6,2026-05-22
L00662,C00126,like,28,2026-07-28
L00295,C00103,enroll,114,2026-01-15
L00389,C00227,enroll,47,2026-08-06
L00864,C00075,enroll,17,2026-07-06
L00347,C00238,skip,35,2026-05-20
L00571,C00021,like,97,2026-05-20
L00277,C00060,complete,104,2025-09-16
L00116,C00106,skip,232,2026-08-20
L00754,C00139,enroll,31,2026-02-19
L00901,C00363,add_to_wishlist,98,2026-01-18
L00794,C00198,skip,137,2025-09-21
L00879,C00457,complete,152,2026-07-17
L00956,C00034,complete,149,2025-10-01
L00478,C00432,like,201,2026-02-08
L00810,C00257,add_to_wishlist,176,2025-09-24
L00633,C00308,complete,55,2026-08-22
L00349,C00419,complete,178,2026-01-20
L00595,C00105,enroll,121,2026-01-08
L00130,C00330,complete,89,2026-07-18
L00465,C00135,enroll,186,2026-02-03
L00459,C00162,enroll,228,2026-04-02
L00726,C00086,add_to_wishlist,15,2025-12-24
L00175,C00288,add_to_wishlist,57,2026-01-06
L00548,C00328,add_to_wishlist,207,2026-04-03
L00394,C00356,add_to_wishlist,201,2026-02-24
L00296,C00311,complete,26,2026-07-18
L00569,C00059,like,58,2025-11-07
L00085,C00248,add_to_wishlist,231,2026-06-28
L00994,C00498,complete,155,2026-05-09
L00122,C00296,like,174,2026-06-02
L00010,C00056,like,13,2026-01-17
L00309,C00181,like,62,2026-04-04
L00973,C00056,skip,96,2026-05-09
L00164,C00024,complete,164,2026-01-02
L00391,C00401,skip,62,2025-11-12
L00050,C00344,skip,149,2025-09-19
L00004,C00043,skip,2,2026-03-21
L00320,C00246,skip,106,2025-10-29
L00011,C00002,enroll,237,2026-08-25
L00217,C00090,skip,199,2026-03-28
L00826,C00325,skip,55,2025-10-09
L00606,C00470,like,147,2026-06-05
L00796,C00146,enroll,58,2026-08-20
L00089,C00254,like,83,2026-05-08
L00754,C00441,add_to_wishlist,146,2026-05-27
L00564,C00457,like,81,2026-07-31
L00171,C00205,add_to_wishlist,168,2026-08-15
L00078,C00337,like,175,2026-01-19
L00099,C00181,complete,167,2026-04-02
L00498,C00269,like,58,2026-04-18
L00368,C00464,add_to_wishlist,119,2026-08-31
L00365,C00350,complete,181,2026-04-08
L00697,C00351,add_to_wishlist,185,2025-10-05
L00939,C00284,add_to_wishlist,236,2026-05-19
L00976,C00238,skip,125,2026-02-05
L00269,C00495,like,162,2026-02-12
L00744,C00250,skip,58,2025-09-29
L00145,C00496,like,175,2026-06-06
L00239,C00036,like,223,2026-03-31
L00752,C00294,skip,108,2026-04-13
L00332,C00350,add_to_wishlist,37,2025-09-18
L00090,C00443,skip,150,2026-01-22
L00703,C00151,add_to_wishlist,59,2026-07-03
L00973,C00164,skip,240,2026-08-30
L00658,C00462,add_to_wishlist,198,2026-05-11
L00425,C00388,enroll,7,2026-03-16
L00547,C00035,add_to_wishlist,6,2026-05-18
L00363,C00184,add_to_wishlist,198,2026-07-25
L00156,C00267,complete,14,2025-12-10
L00117,C00327,like,201,2025-12-01
L00853,C00289,like,16,2025-11-19
L00198,C00472,complete,164,2026-04-12
L00586,C00008,like,55,2025-09-21
L00193,C00055,like,186,2025-10-31
L00098,C00259,enroll,70,2025-10-12
L00633,C00478,skip,51,2025-09-22
L00851,C00102,complete,20,2026-08-09
L00542,C00125,skip,71,2026-08-12
L00049,C00109,enroll,147,2025-11-08
L00983,C00322,enroll,189,2026-02-12
L00374,C00026,complete,0,2026-03-29
L00821,C00308,complete,19,2026-04-27
L00088,C00025,add_to_wishlist,85,2026-03-19
L00239,C00380,enroll,131,2026-05-20
L00286,C00458,complete,12,2026-03-12
L00547,C00234,add_to_wishlist,127,2026-02-21
L00234,C00208,add_to_wishlist,155,2026-05-07
L00298,C00320,skip,50,2026-08-24
L00489,C00021,add_to_wishlist,168,2026-01-05
L00202,C00347,add_to_wishlist,172,2026-01-04
L01000,C00267,complete,236,2026-06-13
L00612,C00106,skip,34,2026-03-31
L00088,C00465,complete,152,2026-01-26
L00912,C00403,skip,150,2026-05-12
L00237,C00176,like,87,2026-04-29
L00089,C00008,skip,126,2026-08-12
L00266,C00017,enroll,1,2025-10-23
L00503,C00160,like,130,2026-06-05
L00055,C00125,skip,88,2026-06-06
L00913,C00474,like,54,2026-03-04
L00443,C00209,skip,170,2026-04-09
L00819,C00157,skip,34,2025-12-21
L00078,C00381,enroll,207,2026-03-29
L00631,C00213,add_to_wishlist,95,2026-02-12
L00269,C00154,complete,151,2025-10-22
L00683,C00388,add_to_wishlist,48,2025-11-04
L00400,C00159,complete,180,2026-06-17
L00022,C00004,enroll,90,2025-11-04
L00722,C00235,enroll,174,2025-10-07
L00766,C00286,complete,144,2026-02-21
L00688,C00042,like,167,2026-05-19
L00307,C00398,enroll,222,2026-08-12
L00348,C00118,add_to_wishlist,79,2026-05-16
L00224,C00170,skip,223,2026-05-28
L00238,C00319,like,102,2026-08-01
L00555,C00434,add_to_wishlist,57,2025-11-24
L00962,C00314,like,73,2026-06-04
L00870,C00194,skip,127,2025-09-30
L00457,C00317,enroll,136,2025-12-18
L00770,C00392,complete,135,2025-10-01
L00123,C00309,skip,71,2026-06-03
L00201,C00408,skip,213,2026-01-25
L00084,C00465,skip,79,2025-09-30
L00195,C00146,like,224,2026-05-20
L00057,C00047,skip,47,2026-07-01
L00650,C00354,enroll,36,2026-06-18
L00626,C00279,like,89,2026-04-05
L00699,C00435,skip,139,2026-06-08
L00252,C00109,add_to_wishlist,58,2025-10-24
L00949,C00325,like,108,2026-03-03
L00848,C00327,complete,20,2026-02-03
L00953,C00048,complete,166,2026-07-11
L00517,C00136,skip,230,2025-11-19
L00376,C00460,add_to_wishlist,117,2026-02-12
L00601,C00092,add_to_wishlist,214,2025-12-29
L00442,C00139,complete,140,2026-02-04
L00132,C00339,complete,201,2026-01-03
L00505,C00473,like,0,2026-07-12
L00353,C00368,like,56,2026-08-13
L00017,C00296,add_to_wishlist,221,2026-07-21
L00311,C00023,like,199,2025-11-14
L00084,C00474,enroll,149,2025-10-21
L00683,C00143,like,93,2026-07-13
L00265,C00014,complete,72,2026-01-28
L00159,C00232,complete,162,2026-09-02
L00350,C00446,enroll,183,2026-08-03
L00215,C00493,complete,132,2025-11-25
L00879,C00182,add_to_wishlist,213,2026-05-31
L00156,C00210,complete,217,2025-10-15
L00635,C00263,complete,186,2025-11-19
L00117,C00113,add_to_wishlist,85,2026-05-03
L00696,C00281,enroll,159,2026-03-24
L00061,C00428,enroll,108,2025-12-09
L00722,C00431,like,200,2025-12-13
L00505,C00087,complete,62,2026-05-29
L00017,C00446,add_to_wishlist,82,2025-09-04
L00249,C00226,enroll,129,2025-11-07
L00135,C00408,complete,189,2026-01-24
L00953,C00411,complete,215,2025-12-15
L00216,C00413,enroll,182,2025-12-26
L00397,C00477,skip,99,2026-01-22
L00252,C00009,skip,61,2025-12-03
L00369,C00219,complete,220,2025-12-15
L00074,C00497,complete,2,2026-03-07
L00843,C00253,complete,165,2026-03-28
L00775,C00361,complete,39,2026-06-28
L00330,C00098,complete,61,2025-11-21
L00506,C00439,like,1,2025-11-25
L00825,C00213,skip,170,2025-12-16
L00955,C00300,complete,39,2026-01-22
L00441,C00076,skip,208,2026-08-14
L00573,C00191,like,208,2025-09-25
L00758,C00143,add_to_wishlist,85,2026-08-08
L00850,C00164,like,168,2026-07-09
L00314,C00189,add_to_wishlist,156,2026-05-27
L00077,C00151,complete,88,2025-10-10
L00003,C00460,enroll,117,2025-10-21
L00983,C00021,skip,60,2026-06-16
L00442,C00099,enroll,175,2026-05-18
L00933,C00073,like,228,2026-03-12
L00570,C00065,add_to_wishlist,169,2026-07-09
L00560,C00374,complete,159,2026-03-27
L00151,C00204,like,57,2026-06-08
L00830,C00390,add_to_wishlist,84,2025-11-29
L00691,C00073,enroll,196,2026-08-31
L00949,C00369,enroll,209,2026-08-18
L00589,C00057,complete,37,2026-05-06
L00936,C00338,like,70,2026-01-25
L00715,C00457,skip,149,2026-08-30
L00051,C00005,like,182,2025-10-11
L00991,C00105,add_to_wishlist,173,2026-07-11
L00376,C00073,add_to_wishlist,61,2026-03-16
L00550,C00376,skip,225,2026-02-14
L00771,C00123,complete,221,2026-06-03
L00695,C00429,complete,72,2025-09-26
L00365,C00098,like,138,2025-12-29
L00517,C00008,enroll,48,2025-11-24
L00798,C00355,like,125,2025-11-14
L00567,C00212,like,180,2026-01-13
L00143,C00074,enroll,183,2026-01-16
L00982,C00094,enroll,118,2026-02-15
L00934,C00216,like,43,2025-11-22
L00289,C00208,like,220,2026-06-19
L00302,C00480,like,206,2026-04-30
L00648,C00024,like,165,2026-01-02
L00233,C00127,complete,5,2026-03-25
L00657,C00040,add_to_wishlist,96,2026-07-21
L00162,C00072,enroll,192,2026-04-12
L00456,C00086,add_to_wishlist,97,2026-08-17
L00328,C00081,enroll,231,2025-11-17
L00184,C00367,enroll,193,2025-09-04
L00991,C00018,complete,18,2026-05-15
L00195,C00305,enroll,48,2025-12-15
L00761,C00077,add_to_wishlist,84,2026-06-04
L00317,C00231,enroll,206,2026-03-29
L00613,C00243,like,54,2026-08-02
L00858,C00164,add_to_wishlist,134,2025-10-01
L00333,C00068,complete,150,2025-12-30
L00550,C00294,enroll,43,2026-07-19
L00874,C00109,enroll,42,2025-10-21
L00216,C00169,complete,152,2026-03-06
L00958,C00446,enroll,90,2026-04-20
L00878,C00262,complete,69,2026-08-16
L00767,C00103,skip,215,2026-04-12
L00299,C00029,skip,134,2025-11-19
L00376,C00342,skip,115,2026-01-04
L00358,C00109,skip,133,2026-06-15
L00833,C00049,skip,1,2026-04-12
L00548,C00396,skip,180,2025-12-20
L00420,C00024,enroll,151,2025-11-07
L00013,C00216,enroll,195,2026-03-28
L00489,C00054,complete,236,2026-08-22
L00582,C00291,add_to_wishlist,221,2025-10-16
L00364,C00018,skip,28,2026-05-09
L00161,C00392,complete,221,2026-06-29
L00581,C00417,enroll,22,2025-11-17
L00037,C00339,like,143,2026-07-03
L00975,C00041,complete,165,2026-02-21
L00591,C00367,skip,37,2026-02-19
L00538,C00365,add_to_wishlist,77,2026-07-10
L00323,C00084,add_to_wishlist,80,2025-12-20
L00282,C00339,skip,82,2025-11-04
L00463,C00175,enroll,201,2026-07-06
L00737,C00106,enroll,236,2026-03-19
L00831,C00348,add_to_wishlist,88,2026-02-23
L00485,C00163,like,111,2026-07-10
L00945,C00354,add_to_wishlist,212,2026-03-29
L00529,C00415,like,222,2026-01-14
L00465,C00081,like,186,2026-02-02
L00201,C00308,skip,134,2025-09-25
L00109,C00340,add_to_wishlist,43,2026-05-01
L00085,C00244,skip,45,2026-08-28
L00282,C00187,add_to_wishlist,235,2026-05-28
L00718,C00263,skip,179,2026-05-23
L00719,C00331,add_to_wishlist,83,2025-11-11
L00855,C00353,enroll,153,2026-05-07
L00525,C00014,add_to_wishlist,102,2026-02-13
L00503,C00282,like,9,2026-03-16
L00497,C00033,enroll,155,2026-04-23
L00142,C00127,complete,51,2026-07-30
L00362,C00294,skip,26,2025-12-01
L00613,C00364,add_to_wishlist,144,2026-02-22
L00366,C00360,skip,169,2026-07-20
L00865,C00459,skip,220,2025-09-13
L00563,C00136,skip,231,2025-09-13
L00303,C00498,enroll,49,2026-03-27
L00013,C00483,skip,54,2026-05-28
L00249,C00198,enroll,167,2025-09-23
L00558,C00500,enroll,164,2026-06-07
L00923,C00118,add_to_wishlist,93,2026-05-10
L00720,C00033,enroll,37,2026-05-23
L00044,C00410,skip,231,2026-05-30
L00244,C00250,skip,22,2026-03-03
L00651,C00044,enroll,81,2025-09-13
L00291,C00135,add_to_wishlist,172,2025-09-13
L00736,C00343,add_to_wishlist,89,2026-07-16
L00301,C00375,skip,147,2025-12-12
L00990,C00227,complete,90,2025-09-28
L00703,C00367,complete,130,2026-07-03
L00126,C00111,skip,227,2026-04-23
L00964,C00406,skip,240,2025-10-27
L00017,C00099,complete,49,2026-08-25
L00307,C00172,enroll,160,2026-02-10
L00528,C00172,add_to_wishlist,134,2025-11-12
L00986,C00182,like,82,2026-05-07
L00112,C00186,skip,189,2026-03-19
L00691,C00242,add_to_wishlist,25,2026-01-22
L00196,C00317,enroll,62,2025-10-01
L00128,C00314,like,196,2026-07-12
L00553,C00038,skip,73,2025-10-05
L00061,C00123,enroll,181,2025-11-06
L00993,C00196,like,86,2026-07-15
L00092,C00417,enroll,3,2026-05-10
L00902,C00188,like,152,2026-01-05
L00164,C00110,add_to_wishlist,211,2026-02-17
L00944,C00233,complete,210,2026-07-21
L00943,C00436,enroll,170,2026-05-28
L00632,C00299,skip,197,2026-01-05
L00774,C00483,add_to_wishlist,209,2026-04-28
L00373,C00432,enroll,217,2026-01-24
L00519,C00210,complete,35,2026-07-19
L00727,C00084,like,181,2026-07-10
L00832,C00242,add_to_wishlist,98,2025-12-27
L00770,C00411,enroll,223,2026-03-08
L00991,C00265,skip,20,2026-05-17
L00652,C00258,complete,113,2026-05-20
L00824,C00426,enroll,199,2025-12-08
L00927,C00298,enroll,191,2025-12-15
L00067,C00296,skip,70,2026-02-16
L00947,C00406,complete,102,2026-02-20
L00837,C00403,complete,221,2026-01-01
L00006,C00175,add_to_wishlist,105,2026-08-30
L00099,C00163,add_to_wishlist,225,2026-01-31
L00828,C00352,enroll,150,2026-05-11
L00321,C00328,skip,57,2026-04-11
L00130,C00457,add_to_wishlist,140,2026-06-03
L00035,C00125,skip,95,2026-04-25
L00099,C00003,like,10,2026-03-11
L00203,C00446,like,189,2026-02-23
L00186,C00168,enroll,200,2026-01-08
L00337,C00264,skip,165,2026-01-09
L00025,C00354,like,57,2025-11-24
L00338,C00475,like,213,2026-08-21
L00748,C00457,complete,107,2025-09-10
L00728,C00029,skip,216,2025-11-14
L00669,C00108,complete,217,2025-11-29
L00048,C00434,add_to_wishlist,53,2026-05-06
L00063,C00021,skip,2,2025-11-02
L00096,C00060,enroll,156,2026-04-13
L00606,C00439,skip,117,2025-10-09
L00170,C00199,add_to_wishlist,157,2026-04-09
L00497,C00499,enroll,185,2026-03-07
L00545,C00179,skip,158,2025-10-16
L00406,C00037,enroll,181,2026-06-19
L00130,C00402,like,156,2026-07-11
L00609,C00368,skip,70,2026-06-11
L00241,C00252,enroll,224,2026-03-22
L00541,C00320,complete,92,2026-02-07
L00518,C00346,skip,196,2026-07-03
L00874,C00431,enroll,165,2026-07-03
L00228,C00372,skip,188,2026-03-17
L00088,C00078,skip,184,2026-06-07
L00627,C00023,skip,174,2026-04-21
L00491,C00180,complete,194,2026-07-11
L00969,C00129,add_to_wishlist,40,2026-08-29
L00416,C00012,complete,170,2026-04-03
L00489,C00430,add_to_wishlist,235,2026-08-02
L00966,C00149,complete,155,2025-12-11
L00453,C00293,add_to_wishlist,220,2026-08-02
L00562,C00344,skip,228,2026-08-23
L00917,C00089,enroll,217,2026-06-06
L00026,C00264,complete,15,2025-12-11
L00201,C00153,add_to_wishlist,109,2025-10-30
L00356,C00088,complete,105,2025-09-27
L00540,C00495,like,93,2026-07-02
L00368,C00024,enroll,13,2026-01-12
L00075,C00187,skip,191,2025-09-21
L00479,C00444,like,220,2026-04-23
L00221,C00037,skip,186,2026-08-08
L00978,C00194,skip,133,2025-10-28
L00764,C00448,like,149,2026-06-05
L00797,C00200,add_to_wishlist,36,2026-08-10
L00721,C00172,complete,187,2026-08-14
L00688,C00296,add_to_wishlist,143,2025-12-01
L00053,C00393,skip,156,2026-01-13
L00618,C00122,like,209,2026-05-16
L00478,C00224,skip,150,2026-07-18
L00263,C00052,complete,46,2026-08-05
L00279,C00052,add_to_wishlist,19,2026-01-02
L00216,C00498,enroll,125,2026-08-29
L00382,C00152,skip,156,2025-12-18
L00856,C00257,add_to_wishlist,71,2026-02-23
L00312,C00404,complete,47,2025-09-08
L00100,C00351,enroll,50,2025-11-26
L00835,C00305,enroll,126,2026-01-24
L00435,C00384,add_to_wishlist,94,2025-10-17
L00632,C00380,add_to_wishlist,97,2026-08-11
L00654,C00482,like,164,2026-06-06
L00211,C00321,skip,185,2025-09-13
L00685,C00090,add_to_wishlist,84,2026-03-19
L00469,C00374,enroll,150,2026-03-03
L00613,C00243,add_to_wishlist,153,2025-09-26
L00796,C00472,complete,45,2026-08-15
L00069,C00368,skip,151,2026-02-04
L00335,C00256,enroll,176,2025-09-10
L00321,C00127,enroll,54,2026-04-28
L00617,C00397,like,234,2026-05-04
L00381,C00286,enroll,86,2026-07-19
L00824,C00015,add_to_wishlist,191,2026-04-11
L00689,C00278,skip,156,2026-02-22
L00162,C00500,enroll,151,2026-05-14
L00590,C00470,enroll,6,2026-02-23
L00978,C00254,add_to_wishlist,22,2026-05-27
L00691,C00418,enroll,137,2025-10-30
L00024,C00181,add_to_wishlist,71,2026-06-28
L00707,C00193,add_to_wishlist,1,2026-02-16
L00091,C00005,enroll,167,2025-10-09
L00381,C00147,enroll,153,2025-09-23
L00591,C00014,complete,238,2025-11-14
L00854,C00123,add_to_wishlist,17,2026-01-29
L00456,C00417,add_to_wishlist,65,2026-07-12
L00227,C00149,like,117,2026-04-13
L00764,C00022,complete,39,2025-09-13
L00399,C00320,enroll,177,2026-06-19
L00421,C00057,complete,177,2026-02-22
L00229,C00397,skip,41,2026-01-21
L00608,C00453,skip,219,2026-03-26
L00872,C00457,complete,38,2025-11-05
L00343,C00032,complete,108,2026-07-29
L00418,C00088,complete,137,2026-04-07
L00237,C00417,enroll,133,2026-08-27
L00405,C00003,skip,115,2026-07-26
L00096,C00333,like,185,2025-12-17
L00527,C00436,skip,177,2025-12-20
L00774,C00433,like,44,2025-12-17
L00932,C00001,like,2,2026-02-02
L00186,C00138,add_to_wishlist,106,2025-10-31
L00062,C00052,add_to_wishlist,136,2026-07-04
L00377,C00067,like,123,2026-07-26
L00241,C00150,like,203,2026-07-10
L00290,C00013,skip,187,2026-08-25
L00279,C00148,add_to_wishlist,154,2025-10-23
L00622,C00298,enroll,139,2025-11-03
L00370,C00055,enroll,152,2026-05-19
L00206,C00469,complete,125,2026-01-21
L00129,C00374,enroll,118,2025-09-21
L00447,C00191,complete,118,2026-05-19
L00758,C00101,add_to_wishlist,82,2026-07-21
L00622,C00315,like,153,2026-07-15
L00848,C00181,complete,128,2025-10-01
L00023,C00105,like,139,2025-09-16
L00857,C00031,complete,238,2025-11-14
L00342,C00226,add_to_wishlist,78,2026-01-28
L00803,C00263,enroll,123,2025-09-17
L00796,C00204,like,86,2026-03-20
L00218,C00182,like,209,2026-05-25
L00923,C00005,enroll,148,2025-12-05
L00738,C00177,skip,191,2026-04-27
L00732,C00337,like,118,2025-12-07
L00920,C00179,add_to_wishlist,37,2025-10-02
L00129,C00435,enroll,226,2026-08-01
L00832,C00265,like,139,2026-09-01
L00243,C00289,enroll,240,2026-02-14
L00530,C00208,enroll,101,2026-08-02
L00852,C00394,like,84,2026-07-23
L00977,C00232,like,74,2026-02-07
L00775,C00450,skip,90,2026-01-15
L00743,C00090,complete,79,2026-07-01
L00045,C00190,add_to_wishlist,47,2026-07-07
L00240,C00343,like,70,2026-03-02
L00724,C00104,enroll,89,2026-07-21
L00257,C00265,skip,222,2026-02-21
L00271,C00469,add_to_wishlist,208,2026-07-14
L00859,C00409,complete,104,2026-06-02
L00469,C00061,skip,59,2026-08-29
L00206,C00233,enroll,52,2025-12-14
L00786,C00330,like,88,2026-01-01
L00906,C00477,add_to_wishlist,187,2026-03-05
L00746,C00480,like,155,2025-11-27
L00184,C00197,add_to_wishlist,137,2025-10-05
L00418,C00282,complete,136,2026-09-01
L00545,C00315,skip,132,2025-09-16
L00525,C00166,enroll,139,2025-12-11
L00469,C00268,like,156,2026-02-15
L00980,C00310,add_to_wishlist,109,2025-09-17
L00824,C00025,skip,106,2025-11-28
L00953,C00139,add_to_wishlist,21,2026-08-09
L00661,C00180,add_to_wishlist,73,2026-05-24
L00216,C00079,skip,150,2026-03-19
L00017,C00345,complete,5,2025-09-09
L00567,C00043,like,95,2025-12-10
L00157,C00315,like,59,2026-07-16
L00744,C00086,enroll,157,2025-09-16
L00426,C00217,like,13,2026-01-20
L00653,C00240,like,36,2025-11-12
L00747,C00280,enroll,215,2025-11-24
L00847,C00119,add_to_wishlist,143,2025-11-30
L00057,C00075,enroll,2,2025-11-26
L00753,C00090,complete,55,2025-12-28
L00401,C00143,enroll,131,2026-03-16
L00838,C00487,skip,181,2026-06-13
L00855,C00258,add_to_wishlist,14,2025-10-30
L00367,C00253,like,54,2026-03-31
L00300,C00199,complete,131,2026-05-14
L00435,C00042,like,204,2026-08-27
L00453,C00101,like,70,2025-10-14
L00036,C00237,skip,139,2026-01-05
L00800,C00304,complete,176,2025-11-23
L00460,C00355,like,8,2026-07-30
L00604,C00236,skip,17,2025-12-02
L00647,C00354,skip,3,2025-11-29
L00265,C00455,complete,133,2026-03-13
L00636,C00072,complete,168,2026-01-19
L00663,C00074,skip,59,2026-01-07
L00338,C00192,complete,89,2026-04-09
L00326,C00461,add_to_wishlist,182,2025-12-13
L00802,C00010,complete,208,2026-01-30
L00539,C00176,enroll,175,2026-07-23
L00015,C00488,enroll,174,2026-05-14
L00997,C00298,add_to_wishlist,38,2026-02-16
L00534,C00108,enroll,239,2026-01-06
L00432,C00391,like,132,2025-09-28
L00182,C00227,like,167,2025-10-22
L00953,C00204,skip,4,2026-02-10
L00913,C00462,complete,31,2026-02-24
L00820,C00448,like,156,2026-01-22
L00928,C00040,enroll,196,2026-07-15
L00861,C00063,enroll,13,2026-08-10
L00068,C00423,add_to_wishlist,230,2025-12-06
L00356,C00364,enroll,182,2026-08-01
L00073,C00015,enroll,135,2026-05-26
L00543,C00427,skip,75,2026-03-09
L00932,C00252,add_to_wishlist,123,2026-08-12
L00119,C00081,enroll,206,2026-01-06
L00540,C00098,enroll,181,2026-04-12
L00002,C00382,complete,25,2025-09-05
L00236,C00343,skip,47,2025-12-24
L00957,C00048,add_to_wishlist,58,2026-07-07
L00211,C00205,add_to_wishlist,214,2026-06-28
L00087,C00356,add_to_wishlist,153,2025-09-12
L00135,C00035,skip,79,2025-10-13
L00962,C00227,like,44,2026-03-02
L00163,C00396,add_to_wishlist,81,2026-05-12
L00205,C00062,enroll,105,2026-02-16
L00093,C00204,complete,160,2026-08-28
L00028,C00378,add_to_wishlist,235,2026-01-19
L00444,C00382,enroll,219,2026-06-30
L00732,C00094,add_to_wishlist,189,2025-10-27
L00510,C00109,enroll,204,2026-04-20
L00044,C00042,enroll,15,2026-04-24
L00816,C00263,like,239,2026-02-10
L00781,C00040,skip,46,2026-03-05
L00965,C00194,complete,80,2026-03-18
L00078,C00193,add_to_wishlist,118,2026-06-10
L00415,C00406,complete,60,2025-12-18
L00487,C00093,skip,102,2026-04-08
L00255,C00211,enroll,52,2026-06-21
L00338,C00069,like,153,2026-02-14
L00236,C00309,complete,26,2026-05-11
L00128,C00049,skip,39,2026-02-24
L00438,C00326,enroll,77,2026-05-04
L00608,C00044,like,84,2026-05-19
L00918,C00309,skip,160,2026-05-30
L00863,C00394,enroll,128,2026-03-14
L00689,C00190,like,136,2026-04-06
L00817,C00361,enroll,220,2026-01-11
L00995,C00172,like,11,2026-08-17
L00421,C00167,skip,52,2025-12-30
L00886,C00207,like,10,2026-07-06
L00617,C00384,skip,79,2026-01-13
L00601,C00423,enroll,65,2025-12-29
L00706,C00409,add_to_wishlist,61,2026-04-17
L00905,C00040,like,117,2026-06-15
L00872,C00166,enroll,174,2026-05-25
L00419,C00380,enroll,197,2026-07-20
L00559,C00049,skip,36,2026-04-02
L00012,C00144,add_to_wishlist,146,2026-08-15
L00604,C00127,complete,52,2025-12-12
L00373,C00098,like,3,2025-09-24
L00847,C00073,like,19,2026-08-02
L00814,C00402,complete,212,2025-10-22
L00582,C00401,enroll,85,2026-01-17
L00630,C00211,add_to_wishlist,234,2025-11-30
L00644,C00278,enroll,14,2025-12-04
L00395,C00393,skip,213,2025-11-15
L00237,C00239,enroll,170,2026-02-21
L00157,C00208,like,25,2026-04-05
L00598,C00138,skip,70,2026-04-19
L00963,C00499,skip,167,2026-02-19
L00941,C00109,enroll,155,2025-11-15
L00437,C00071,enroll,49,2026-04-28
L00040,C00389,like,101,2026-05-11
L00935,C00408,add_to_wishlist,15,2025-09-17
L00803,C00022,enroll,194,2026-03-08
L00702,C00073,skip,114,2026-05-06
L00639,C00013,complete,113,2026-06-14
L00425,C00172,enroll,114,2026-03-15
L00547,C00250,skip,90,2026-02-12
L00855,C00068,complete,147,2026-02-22
L00371,C00044,complete,206,2026-04-27
L00366,C00457,like,158,2025-10-22
L00027,C00160,add_to_wishlist,95,2025-09-10
L00894,C00052,add_to_wishlist,170,2025-10-05
L00876,C00141,complete,225,2026-05-13
L00186,C00025,add_to_wishlist,88,2025-09-26
L00841,C00380,add_to_wishlist,103,2026-08-20
L00660,C00279,skip,177,2026-07-14
L00591,C00390,enroll,174,2025-12-26
L00669,C00410,like,72,2025-12-14
L00834,C00190,complete,36,2026-04-01
L00378,C00216,enroll,1,2026-09-04
L00396,C00409,enroll,59,2025-12-08
L00913,C00274,like,61,2026-05-09
L00793,C00408,complete,56,2025-10-30
L00062,C00378,add_to_wishlist,230,2025-11-14
L00755,C00479,add_to_wishlist,46,2025-10-08
L00923,C00271,skip,76,2025-10-04
L00598,C00410,complete,77,2025-12-21
L00121,C00324,complete,117,2026-04-27
L00564,C00052,add_to_wishlist,180,2026-07-08
L00113,C00253,like,204,2025-10-30
L00659,C00309,complete,98,2026-01-19
L00017,C00240,add_to_wishlist,167,2026-01-26
L00866,C00187,add_to_wishlist,8,2026-07-12
L00383,C00251,like,121,2025-11-07
L00781,C00137,add_to_wishlist,82,2026-02-05
L00278,C00005,complete,151,2025-10-11
L00694,C00363,like,188,2025-12-31
L00597,C00132,complete,163,2025-10-12
L00009,C00248,enroll,232,2025-09-20
L00041,C00054,complete,192,2026-03-10
L00103,C00065,complete,197,2026-04-19
L00241,C00454,enroll,199,2026-07-21
L00265,C00466,add_to_wishlist,167,2026-01-23
L00677,C00484,enroll,144,2026-06-18
L00912,C00241,complete,33,2026-04-09
L00239,C00080,like,41,2026-07-06
L00010,C00198,like,240,2026-04-06
L00170,C00001,skip,212,2026-03-14
L00045,C00339,add_to_wishlist,146,2025-12-23
L00826,C00280,like,168,2026-03-29
L00742,C00161,complete,104,2026-07-02
L00709,C00148,complete,60,2026-01-01
L00895,C00214,complete,80,2025-10-22
L00891,C00246,like,26,2026-07-02
L00998,C00171,skip,68,2025-09-22
L00348,C00175,skip,107,2026-05-28
L00332,C00082,add_to_wishlist,143,2025-10-18
L00798,C00227,enroll,133,2026-01-04
L00237,C00489,skip,149,2026-01-12
L00808,C00058,complete,239,2025-11-16
L00556,C00377,add_to_wishlist,228,2026-07-26
L00760,C00226,like,107,2025-09-12
L00486,C00383,like,81,2025-12-16
L00107,C00014,add_to_wishlist,144,2025-09-11
L00798,C00188,skip,197,2026-06-21
L00022,C00025,skip,133,2026-03-02
L00577,C00100,enroll,163,2026-01-03
L00710,C00464,complete,92,2025-12-04
L00151,C00008,like,190,2026-06-02
L00106,C00420,skip,232,2025-10-05
L00296,C00423,add_to_wishlist,214,2025-09-11
L00080,C00234,skip,71,2025-10-29
L00623,C00391,like,196,2026-09-04
L00158,C00011,skip,14,2025-10-02
L00958,C00474,like,126,2025-12-16
L00657,C00380,like,32,2026-07-08
L00539,C00482,skip,51,2025-09-25
L00546,C00196,complete,51,2025-12-30
L00710,C00308,enroll,123,2026-03-25
L00443,C00253,add_to_wishlist,193,2025-12-12
L00004,C00051,skip,159,2025-09-29
L00672,C00453,like,191,2026-01-05
L00881,C00342,skip,119,2026-04-12
L00002,C00462,enroll,189,2026-02-11
L00883,C00414,skip,199,2026-06-20
L00769,C00140,enroll,30,2025-10-27
L00215,C00015,enroll,111,2025-09-18
L00990,C00481,like,196,2026-02-14
L00228,C00280,skip,81,2026-05-25
L00458,C00379,like,10,2026-06-14
L00565,C00420,add_to_wishlist,6,2025-12-04
L00628,C00271,enroll,135,2026-04-21
L00271,C00073,add_to_wishlist,52,2026-05-17
L00597,C00391,enroll,213,2026-03-12
L00653,C00113,skip,130,2026-03-02
L00026,C00011,add_to_wishlist,224,2025-12-13
L00873,C00377,add_to_wishlist,87,2025-11-17
L00939,C00007,skip,59,2025-09-25
L00639,C00344,skip,185,2025-12-22
L00422,C00023,like,147,2025-10-06
L00429,C00409,complete,13,2025-09-12
L00401,C00071,like,237,2025-09-25
L00827,C00301,complete,179,2026-05-17
L00345,C00277,add_to_wishlist,16,2026-03-17
L00416,C00015,add_to_wishlist,122,2025-11-23
L00967,C00080,complete,229,2026-05-19
L00392,C00244,add_to_wishlist,212,2026-06-24
L00008,C00295,complete,138,2025-11-18
L00085,C00305,skip,23,2025-12-04
L00992,C00343,complete,34,2026-07-01
L00950,C00078,enroll,233,2026-03-07
L00005,C00163,like,167,2026-02-25
L00182,C00304,add_to_wishlist,92,2026-08-27
L00543,C00259,like,65,2026-04-18
L00860,C00485,like,144,2025-11-12
L00569,C00087,add_to_wishlist,56,2025-12-25
L00013,C00445,add_to_wishlist,117,2026-08-17
L00351,C00288,skip,38,2026-07-06
L00109,C00445,like,211,2026-08-30
L00769,C00429,complete,85,2025-10-08
L00335,C00431,enroll,139,2025-10-09
L00220,C00019,like,38,2026-03-17
L00318,C00144,add_to_wishlist,14,2025-09-30
L00776,C00256,enroll,199,2025-12-28
L00613,C00402,enroll,230,2025-10-15
L00728,C00022,complete,82,2026-01-23
L00627,C00234,add_to_wishlist,193,2026-05-04
L00053,C00157,add_to_wishlist,194,2026-02-01
L00294,C00328,enroll,7,2026-07-20
L00770,C00078,complete,111,2026-06-11
L00666,C00466,enroll,19,2026-01-15
L00346,C00238,like,22,2026-07-07
L00365,C00303,enroll,140,2026-02-20
L00354,C00232,like,25,2026-07-27
L00104,C00267,like,3,2026-05-05
L00652,C00049,skip,55,2026-02-12
L00757,C00155,add_to_wishlist,207,2026-07-06
L00744,C00298,enroll,41,2025-12-24
L00683,C00013,skip,152,2026-07-02
L00446,C00493,complete,88,2025-11-02
L00376,C00043,like,192,2026-07-11
L00833,C00183,like,136,2026-04-14
L00015,C00031,complete,150,2026-03-03
L00755,C00094,like,19,2026-07-18
L00722,C00312,skip,141,2026-01-13
L00109,C00487,complete,41,2026-06-16
L00904,C00278,skip,123,2026-08-19
L00172,C00158,enroll,164,2026-04-18
L00210,C00182,skip,86,2025-10-14
L00782,C00088,skip,84,2026-04-14
L00625,C00166,complete,191,2026-05-08
L00921,C00446,enroll,92,2025-11-11
L00190,C00387,skip,134,2026-08-12
L00576,C00084,enroll,80,2025-11-30
L00846,C00438,complete,207,2026-07-20
L00946,C00022,skip,204,2025-11-21
L00345,C00413,add_to_wishlist,137,2026-06-30
L00488,C00390,like,112,2026-07-03
L00054,C00063,like,189,2026-08-26
L00193,C00242,enroll,3,2026-02-04
L00767,C00280,add_to_wishlist,50,2026-05-27
L00292,C00015,enroll,123,2026-08-24
L00151,C00449,like,25,2026-01-11
L00577,C00279,skip,69,2025-11-12
L00742,C00066,add_to_wishlist,87,2026-04-18
L00324,C00224,complete,88,2025-11-25
L00027,C00399,skip,188,2025-10-25
L00583,C00343,complete,0,2026-05-07
L00854,C00321,like,220,2025-11-20
L00125,C00053,complete,163,2025-10-06
L00707,C00350,skip,219,2025-12-23
L00159,C00333,add_to_wishlist,222,2026-02-24
L00736,C00194,like,219,2025-10-05
L00186,C00040,like,133,2026-05-03
L00615,C00490,skip,77,2025-12-21
L00138,C00498,add_to_wishlist,137,2026-04-13
L00335,C00025,like,168,2026-06-10
L00976,C00268,add_to_wishlist,170,2026-08-09
L00657,C00004,complete,136,2026-02-05
L00039,C00471,complete,164,2026-04-29
L00773,C00438,complete,161,2026-02-09
L00442,C00177,complete,19,2026-03-26
L00772,C00366,like,211,2025-12-24
L00280,C00319,add_to_wishlist,99,2025-12-13
L00059,C00102,complete,11,2025-09-08
L00806,C00096,like,28,2026-02-13
L00685,C00139,enroll,141,2026-07-10
L00421,C00254,like,53,2026-05-17
L00005,C00203,complete,137,2026-06-06
L00101,C00325,complete,186,2026-08-16
L00358,C00029,skip,184,2025-09-14
L00772,C00082,add_to_wishlist,239,2025-11-01
L00990,C00225,add_to_wishlist,114,2026-06-19
L00063,C00419,enroll,65,2026-07-08
L00289,C00425,add_to_wishlist,177,2026-01-05
L00612,C00009,add_to_wishlist,226,2026-02-27
L00323,C00023,skip,111,2026-08-07
L00642,C00229,like,1,2026-07-24
L00623,C00066,like,184,2026-08-09
L00035,C00494,like,173,2026-05-04
L00456,C00440,add_to_wishlist,238,2026-07-24
L00285,C00153,add_to_wishlist,203,2026-04-16
L00881,C00112,complete,45,2026-04-05
L00275,C00408,add_to_wishlist,112,2026-03-09
L00474,C00097,enroll,0,2025-09-19
L00300,C00064,like,100,2026-01-16
L00492,C00050,enroll,125,2026-06-08
L00774,C00106,enroll,178,2025-10-02
L00192,C00416,add_to_wishlist,187,2025-12-24
L00403,C00081,like,121,2026-07-26
L00062,C00112,skip,3,2026-08-20
L00596,C00256,skip,7,2026-01-13
L00069,C00205,add_to_wishlist,54,2025-12-13
L00467,C00115,complete,8,2025-09-11
L00233,C00278,like,80,2026-07-18
L00916,C00451,enroll,88,2026-03-01
L00211,C00203,enroll,202,2026-07-18
L00664,C00353,complete,152,2026-08-15
L00090,C00104,enroll,82,2025-09-29
L00311,C00335,like,14,2025-11-13
L00019,C00211,add_to_wishlist,181,2026-01-12
L00215,C00122,add_to_wishlist,74,2026-04-04
L00843,C00218,add_to_wishlist,10,2026-07-04
L00281,C00284,skip,228,2025-10-25
L00575,C00006,skip,19,2025-11-29
L00583,C00315,skip,58,2025-12-20
L00146,C00470,add_to_wishlist,188,2026-03-14
L00832,C00182,add_to_wishlist,177,2026-03-24
L00701,C00050,add_to_wishlist,103,2025-12-04
L00446,C00355,skip,193,2026-05-31
L00943,C00222,complete,89,2026-08-24
L00524,C00280,add_to_wishlist,85,2026-08-29
L00123,C00273,like,193,2026-04-23
L00139,C00133,like,95,2025-11-18
L00207,C00089,add_to_wishlist,227,2025-12-04
L00722,C00366,skip,121,2026-08-22
L00403,C00041,complete,144,2026-07-12
L00566,C00215,like,176,2026-02-09
L00321,C00378,enroll,218,2026-01-31
L00992,C00232,add_to_wishlist,150,2025-12-18
L00431,C00092,skip,184,2026-03-29
L00273,C00060,skip,9,2026-07-11
L00746,C00286,complete,17,2025-10-25
L00038,C00394,like,44,2025-11-27
L00323,C00028,enroll,119,2026-08-16
L00025,C00391,skip,122,2026-03-02
L00579,C00205,complete,48,2026-07-01
L00015,C00314,add_to_wishlist,149,2026-06-04
L00332,C00111,like,235,2026-02-07
L00634,C00324,complete,37,2026-08-10
L00511,C00029,enroll,113,2026-02-05
L00474,C00312,enroll,57,2026-06-06
L00648,C00377,complete,38,2025-11-07
L00916,C00058,add_to_wishlist,11,2025-11-27
L00771,C00094,enroll,65,2026-05-24
L00391,C00476,complete,239,2026-01-05
L00330,C00486,add_to_wishlist,206,2026-06-10
L00882,C00356,enroll,122,2025-09-18
L00536,C00448,like,143,2026-02-22
L00623,C00013,complete,48,2026-07-10
L00934,C00380,skip,120,2025-12-01
L00221,C00344,like,206,2026-04-08
L00492,C00243,enroll,69,2026-06-30
L00538,C00311,like,75,2026-07-16
L00373,C00238,like,85,2026-05-27
L00073,C00267,complete,71,2026-05-14
L00375,C00483,like,82,2026-05-13
L00854,C00257,enroll,137,2025-12-18
L00775,C00295,enroll,58,2026-07-06
L00179,C00303,skip,159,2026-06-02
L00848,C00100,enroll,95,2026-05-18
L00120,C00325,skip,224,2026-08-14
L00148,C00447,skip,219,2026-02-18
L00111,C00232,skip,161,2025-11-17
L00013,C00381,complete,55,2026-03-06
L00696,C00485,complete,107,2026-06-07
L00594,C00053,add_to_wishlist,166,2025-12-31
L00501,C00274,complete,71,2026-08-20
L00394,C00063,enroll,59,2026-02-07
L00478,C00111,skip,127,2026-05-24
L00013,C00337,complete,96,2026-07-22
L00824,C00077,complete,229,2026-06-15
L00050,C00192,like,28,2026-04-02
L00348,C00308,skip,114,2026-03-15
L00994,C00216,enroll,103,2026-04-05
L00907,C00313,add_to_wishlist,204,2025-10-28
L00428,C00328,skip,101,2026-03-23
L00201,C00204,enroll,150,2025-10-30
L00220,C00062,add_to_wishlist,125,2026-05-04
L00787,C00088,enroll,81,2025-11-06
L00284,C00438,skip,48,2026-08-24
L00290,C00408,like,50,2025-11-27
L00181,C00233,skip,55,2026-06-13
L00165,C00384,skip,154,2026-06-03
L00946,C00482,like,232,2025-11-24
L00453,C00125,add_to_wishlist,41,2025-11-24
L00061,C00190,enroll,170,2026-03-26
L00526,C00281,skip,204,2026-03-19
L00435,C00078,skip,123,2026-01-13
L00377,C00426,like,84,2025-12-01
L00052,C00103,like,159,2026-02-05
L00549,C00268,skip,38,2026-01-26
L00202,C00391,skip,29,2025-09-05
L00625,C00388,like,36,2026-04-30
L00872,C00465,enroll,9,2026-07-26
L00883,C00272,like,216,2026-05-15
L00967,C00217,add_to_wishlist,28,2026-02-24
L00182,C00046,add_to_wishlist,54,2025-12-16
L00169,C00290,complete,217,2026-05-10
L00830,C00275,skip,214,2025-12-18
L00634,C00318,like,217,2026-05-03
L00188,C00028,add_to_wishlist,228,2025-12-15
L00348,C00229,skip,234,2025-09-25
L00586,C00241,enroll,137,2026-07-07
L00174,C00247,skip,41,2025-12-02
L00889,C00495,add_to_wishlist,42,2025-11-13
L00156,C00156,like,70,2025-11-18
L00375,C00307,complete,162,2026-06-16
L00349,C00416,like,26,2026-07-14
L00811,C00023,complete,113,2025-12-03
L00369,C00121,enroll,55,2025-11-08
L00354,C00079,enroll,184,2025-10-08
L00321,C00475,like,166,2025-10-29
L00337,C00340,like,9,2025-10-12
L00140,C00014,skip,6,2026-01-15
L00662,C00160,skip,178,2026-07-06
L00863,C00012,like,85,2026-04-05
L00190,C00456,like,126,2025-10-12
L00180,C00006,like,41,2026-04-24
L00362,C00186,add_to_wishlist,70,2026-03-30
L00801,C00208,add_to_wishlist,12,2026-06-30
L00338,C00011,add_to_wishlist,99,2026-01-14
L00280,C00208,add_to_wishlist,135,2026-05-28
L00671,C00340,add_to_wishlist,165,2026-05-25
L00056,C00255,enroll,197,2025-11-02
L00395,C00009,skip,18,2026-05-06
L00404,C00489,add_to_wishlist,114,2025-12-19
L00607,C00048,add_to_wishlist,135,2025-12-16
L00521,C00173,complete,158,2025-12-10
L00884,C00276,add_to_wishlist,150,2025-12-30
L00578,C00160,enroll,21,2026-03-11
L00416,C00500,like,119,2026-03-27
L00053,C00127,enroll,87,2025-09-10
L00071,C00173,enroll,105,2026-07-17
L00179,C00069,add_to_wishlist,117,2026-02-14
L00104,C00123,complete,146,2026-07-26
L00592,C00211,complete,133,2026-04-08
L00077,C00296,skip,35,2025-10-06
L00817,C00420,add_to_wishlist,70,2025-09-14
L00359,C00130,enroll,222,2026-08-10
L00758,C00314,enroll,207,2026-03-29
L00710,C00380,complete,41,2025-10-25
L00900,C00198,complete,89,2026-03-23
L00225,C00250,skip,201,2026-04-05
L00514,C00078,complete,190,2026-08-06
L00180,C00044,add_to_wishlist,17,2026-06-28
L00014,C00439,like,35,2025-12-19
L00187,C00031,enroll,83,2025-10-06
L00463,C00082,enroll,232,2026-01-07
L00987,C00233,add_to_wishlist,167,2026-03-20
L00571,C00192,add_to_wishlist,39,2026-01-13
L00709,C00044,complete,175,2026-01-10
L00657,C00109,complete,208,2026-08-30
L00126,C00139,enroll,40,2026-08-15
L00806,C00104,complete,57,2026-05-31
L00386,C00424,enroll,214,2026-02-23
L00514,C00387,add_to_wishlist,101,2025-09-26
L00019,C00067,complete,133,2026-05-17
L00824,C00386,complete,211,2025-09-27
L00832,C00297,complete,91,2025-11-27
L00037,C00297,complete,91,2026-06-28
L00594,C00483,skip,38,2026-06-16
L00525,C00466,complete,84,2026-02-08
L00583,C00316,add_to_wishlist,8,2026-01-14
L00193,C00421,enroll,101,2026-07-26
L00191,C00026,complete,191,2026-08-25
L00405,C00072,skip,100,2026-02-16
L00579,C00240,enroll,159,2026-01-07
L00789,C00407,like,42,2025-12-04
L00123,C00415,add_to_wishlist,52,2026-07-09
L00778,C00448,add_to_wishlist,14,2026-08-11
L00116,C00118,complete,81,2026-02-17
L00490,C00067,skip,196,2026-02-11
L00009,C00300,enroll,156,2025-09-28
L00895,C00498,complete,49,2025-10-01
L00626,C00060,enroll,219,2025-09-23
L00349,C00415,enroll,145,2025-12-19
L00385,C00132,enroll,163,2026-06-30
L00576,C00010,skip,47,2025-10-22
L00695,C00067,enroll,22,2025-11-21
L00335,C00452,complete,127,2025-12-06
L00169,C00106,like,214,2026-03-30
L00046,C00159,complete,56,2026-06-02
L00637,C00432,complete,91,2026-04-06
L00640,C00219,skip,80,2026-08-31
L00337,C00297,add_to_wishlist,8,2026-01-31
L00824,C00062,add_to_wishlist,233,2026-04-02
L00653,C00468,like,195,2025-09-09
L00296,C00096,add_to_wishlist,197,2026-07-17
L00970,C00080,like,51,2026-06-06
L00100,C00417,add_to_wishlist,70,2026-03-31
L00969,C00108,add_to_wishlist,65,2026-03-04
L00942,C00099,enroll,220,2026-04-03
L00397,C00141,skip,22,2025-12-01
L00621,C00355,like,209,2025-11-16
L00652,C00023,enroll,65,2026-05-23
L00278,C00456,complete,144,2026-05-12
L00716,C00466,add_to_wishlist,12,2026-07-22
L00015,C00092,complete,108,2026-08-01
L00784,C00230,add_to_wishlist,190,2026-08-05
L00907,C00349,add_to_wishlist,146,2025-12-06
L00865,C00470,enroll,123,2026-04-04
L00955,C00017,skip,231,2026-08-07
L00191,C00164,like,34,2026-06-12
L00082,C00083,like,238,2025-10-29
L00832,C00149,enroll,87,2026-04-16
L00226,C00235,add_to_wishlist,226,2026-07-13
L00387,C00280,add_to_wishlist,46,2025-10-16
L00831,C00440,like,17,2026-04-17
L00737,C00372,complete,239,2026-03-25
L00663,C00078,complete,102,2025-12-08
L00426,C00254,complete,140,2026-08-23
L00897,C00085,skip,46,2025-11-16
L00014,C00316,skip,123,2026-07-13
L00481,C00209,like,193,2026-02-07
L00104,C00368,enroll,68,2026-06-23
L00715,C00471,add_to_wishlist,102,2026-08-02
L00409,C00112,enroll,64,2025-10-24
L00116,C00287,add_to_wishlist,217,2025-12-16
L00857,C00350,skip,102,2026-05-08
L00685,C00133,complete,213,2026-06-03
L00935,C00007,complete,184,2026-06-15
L00099,C00212,complete,121,2025-10-09
L00149,C00011,add_to_wishlist,5,2025-12-04
L00705,C00428,complete,15,2026-06-19
L00464,C00476,skip,93,2026-04-20
L00355,C00389,like,119,2026-01-13
L00789,C00328,like,238,2025-09-18
L00819,C00353,add_to_wishlist,172,2026-09-02
L00326,C00498,enroll,215,2026-07-05
L00335,C00190,like,64,2026-05-20
L00469,C00242,like,221,2026-08-24
L00091,C00325,like,86,2026-08-19
L00252,C00437,enroll,53,2025-11-05
L00227,C00324,add_to_wishlist,100,2025-11-11
L00735,C00208,complete,102,2026-07-26
L00324,C00390,complete,212,2026-05-20
L00877,C00207,enroll,116,2026-08-17
L00079,C00259,add_to_wishlist,239,2026-09-01
L00958,C00020,skip,175,2025-10-12
L00602,C00250,enroll,103,2026-03-03
L00421,C00053,complete,37,2026-02-23
L00363,C00075,complete,67,2025-11-01
L00145,C00030,add_to_wishlist,9,2026-07-08
L00034,C00477,skip,143,2026-07-18
L00587,C00489,skip,49,2026-02-05
L00233,C00224,enroll,111,2026-05-26
L00769,C00434,complete,90,2025-10-29
L00291,C00373,enroll,40,2026-06-13
L00269,C00074,like,48,2025-10-07
L00998,C00346,enroll,1,2026-07-30
L00451,C00074,like,5,2026-03-03
L00391,C00009,add_to_wishlist,224,2026-08-12
L00369,C00342,complete,29,2026-01-23
L00573,C00425,enroll,20,2025-11-18
L00875,C00430,enroll,31,2025-10-30
L00202,C00462,enroll,24,2026-04-14
L00677,C00365,add_to_wishlist,202,2026-07-16
L00429,C00168,enroll,195,2026-04-08
L00589,C00209,add_to_wishlist,106,2026-01-03
L00001,C00373,like,222,2026-02-21
L00869,C00237,like,149,2026-02-24
L00303,C00151,add_to_wishlist,136,2025-09-22
L00374,C00488,like,104,2026-07-31
L00218,C00488,enroll,153,2026-07-16
L00020,C00412,complete,183,2026-07-27
L00580,C00107,like,25,2026-01-22
L00507,C00486,skip,97,2025-09-15
L00655,C00443,like,96,2026-05-31
L00397,C00250,like,114,2025-10-01
L00660,C00335,like,195,2026-02-01
L00919,C00324,skip,123,2025-10-15
L00831,C00149,add_to_wishlist,211,2026-01-15
L00572,C00049,like,57,2025-11-05
L00328,C00070,like,151,2025-12-28
L00383,C00119,complete,225,2025-11-18
L00155,C00482,add_to_wishlist,239,2025-10-22
L00452,C00010,like,221,2026-02-03
L00063,C00341,complete,31,2025-10-01
L00079,C00002,complete,165,2025-12-18
L00787,C00038,complete,153,2026-08-27
L00122,C00232,enroll,38,2025-09-04
L00316,C00404,enroll,143,2026-03-26
L00123,C00333,like,16,2026-02-04
L00606,C00126,skip,60,2026-03-30
L00821,C00262,like,55,2025-11-08
L00983,C00086,complete,185,2026-05-02
L00834,C00287,add_to_wishlist,94,2026-02-10
L00439,C00373,enroll,133,2026-02-04
L00585,C00395,enroll,199,2025-09-15
L00718,C00127,add_to_wishlist,167,2026-08-11
L00925,C00200,add_to_wishlist,114,2025-11-14
L00221,C00426,like,45,2025-09-23
L00202,C00205,enroll,14,2026-07-24
L00685,C00176,like,117,2026-06-20
L00606,C00282,enroll,142,2026-01-10
L00296,C00392,complete,114,2026-07-20
L00516,C00263,add_to_wishlist,164,2026-04-02
L00372,C00062,enroll,190,2025-09-15
L00609,C00146,like,228,2026-08-29
L00946,C00056,skip,38,2025-09-23
L00611,C00403,add_to_wishlist,10,2026-02-01
L00271,C00461,complete,169,2025-10-12
L00503,C00163,skip,166,2026-06-02
L00737,C00371,skip,104,2026-02-01
L00850,C00467,skip,227,2026-03-21
L00573,C00052,skip,240,2025-11-05
L00289,C00332,add_to_wishlist,205,2026-07-25
L00268,C00386,complete,11,2025-11-08
L00460,C00478,like,104,2025-09-26
L00487,C00260,like,172,2026-08-16
L00157,C00168,enroll,89,2026-08-09
L00138,C00457,enroll,154,2025-09-26
L00280,C00298,complete,84,2025-09-08
L00347,C00276,enroll,113,2025-10-23
L00506,C00405,complete,179,2026-05-19
L00722,C00367,complete,107,2026-03-05
L00495,C00114,enroll,64,2025-12-09
L00841,C00228,skip,128,2025-09-21
L00119,C00379,like,27,2025-09-25
L00134,C00349,skip,239,2026-02-24
L00553,C00380,like,145,2025-09-09
L00962,C00169,complete,203,2026-04-20
L00522,C00443,skip,203,2025-10-16
L00696,C00115,complete,118,2026-08-16
L00744,C00381,skip,47,2025-11-06
L00778,C00463,enroll,78,2026-01-27
L00519,C00209,enroll,0,2025-12-24
L00640,C00281,enroll,191,2025-11-27
L00160,C00107,add_to_wishlist,177,2026-05-21
L00929,C00437,like,138,2026-03-21
L00852,C00487,complete,15,2026-08-12
L00493,C00498,enroll,215,2026-08-06
L00454,C00393,add_to_wishlist,55,2026-02-17
L00316,C00019,add_to_wishlist,175,2025-11-21
L00016,C00276,add_to_wishlist,119,2026-08-01
L00327,C00435,like,158,2026-01-25
L00399,C00079,enroll,72,2025-11-10
L00626,C00434,add_to_wishlist,21,2026-01-27
L00063,C00223,enroll,224,2025-12-04
L00231,C00093,skip,72,2026-04-05
L00916,C00044,add_to_wishlist,66,2025-12-25
L00887,C00011,complete,183,2026-08-29
L00180,C00293,add_to_wishlist,95,2026-01-18
L00249,C00485,add_to_wishlist,207,2026-05-31
L00512,C00104,complete,99,2026-05-07
L00563,C00409,complete,177,2025-10-08
L00895,C00412,skip,135,2025-12-10
L00466,C00228,skip,240,2026-02-01
L00982,C00157,enroll,68,2026-07-26
L00299,C00041,complete,165,2026-05-19
L00768,C00498,add_to_wishlist,83,2025-10-10
L00124,C00235,complete,55,2026-05-28
L00005,C00142,enroll,168,2025-10-07
L00867,C00397,enroll,20,2025-09-07
L00968,C00246,like,72,2026-03-19
L00980,C00075,add_to_wishlist,15,2026-06-16
L00144,C00102,add_to_wishlist,181,2026-06-05
L00429,C00291,add_to_wishlist,164,2026-06-16
L00194,C00209,complete,167,2026-08-27
L00476,C00404,complete,139,2026-07-14
L00781,C00157,add_to_wishlist,194,2026-07-27
L00188,C00192,skip,154,2025-11-05
L00812,C00466,add_to_wishlist,207,2026-08-13
L00436,C00339,add_to_wishlist,48,2026-06-30
L00985,C00146,add_to_wishlist,116,2025-11-28
L00981,C00494,complete,96,2026-01-28
L00468,C00252,add_to_wishlist,39,2026-02-15
L00509,C00042,skip,2,2026-05-27
L00541,C00016,enroll,52,2026-05-22
L00127,C00013,add_to_wishlist,127,2025-10-03
L00769,C00154,enroll,181,2025-10-04
L00240,C00458,add_to_wishlist,84,2025-12-25
L00931,C00082,complete,219,2026-07-11
L00498,C00206,enroll,186,2026-04-21
L00395,C00333,complete,188,2025-11-02
L00369,C00227,like,143,2026-04-11
L00161,C00488,add_to_wishlist,230,2026-08-14
L00682,C00339,enroll,134,2026-05-22
L00619,C00273,enroll,118,2025-11-10
L00752,C00002,enroll,186,2026-01-06
L00835,C00227,add_to_wishlist,28,2026-07-22
L00769,C00031,enroll,36,2026-01-22
L00522,C00319,complete,85,2026-08-20
L00715,C00092,enroll,40,2025-11-24
L00534,C00241,like,233,2026-01-24
L00976,C00138,like,69,2026-07-22
L00306,C00332,enroll,98,2025-09-18
L00828,C00009,add_to_wishlist,175,2026-05-11
L00684,C00255,add_to_wishlist,213,2026-01-12
L00822,C00276,like,72,2026-04-30
L00476,C00081,add_to_wishlist,186,2025-12-14
L00278,C00251,add_to_wishlist,206,2026-03-03
L00176,C00466,like,203,2026-04-24
L00944,C00346,skip,192,2026-03-17
L00885,C00427,enroll,71,2026-08-17
L00321,C00358,skip,134,2026-03-20
L00694,C00284,add_to_wishlist,150,2026-08-26
L00714,C00364,add_to_wishlist,0,2026-07-15
L00036,C00403,skip,152,2026-08-10
L00973,C00344,enroll,227,2026-04-27
L00190,C00337,enroll,3,2026-06-24
L00745,C00339,skip,181,2026-07-14
L00391,C00422,like,18,2026-01-22
L00940,C00235,skip,56,2026-07-28
L00299,C00013,like,82,2026-01-19
L00735,C00289,add_to_wishlist,53,2026-01-02
L00357,C00134,like,170,2026-02-27
L00890,C00112,enroll,78,2026-05-03
L00359,C00001,enroll,93,2026-01-12
L00860,C00027,skip,199,2026-08-10
L00465,C00133,like,105,2026-05-01
L00909,C00275,enroll,41,2026-01-11
L00750,C00229,enroll,23,2025-12-06
L00561,C00187,complete,161,2026-08-31
L00066,C00069,add_to_wishlist,56,2026-08-18
L00503,C00434,complete,23,2026-05-06
L00208,C00185,complete,177,2026-07-31
L00333,C00115,like,141,2026-07-23
L00557,C00175,add_to_wishlist,164,2026-03-08
L00027,C00380,enroll,9,2026-04-22
L00670,C00403,skip,160,2026-01-18
L00923,C00440,complete,207,2025-12-17
L00638,C00243,like,205,2026-01-02
L00331,C00451,like,67,2026-03-26
L00774,C00498,skip,186,2026-02-01
L00931,C00021,complete,22,2026-04-09
L00424,C00130,add_to_wishlist,16,2026-08-18
L00788,C00490,enroll,130,2026-02-11
L00002,C00005,add_to_wishlist,237,2026-03-09
L00335,C00185,enroll,170,2025-11-13
L00056,C00201,enroll,187,2025-12-02
L00235,C00118,add_to_wishlist,162,2026-07-08
L00845,C00047,skip,39,2025-10-01
L00570,C00466,add_to_wishlist,36,2026-01-19
L00013,C00423,add_to_wishlist,76,2026-03-15
L00607,C00439,add_to_wishlist,1,2026-06-22
L00662,C00260,complete,0,2026-03-10
L00395,C00052,add_to_wishlist,60,2026-08-29
L00177,C00174,add_to_wishlist,5,2026-05-21
L00506,C00424,add_to_wishlist,144,2026-01-16
L00597,C00083,complete,5,2025-12-09
L00121,C00099,skip,192,2026-05-08
L00558,C00368,skip,190,2026-07-21
L00094,C00318,enroll,57,2026-07-26
L00335,C00076,skip,213,2026-08-23
L00047,C00380,complete,211,2026-01-24
L00876,C00351,enroll,2,2026-05-27
L00511,C00443,add_to_wishlist,60,2026-05-14
L00863,C00071,add_to_wishlist,127,2026-07-25
L00494,C00009,add_to_wishlist,234,2026-01-21
L00756,C00206,skip,142,2026-07-17
L00757,C00339,skip,195,2026-01-10
L00951,C00225,enroll,75,2026-07-01
L00470,C00279,add_to_wishlist,95,2025-10-23
L00132,C00394,like,126,2025-12-31
L00097,C00219,complete,148,2026-08-30
L00137,C00358,complete,236,2026-05-06
L00574,C00432,add_to_wishlist,82,2026-04-26
L00917,C00192,like,87,2026-06-10
L00837,C00114,add_to_wishlist,116,2026-02-15
L00425,C00240,like,161,2025-11-26
L00627,C00273,add_to_wishlist,104,2026-04-28
L00213,C00246,enroll,238,2025-12-06
L00127,C00206,complete,59,2025-09-11
L00180,C00463,skip,46,2026-07-15
L00756,C00377,enroll,76,2026-05-17
L00879,C00185,add_to_wishlist,65,2025-12-02
L00693,C00486,skip,141,2026-02-07
L00299,C00477,enroll,119,2026-01-21
L00401,C00491,skip,76,2026-01-11
L00867,C00384,skip,182,2026-04-12
L00205,C00403,complete,89,2026-02-22
L00511,C00076,skip,179,2026-07-14
L00411,C00232,skip,6,2026-04-07
L00311,C00231,skip,151,2026-08-22
L00818,C00386,enroll,24,2026-02-07
L00356,C00468,like,1,2025-12-26
L00411,C00149,complete,203,2025-11-20
L00163,C00197,enroll,121,2025-10-06
L00802,C00413,skip,98,2025-10-28
L00669,C00101,enroll,9,2026-03-16
L00680,C00192,enroll,94,2026-02-19
L00187,C00264,like,49,2026-07-11
L00070,C00062,complete,6,2026-03-08
L00446,C00243,complete,160,2026-08-24
L00603,C00159,complete,103,2025-09-11
L00253,C00403,enroll,231,2025-10-26
L00021,C00240,complete,94,2026-03-18
L00635,C00043,complete,30,2026-01-01
L00167,C00242,enroll,214,2026-04-25
L00300,C00363,add_to_wishlist,103,2026-06-11
L00916,C00266,skip,65,2026-03-17
L00550,C00070,add_to_wishlist,124,2026-08-21
L00215,C00449,add_to_wishlist,2,2025-11-14
L00147,C00058,skip,181,2025-09-27
L00099,C00397,like,196,2026-06-05
L00656,C00177,add_to_wishlist,58,2026-05-08
L00517,C00068,add_to_wishlist,65,2025-10-28
L00212,C00149,skip,50,2026-04-09
L00007,C00012,like,167,2025-12-10
L00132,C00081,complete,26,2026-04-24
L00147,C00216,like,54,2026-05-19
L00712,C00038,skip,171,2026-03-09
L00671,C00140,complete,105,2026-07-28
L00673,C00230,like,227,2026-05-25
L00683,C00243,add_to_wishlist,105,2025-10-24
L00724,C00138,like,65,2026-02-04
L00378,C00042,skip,139,2026-04-26
L00418,C00452,add_to_wishlist,96,2026-06-25
L00341,C00307,enroll,222,2025-09-08
L00525,C00450,complete,158,2025-10-06
L00499,C00459,like,129,2025-10-01
L00165,C00328,complete,84,2026-08-31
L00640,C00029,like,92,2026-04-21
L00974,C00247,skip,125,2026-07-17
L00926,C00257,complete,43,2026-06-05
L00063,C00026,like,97,2026-02-19
L00323,C00123,enroll,205,2026-02-21
L00878,C00252,enroll,28,2025-11-25
L00798,C00107,enroll,26,2025-11-17
L00997,C00083,like,84,2026-06-02
L00241,C00142,complete,29,2025-10-26
L00486,C00061,add_to_wishlist,65,2026-02-20
L00977,C00319,like,53,2026-04-07
L00349,C00406,complete,113,2025-11-13
L00772,C00278,complete,160,2025-11-06
L00295,C00171,complete,132,2026-05-15
L00581,C00433,add_to_wishlist,205,2026-05-20
L00455,C00144,like,51,2026-04-02
L00113,C00122,skip,51,2026-07-23
L00448,C00218,like,11,2026-07-23
L00825,C00278,add_to_wishlist,94,2025-12-15
L00884,C00427,like,169,2026-03-10
L00858,C00149,like,164,2025-10-28
L00973,C00384,like,34,2026-06-22
L00171,C00179,like,112,2026-06-13
L00463,C00449,skip,209,2026-06-25
L00533,C00127,skip,208,2026-03-22
L00136,C00197,skip,168,2026-03-14
L00793,C00447,enroll,130,2025-10-19
L00124,C00217,add_to_wishlist,152,2026-06-11
L00786,C00151,skip,239,2026-08-27
L00409,C00420,skip,40,2025-12-09
L00643,C00039,skip,173,2026-07-12
L00109,C00304,complete,11,2026-06-03
L00812,C00221,add_to_wishlist,219,2026-02-20
L00055,C00097,skip,12,2026-04-23
L00159,C00152,like,48,2025-09-10
L00705,C00460,skip,106,2025-09-19
L00018,C00456,like,20,2026-04-29
L00156,C00285,complete,104,2026-03-15
L00779,C00370,enroll,56,2025-09-30
L00966,C00218,complete,152,2025-12-23
L00586,C00350,add_to_wishlist,165,2026-03-14
L00464,C00402,add_to_wishlist,46,2026-06-17
L00358,C00170,like,112,2026-07-18
L00594,C00134,enroll,163,2025-12-14
L00176,C00133,enroll,162,2026-02-24
L00341,C00117,skip,176,2025-12-22
L00553,C00293,enroll,211,2026-07-02
L00021,C00376,enroll,75,2026-01-08
L00287,C00112,enroll,197,2026-01-08
L00935,C00401,like,20,2026-06-01
L00006,C00463,complete,19,2025-12-30
L00387,C00450,add_to_wishlist,22,2025-09-26
L00891,C00300,enroll,119,2025-11-17
L00481,C00333,complete,219,2026-01-21
L00221,C00021,skip,232,2026-08-16
L00235,C00403,like,217,2026-07-27
L00689,C00421,enroll,135,2026-04-25
L00501,C00445,add_to_wishlist,106,2025-10-03
L00105,C00356,skip,168,2025-09-17
L00786,C00203,complete,79,2025-11-25
L00228,C00360,skip,227,2026-07-19
L00643,C00160,complete,156,2025-09-27
L00408,C00401,skip,94,2026-04-02
L00573,C00114,like,108,2026-07-15
L00899,C00206,complete,72,2026-01-31
L00281,C00336,skip,168,2026-04-01
L00045,C00183,like,144,2026-04-27
L00842,C00196,complete,152,2025-12-12
L00552,C00394,enroll,165,2025-11-05
L00189,C00398,skip,229,2026-04-17
L00429,C00299,skip,11,2025-10-06
L00455,C00086,complete,54,2026-07-28
L00148,C00196,enroll,235,2025-10-17
L00071,C00443,complete,194,2025-11-01
L00442,C00448,add_to_wishlist,227,2026-06-20
L00315,C00192,add_to_wishlist,218,2026-03-31
L00178,C00042,complete,180,2025-10-12
L00681,C00318,add_to_wishlist,178,2025-09-12
L00950,C00068,enroll,98,2026-05-23
L00806,C00309,add_to_wishlist,240,2025-09-25
L00116,C00232,add_to_wishlist,66,2026-02-05
L00903,C00327,enroll,180,2026-06-20
L00920,C00445,enroll,228,2026-04-03
L00866,C00011,skip,167,2025-09-08
L00208,C00422,complete,182,2026-06-29
L00223,C00139,enroll,121,2026-05-28
L00846,C00320,skip,225,2026-03-06
L00403,C00335,like,10,2025-11-13
L00438,C00423,enroll,205,2025-10-24
L00412,C00154,enroll,138,2025-10-30
L00141,C00328,skip,112,2026-01-24
L00857,C00099,like,146,2026-01-17
L00443,C00449,enroll,240,2026-06-19
L00451,C00337,enroll,185,2026-07-14
L00758,C00338,like,130,2025-12-28
L00334,C00460,complete,94,2025-10-17
L00585,C00437,add_to_wishlist,59,2026-02-11
L00058,C00053,like,8,2026-08-03
L00265,C00186,add_to_wishlist,78,2025-09-10
L00566,C00339,add_to_wishlist,156,2026-05-09
L00189,C00325,like,140,2026-02-19
L00303,C00005,enroll,204,2025-09-06
L00762,C00495,add_to_wishlist,55,2026-06-11
L00776,C00162,like,75,2026-02-16
L00549,C00362,complete,83,2025-12-10
L00476,C00195,complete,11,2025-09-06
L00999,C00002,like,195,2025-10-13
L00397,C00383,skip,233,2026-06-05
L00374,C00449,skip,138,2025-09-26
L00220,C00316,skip,102,2026-06-22
L00646,C00382,skip,197,2026-04-15
L00820,C00493,complete,52,2026-05-12
L00613,C00039,complete,123,2026-01-09
L00882,C00485,like,124,2026-03-23
L00272,C00035,skip,192,2026-04-27
L00801,C00399,add_to_wishlist,152,2025-12-01
L00548,C00404,skip,77,2025-11-25
L00645,C00284,like,89,2025-12-04
L00522,C00117,add_to_wishlist,127,2025-11-11
L00108,C00451,like,12,2026-03-26
L00989,C00364,add_to_wishlist,5,2026-02-02
L00989,C00063,skip,5,2025-10-30
L00267,C00298,add_to_wishlist,112,2025-11-25
L00913,C00296,skip,48,2026-01-07
L00949,C00258,like,112,2025-09-24
L00570,C00496,add_to_wishlist,171,2026-06-25
L00827,C00488,add_to_wishlist,79,2025-11-25
L00112,C00251,like,125,2025-09-30
L00855,C00343,complete,108,2025-12-20
L00718,C00376,add_to_wishlist,87,2026-08-30
L00519,C00198,add_to_wishlist,78,2026-06-11
L00903,C00405,skip,5,2026-07-25
L00742,C00159,enroll,104,2026-03-24
L00249,C00262,complete,30,2026-03-24
L00702,C00273,like,47,2025-12-28
L00929,C00427,enroll,75,2025-12-27
L00830,C00182,like,238,2026-06-22
L00979,C00387,complete,24,2026-01-30
L00586,C00099,enroll,178,2026-01-06
L00895,C00099,enroll,168,2025-12-22
L00693,C00486,enroll,0,2025-09-22
L00120,C00265,like,36,2026-01-08
L00232,C00042,enroll,160,2026-04-06
L00307,C00158,skip,222,2026-09-01
L00549,C00388,complete,107,2026-02-08
L00622,C00453,add_to_wishlist,104,2025-10-10
L00702,C00085,add_to_wishlist,113,2026-05-09
L00501,C00159,skip,116,2026-05-29
L00845,C00226,skip,196,2026-03-15
L00521,C00335,add_to_wishlist,55,2026-07-31
L00381,C00479,like,200,2026-04-26
L00497,C00186,complete,236,2026-07-04
L00304,C00255,add_to_wishlist,199,2026-04-10
L00868,C00367,add_to_wishlist,97,2026-04-02
L00983,C00425,skip,239,2026-07-04
L00275,C00371,add_to_wishlist,6,2025-12-07
L00081,C00305,add_to_wishlist,201,2026-03-06
L00724,C00177,enroll,184,2026-01-05
L00910,C00321,complete,84,2025-09-20
L00808,C00270,skip,237,2026-08-20
L00920,C00251,complete,28,2026-02-13
L00709,C00339,skip,127,2025-11-26
L00937,C00324,complete,194,2025-10-19
L00776,C00242,add_to_wishlist,124,2026-06-17
L00002,C00003,add_to_wishlist,203,2025-11-27
L00519,C00147,enroll,23,2026-03-05
L00771,C00281,add_to_wishlist,21,2026-06-30
L00941,C00139,complete,65,2026-01-18
L00165,C00303,skip,168,2025-09-27
L00296,C00078,add_to_wishlist,10,2025-12-25
L00999,C00091,add_to_wishlist,111,2026-01-09
L00823,C00370,like,43,2026-04-03
L00980,C00430,complete,10,2026-08-15
L00021,C00367,like,71,2026-01-31
L00615,C00124,skip,210,2026-07-28
L00420,C00366,complete,8,2025-09-18
L00840,C00272,skip,88,2026-07-30
L00098,C00308,skip,36,2026-03-02
L00658,C00347,add_to_wishlist,201,2026-07-08
L00776,C00107,add_to_wishlist,227,2026-01-07
L00896,C00307,skip,134,2026-05-01
L00133,C00420,like,7,2026-07-14
L00306,C00351,add_to_wishlist,115,2025-12-17
L00028,C00396,like,4,2026-02-14
L00986,C00431,complete,38,2026-02-23
L00840,C00001,enroll,106,2026-03-17
L00898,C00023,add_to_wishlist,63,2026-04-15
L00077,C00459,add_to_wishlist,165,2025-11-19
L00148,C00434,add_to_wishlist,118,2026-05-31
L00364,C00319,complete,157,2025-10-29
L00844,C00012,complete,134,2025-11-12
L00883,C00344,skip,80,2026-06-14
L00645,C00050,add_to_wishlist,51,2026-01-29
L00462,C00354,like,41,2026-01-20
L00949,C00452,complete,17,2026-05-12
L00359,C00420,add_to_wishlist,112,2025-09-13
L00333,C00241,add_to_wishlist,195,2025-10-09
L00139,C00399,skip,157,2026-08-11
L00559,C00169,enroll,32,2026-04-28
L00242,C00285,skip,199,2026-01-20
L00802,C00135,add_to_wishlist,105,2026-04-14
L00504,C00473,like,152,2026-03-21
L00572,C00404,complete,13,2026-05-24
L00834,C00327,complete,11,2026-06-24
L00732,C00064,enroll,160,2025-11-30
L00935,C00212,like,121,2025-10-22
L00665,C00322,skip,145,2026-08-04
L00960,C00341,add_to_wishlist,219,2026-05-12
L00875,C00220,enroll,222,2025-10-27
L00203,C00408,complete,46,2026-02-28
L00834,C00460,enroll,97,2026-08-04
L00853,C00082,add_to_wishlist,26,2026-01-20
L00843,C00328,add_to_wishlist,44,2026-05-08
L00384,C00427,skip,4,2026-02-16
L00905,C00066,add_to_wishlist,154,2025-09-21
L00980,C00081,skip,118,2026-02-03
L00371,C00392,complete,187,2026-03-18
L00553,C00499,complete,97,2026-01-29
L00675,C00235,enroll,217,2026-01-19
L00535,C00430,complete,41,2026-05-09
L00345,C00429,complete,119,2026-08-02
L00405,C00309,like,167,2026-03-25
L00379,C00084,skip,111,2025-09-16
L00807,C00399,enroll,193,2026-04-07
L00703,C00477,add_to_wishlist,239,2026-01-07
L00842,C00324,enroll,194,2026-08-09
L00436,C00113,complete,154,2026-05-22
L00819,C00149,complete,223,2026-04-29
L00670,C00160,like,219,2026-08-08
L00989,C00253,like,233,2025-11-26
L00997,C00297,skip,229,2026-08-22
L00556,C00022,complete,49,2025-12-11
L00777,C00495,complete,21,2025-12-05
L00066,C00062,like,154,2025-09-30
L00774,C00081,add_to_wishlist,120,2025-09-13
L00752,C00278,skip,117,2025-11-07
L00593,C00199,enroll,218,2026-04-10
L00311,C00233,like,145,2026-05-20
L00551,C00288,enroll,31,2026-03-31
L00984,C00064,add_to_wishlist,196,2025-09-30
L00573,C00067,skip,81,2026-01-27
L00466,C00234,add_to_wishlist,94,2026-07-28
L00510,C00275,like,200,2025-10-09
L00761,C00013,complete,7,2026-04-22
L00252,C00145,skip,52,2025-11-18
L00360,C00455,skip,126,2026-08-28
L00657,C00327,skip,175,2025-11-12
L00519,C00052,complete,126,2026-08-01
L00102,C00349,complete,155,2025-11-18
L00433,C00469,complete,192,2026-01-21
L00553,C00189,add_to_wishlist,206,2025-10-17
L00181,C00477,skip,67,2026-04-08
L00148,C00026,like,56,2026-05-11
L00051,C00197,like,43,2025-10-26
L00578,C00117,skip,99,2025-11-07
L00385,C00468,like,102,2026-04-29
L00420,C00199,complete,28,2026-08-01
L00660,C00006,enroll,118,2026-01-03
L00922,C00258,complete,71,2026-07-19
L00768,C00288,add_to_wishlist,142,2026-04-22
L00072,C00377,skip,202,2026-08-15
L00405,C00236,like,160,2026-08-20
L00262,C00220,complete,108,2025-10-06
L00165,C00027,enroll,140,2026-06-21
L00013,C00497,skip,132,2025-09-27
L00314,C00250,like,81,2026-08-08
L00733,C00304,enroll,184,2025-12-03
L00752,C00236,enroll,222,2026-01-27
L00214,C00316,add_to_wishlist,233,2025-11-10
L00735,C00356,complete,207,2026-04-06
L00457,C00344,complete,167,2025-09-26
L00753,C00127,skip,211,2026-06-29
L00361,C00156,skip,205,2025-12-15
L00175,C00036,enroll,92,2025-10-11
L00648,C00010,like,87,2026-03-28
L00036,C00301,skip,198,2026-06-15
L00744,C00250,like,22,2026-05-09
L00839,C00112,skip,197,2026-02-17
L00520,C00401,like,13,2026-03-30
L00757,C00070,skip,156,2026-07-12
L00558,C00452,like,146,2026-03-23
L00045,C00318,complete,107,2026-07-03
L00921,C00085,complete,73,2026-06-01
L00429,C00282,enroll,13,2026-06-01
L00892,C00314,enroll,46,2026-05-05
L00292,C00079,like,146,2026-08-06
L00477,C00112,add_to_wishlist,226,2025-12-20
L00713,C00407,add_to_wishlist,208,2025-12-12
L00387,C00148,skip,28,2025-10-27
L00918,C00294,enroll,231,2025-10-09
L00062,C00416,complete,80,2025-12-20
L00926,C00305,like,220,2026-08-14
L00255,C00076,complete,142,2026-03-01
L00948,C00292,complete,217,2025-11-29
L00753,C00489,like,81,2026-06-30
L00277,C00434,like,46,2026-07-12
L00611,C00481,complete,43,2026-04-12
L00635,C00286,complete,49,2025-12-13
L00445,C00229,enroll,118,2025-10-30
L00315,C00118,complete,9,2026-05-16
L00039,C00383,like,171,2026-01-24
L00060,C00435,add_to_wishlist,195,2025-09-12
L00035,C00415,complete,108,2026-04-12
L00195,C00171,add_to_wishlist,104,2026-08-05
L00096,C00497,skip,237,2026-02-11
L00823,C00164,skip,153,2026-01-11
L00775,C00497,enroll,139,2025-09-28
L00162,C00193,add_to_wishlist,32,2026-04-09
L00287,C00052,skip,11,2026-02-14
L00538,C00213,enroll,191,2026-08-29
L00557,C00339,like,56,2026-05-07
L00806,C00338,skip,121,2026-03-17
L00903,C00238,skip,141,2026-04-26
L00962,C00441,complete,20,2026-03-31
L00220,C00390,complete,138,2025-09-25
L00590,C00399,skip,25,2026-03-14
L00370,C00198,like,107,2026-01-19
L00775,C00044,enroll,131,2026-03-03
L00244,C00020,like,240,2026-05-27
L00744,C00042,skip,164,2025-12-08
L00112,C00401,skip,169,2026-07-14
L00747,C00464,enroll,26,2025-12-01
L00161,C00290,like,18,2026-02-10
L00865,C00255,enroll,190,2026-04-12
L00087,C00306,complete,122,2025-09-06
L00012,C00346,like,157,2026-02-04
L00965,C00398,complete,214,2026-01-21
L00006,C00035,complete,39,2025-11-11
L00279,C00193,enroll,157,2026-06-07
L00088,C00217,like,85,2026-02-13
L00225,C00004,complete,95,2026-03-12
L00861,C00433,skip,25,2026-01-12
L00578,C00070,like,171,2026-03-06
L00407,C00210,complete,68,2026-01-14
L00663,C00127,like,227,2026-08-11
L00276,C00268,like,198,2026-08-09
L00540,C00405,skip,107,2026-06-30
L00814,C00288,complete,202,2026-07-07
L00248,C00261,enroll,93,2026-01-13
L00079,C00201,add_to_wishlist,133,2026-07-17
L00844,C00307,like,132,2026-05-01
L00793,C00107,skip,109,2026-06-03
L00612,C00353,complete,197,2025-12-01
L00688,C00068,like,193,2026-03-21
L00453,C00487,add_to_wishlist,187,2026-01-07
L00923,C00246,skip,139,2025-10-14
L00702,C00466,like,124,2026-03-21
L00061,C00272,skip,199,2026-02-10
L00447,C00383,add_to_wishlist,90,2025-12-14
L00876,C00255,like,74,2026-03-26
L00813,C00054,enroll,62,2025-09-30
L00208,C00423,like,183,2026-01-18
L00089,C00200,complete,84,2026-03-14
L00742,C00205,like,61,2026-05-23
L00110,C00205,complete,141,2026-03-02
L00260,C00436,complete,39,2026-02-13
L00182,C00020,skip,60,2026-07-03
L00973,C00122,add_to_wishlist,191,2026-08-07
L00221,C00114,add_to_wishlist,71,2025-09-05
L00044,C00460,enroll,89,2025-11-23
L00050,C00301,like,106,2026-02-05
L00808,C00149,skip,232,2025-11-05
L00875,C00373,skip,97,2026-09-01
L00315,C00343,add_to_wishlist,40,2025-09-08
L00041,C00137,like,133,2026-07-01
L00270,C00087,add_to_wishlist,167,2025-12-26
L00649,C00500,skip,18,2026-08-03
L00072,C00057,like,237,2026-02-12
L00143,C00051,like,62,2025-11-28
L00021,C00065,enroll,147,2026-06-04
L00392,C00009,skip,168,2025-09-09
L00678,C00455,like,184,2026-01-30
L00485,C00083,complete,44,2025-12-03
L00885,C00083,add_to_wishlist,220,2025-11-30
L00610,C00251,like,195,2026-05-14
L00501,C00365,like,22,2025-10-23
L00972,C00425,enroll,65,2026-04-04
L00194,C00003,complete,209,2026-05-12
L00229,C00063,add_to_wishlist,137,2026-06-21
L00828,C00093,enroll,133,2025-12-10
L00462,C00124,skip,187,2026-06-27
L00235,C00389,enroll,164,2026-01-16
L00360,C00301,complete,77,2025-09-21
L00602,C00431,complete,191,2025-09-28
L00174,C00004,enroll,139,2026-04-12
L00015,C00312,enroll,173,2025-09-28
L00135,C00407,enroll,131,2025-09-18
L00004,C00414,skip,50,2025-12-05
L00193,C00423,add_to_wishlist,90,2026-02-17
L00369,C00355,complete,175,2026-07-22
L00602,C00166,enroll,39,2026-01-01
L00094,C00252,enroll,58,2026-09-04
L00271,C00457,complete,240,2026-05-24
L00180,C00156,add_to_wishlist,111,2025-09-29
L00367,C00484,like,20,2025-10-23
L00113,C00493,like,3,2026-09-04
L00430,C00488,skip,53,2026-06-11
L00353,C00411,like,232,2026-06-24
L00007,C00244,add_to_wishlist,62,2026-02-15
L00737,C00458,enroll,155,2025-09-08
L00384,C00342,complete,105,2026-09-04
L00449,C00380,enroll,224,2026-04-18
L00996,C00054,complete,110,2026-06-04
L00934,C00092,enroll,215,2025-12-11
L00526,C00301,complete,149,2026-04-01
L00017,C00025,skip,196,2025-12-07
L00764,C00273,enroll,213,2026-06-09
L00411,C00421,like,212,2025-09-18
L00597,C00085,like,130,2026-03-08
L00803,C00066,add_to_wishlist,226,2026-05-02
L00074,C00219,like,151,2026-04-02
L00159,C00466,complete,178,2025-10-31
L00606,C00076,enroll,134,2026-01-24
L00486,C00142,enroll,77,2026-05-05
L00514,C00485,skip,19,2025-10-17
L00773,C00314,enroll,51,2026-07-22
L00325,C00389,skip,14,2026-06-12
L00797,C00381,enroll,145,2026-03-17
L00677,C00269,add_to_wishlist,158,2026-03-23
L00500,C00073,add_to_wishlist,14,2026-08-18
L00429,C00302,add_to_wishlist,204,2026-01-27
L00499,C00169,complete,234,2026-04-22
L00284,C00146,add_to_wishlist,172,2026-02-16
L00710,C00015,enroll,222,2026-01-06
L00109,C00425,add_to_wishlist,101,2025-10-22
L00413,C00158,add_to_wishlist,69,2026-08-02
L00688,C00481,complete,106,2025-10-26
L00119,C00448,skip,150,2026-08-24
L00817,C00184,like,111,2025-11-04
L00366,C00194,add_to_wishlist,149,2025-11-18
L00470,C00491,complete,103,2026-03-16
L00531,C00170,add_to_wishlist,173,2025-12-28
L00713,C00101,like,237,2026-05-19
L00486,C00492,enroll,202,2026-07-22
L00918,C00407,like,2,2025-10-15
L00021,C00355,add_to_wishlist,174,2025-12-03
L00127,C00424,enroll,172,2025-10-25
L00506,C00431,enroll,36,2026-04-09
L00054,C00154,complete,148,2025-10-10
L00380,C00482,add_to_wishlist,79,2026-05-10
L00698,C00161,add_to_wishlist,28,2026-03-10
L00420,C00373,like,65,2026-01-24
L00711,C00330,skip,104,2026-03-13
L00191,C00230,like,98,2026-07-29
L00816,C00026,add_to_wishlist,22,2026-06-16
L00821,C00304,enroll,47,2026-06-30
L00476,C00444,skip,163,2026-05-05
L00173,C00088,skip,5,2026-02-14
L00986,C00375,enroll,102,2026-01-23
L00581,C00414,complete,57,2026-03-26
L00865,C00364,enroll,91,2026-02-02
L00416,C00128,add_to_wishlist,104,2026-02-28
L00031,C00230,enroll,78,2025-11-08
L00057,C00018,skip,132,2025-11-04
L00286,C00063,add_to_wishlist,221,2025-12-14
L00582,C00144,skip,51,2026-07-12
L00389,C00430,like,46,2026-04-30
L00277,C00229,like,131,2026-06-02
L00207,C00180,skip,124,2026-03-08
L00447,C00234,enroll,56,2026-04-21
L00093,C00243,complete,8,2026-02-08
L00496,C00165,enroll,57,2025-12-20
L00368,C00237,skip,90,2025-12-09
L00414,C00481,complete,35,2026-02-21
L00095,C00124,skip,158,2025-09-07
L00181,C00457,enroll,217,2026-05-02
L00500,C00053,complete,62,2026-02-12
L00131,C00065,enroll,136,2026-04-20
L00441,C00397,like,223,2026-08-23
L00470,C00491,skip,152,2025-09-22
L00421,C00051,add_to_wishlist,100,2026-07-12
L00177,C00488,enroll,45,2025-12-25
L00838,C00211,like,82,2026-03-13
L00246,C00334,skip,141,2026-05-01
L00093,C00335,skip,113,2026-05-26
L00581,C00183,complete,195,2025-09-30
L00649,C00312,skip,25,2026-08-22
L00781,C00069,complete,208,2026-05-09
L00150,C00351,skip,38,2026-02-19
L00959,C00318,like,236,2026-07-07
L00859,C00434,skip,14,2025-10-16
L00847,C00289,skip,222,2026-06-25
L00107,C00145,add_to_wishlist,125,2026-01-27
L00450,C00496,enroll,185,2025-12-05
L00488,C00492,complete,118,2025-09-05
L00260,C00251,like,133,2026-07-19
L00206,C00136,enroll,220,2026-05-27
L00170,C00166,add_to_wishlist,184,2026-05-01
L00725,C00081,like,7,2026-05-19
L00097,C00136,complete,9,2025-09-10
L00085,C00368,enroll,154,2026-04-23
L00574,C00367,like,231,2026-02-19
L00487,C00172,add_to_wishlist,35,2026-03-28
L00222,C00257,complete,24,2026-07-10
L00085,C00148,complete,61,2025-12-31
L00073,C00414,like,158,2026-06-22
L00031,C00355,skip,236,2026-03-30
L00648,C00034,skip,133,2026-05-20
L00892,C00311,skip,169,2026-08-13
L00392,C00098,like,167,2026-05-25
L00793,C00026,skip,107,2025-10-14
L00914,C00152,like,167,2025-09-23
L00617,C00014,like,76,2025-12-27
L00884,C00091,enroll,229,2026-02-20
L00027,C00047,skip,113,2026-06-15
L00862,C00391,enroll,215,2025-11-30
L00795,C00128,add_to_wishlist,11,2026-05-25
L00814,C00070,complete,32,2026-03-30
L00318,C00335,add_to_wishlist,52,2026-02-05
L00893,C00216,add_to_wishlist,177,2026-03-30
L00905,C00004,enroll,19,2026-03-11
L00625,C00009,skip,234,2025-10-08
L00601,C00179,add_to_wishlist,238,2026-02-05
L00050,C00369,like,216,2026-06-09
L00966,C00498,enroll,79,2026-04-22
L00145,C00386,skip,6,2026-05-07
L00237,C00214,like,32,2025-10-30
L00698,C00430,skip,168,2026-08-10
L00910,C00274,add_to_wishlist,124,2026-07-25
L00481,C00194,add_to_wishlist,91,2026-04-19
L00530,C00215,enroll,117,2026-02-14
L00431,C00325,like,17,2026-09-03
L00641,C00017,enroll,87,2026-06-05
L00778,C00184,complete,8,2025-11-11
L00090,C00292,add_to_wishlist,58,2025-12-28
L00516,C00349,enroll,15,2026-01-13
L00061,C00138,enroll,61,2026-01-11
L00223,C00142,like,178,2026-02-17
L00011,C00245,like,71,2026-04-04
L00972,C00048,enroll,136,2025-11-03
L00764,C00331,skip,160,2026-02-14
L00581,C00402,like,201,2025-11-14
L00583,C00107,add_to_wishlist,190,2026-03-31
L00437,C00313,skip,232,2025-12-08
L00762,C00340,enroll,198,2026-04-15
L00212,C00178,add_to_wishlist,215,2026-02-14
L00107,C00145,add_to_wishlist,191,2026-06-04
L00408,C00029,enroll,34,2026-02-20
L00149,C00398,complete,170,2025-10-28
L00316,C00304,like,66,2025-09-25
L00120,C00348,like,156,2025-10-30
L00083,C00323,enroll,130,2026-07-10
L00288,C00269,skip,179,2026-09-02
L00540,C00428,enroll,79,2026-08-01
L00816,C00179,like,122,2026-08-31
L00891,C00491,like,128,2026-04-14
L00027,C00420,add_to_wishlist,25,2026-08-23
L00599,C00109,like,144,2026-03-23
L00660,C00385,complete,105,2026-05-14
L00339,C00366,add_to_wishlist,90,2026-03-01
L00738,C00148,enroll,206,2026-08-05
L00052,C00133,skip,2,2025-12-15
L00759,C00390,add_to_wishlist,119,2026-07-01
L00140,C00251,complete,162,2026-04-09
L00841,C00250,skip,47,2025-12-21
L00522,C00396,enroll,3,2026-02-14
L00881,C00030,skip,106,2026-06-09
L00248,C00072,like,14,2026-06-14
L00940,C00277,enroll,76,2026-08-21
L00335,C00259,add_to_wishlist,235,2025-10-19
L00649,C00036,complete,90,2026-01-14
L00079,C00016,like,223,2026-03-06
L00102,C00416,skip,28,2026-03-28
L00725,C00328,skip,147,2025-12-11
L00331,C00289,like,18,2025-10-22
L00234,C00119,add_to_wishlist,135,2025-09-21
L00350,C00061,enroll,109,2025-12-22
L00572,C00125,add_to_wishlist,35,2025-10-19
L00961,C00330,enroll,231,2025-09-09
L00264,C00340,skip,179,2026-04-23
L00337,C00151,complete,97,2025-09-11
L00285,C00227,skip,89,2026-08-13
L00452,C00158,skip,222,2026-05-06
L00813,C00400,skip,157,2026-04-17
L00396,C00102,complete,116,2025-10-04
L00273,C00086,add_to_wishlist,23,2026-07-13
L00512,C00332,like,171,2025-09-20
L00820,C00452,complete,170,2025-10-27
L00719,C00355,complete,28,2025-10-25
L00062,C00465,complete,103,2026-01-03
L00740,C00152,add_to_wishlist,25,2026-06-16
L00304,C00460,skip,52,2026-08-24
L00047,C00263,enroll,109,2026-06-05
L00606,C00250,enroll,215,2025-09-08
L00501,C00490,add_to_wishlist,15,2025-09-27
L00840,C00315,add_to_wishlist,33,2025-11-23
L00398,C00452,skip,165,2025-11-15
L00834,C00059,skip,92,2026-04-12
L00901,C00040,skip,115,2026-06-05
L00305,C00157,add_to_wishlist,9,2025-09-23
L00985,C00161,skip,103,2025-09-17
L00291,C00491,enroll,69,2026-03-18
L00725,C00037,enroll,226,2025-12-12
L00117,C00224,add_to_wishlist,125,2026-06-24
L00910,C00195,like,2,2026-06-10
L00588,C00057,add_to_wishlist,182,2026-08-08
L00357,C00470,complete,46,2026-02-18
L00696,C00409,skip,152,2026-06-01
L00403,C00042,enroll,50,2026-07-15
L00666,C00281,like,54,2026-02-07
L00642,C00118,enroll,1,2026-01-28
L00808,C00189,enroll,50,2026-01-26
L00005,C00223,add_to_wishlist,173,2026-02-07
L00991,C00354,complete,190,2026-04-26
L00844,C00208,enroll,126,2026-02-08
L00015,C00170,add_to_wishlist,75,2025-12-03
L00493,C00033,add_to_wishlist,113,2025-12-13
L00684,C00500,complete,178,2025-10-04
L00232,C00417,like,199,2025-11-05
L00406,C00482,skip,16,2026-01-01
L00156,C00231,like,135,2025-10-04
L00612,C00330,complete,143,2025-09-18
L00284,C00202,add_to_wishlist,28,2025-10-17
L00584,C00052,complete,53,2026-08-02
L00203,C00109,skip,88,2026-06-05
L00586,C00324,skip,173,2026-01-03
L00913,C00068,add_to_wishlist,87,2026-08-30
L00556,C00012,like,158,2025-10-10
L00208,C00019,skip,98,2026-04-26
L00956,C00168,like,185,2026-02-22
L00651,C00368,enroll,68,2026-05-16
L00158,C00158,add_to_wishlist,190,2025-11-01
L00361,C00060,complete,64,2025-11-26
L00183,C00071,like,49,2025-11-23
L00124,C00216,complete,136,2025-10-30
L00592,C00381,add_to_wishlist,138,2026-06-17
L00832,C00362,complete,240,2026-03-19
L00463,C00235,add_to_wishlist,238,2026-05-31
L00409,C00110,like,109,2025-10-21
L00134,C00253,complete,236,2026-04-19
L00371,C00079,skip,218,2026-08-22
L00584,C00414,add_to_wishlist,184,2025-11-11
L00306,C00458,enroll,66,2026-04-19
L00595,C00248,like,48,2025-12-20
L00022,C00132,skip,64,2026-06-18
L00189,C00092,skip,178,2026-03-04
L00607,C00365,add_to_wishlist,117,2025-12-13
L00436,C00237,skip,34,2026-08-12
L00990,C00068,skip,179,2025-12-02
L00329,C00036,add_to_wishlist,184,2026-02-26
L00945,C00438,enroll,52,2025-10-29
L00780,C00418,add_to_wishlist,122,2026-07-12
L00869,C00253,skip,80,2026-03-25
L00005,C00478,like,235,2026-07-16
L00660,C00070,skip,213,2026-02-20
L00255,C00070,skip,33,2026-05-15
L00925,C00346,enroll,231,2025-12-14
L00721,C00392,skip,14,2026-02-24
L00257,C00231,skip,193,2026-08-18
L00898,C00343,add_to_wishlist,127,2026-06-20
L00745,C00236,enroll,202,2026-07-06
L00307,C00339,complete,19,2026-07-03
L00546,C00014,skip,150,2026-07-06
L00357,C00153,skip,133,2026-05-10
L00717,C00003,add_to_wishlist,70,2025-09-20
L00221,C00190,complete,113,2026-05-16
L00305,C00276,add_to_wishlist,38,2026-05-31
L00496,C00470,skip,64,2026-02-01
L00817,C00342,add_to_wishlist,38,2026-07-01
L00061,C00149,complete,104,2025-10-05
L00805,C00260,add_to_wishlist,203,2025-12-22
L00274,C00456,like,46,2025-12-08
L00471,C00017,enroll,139,2025-10-29
L00676,C00250,like,35,2025-12-02
L00242,C00218,skip,186,2025-10-17
L00975,C00180,like,9,2026-01-19
L00058,C00006,skip,6,2026-07-30
L00712,C00169,add_to_wishlist,182,2026-01-12
L00990,C00260,enroll,145,2025-09-11
L00090,C00383,add_to_wishlist,125,2025-10-07
L00902,C00359,complete,126,2026-01-27
L00518,C00249,complete,49,2025-11-11
L00652,C00398,complete,25,2026-01-24
L00149,C00345,complete,19,2025-12-20
L00011,C00441,enroll,221,2026-04-16
L00198,C00443,complete,119,2026-02-10
L00111,C00275,complete,64,2026-01-29
L00751,C00071,complete,126,2025-10-21
L00940,C00164,complete,9,2025-09-21
L00697,C00310,skip,165,2026-08-02
L00221,C00016,skip,125,2025-10-11
L00714,C00292,complete,82,2025-12-04
L00900,C00126,enroll,89,2025-11-19
L00632,C00359,skip,161,2025-10-01
L00852,C00198,like,26,2026-08-26
L00128,C00070,enroll,84,2026-08-27
L00468,C00164,complete,238,2025-12-23
L00273,C00116,add_to_wishlist,101,2026-08-10
L00381,C00194,add_to_wishlist,33,2026-06-10
L00867,C00100,enroll,207,2025-09-16
L00881,C00025,like,62,2026-03-25
L00394,C00304,add_to_wishlist,182,2025-09-13
L00611,C00028,enroll,52,2026-04-24
L00568,C00338,add_to_wishlist,187,2026-01-29
L00030,C00079,enroll,188,2025-09-13
L00778,C00496,add_to_wishlist,7,2025-12-19
L00926,C00246,skip,80,2026-05-17
L00548,C00401,enroll,47,2025-12-11
L00285,C00291,like,89,2025-11-21
L00007,C00296,enroll,172,2025-10-11
L00207,C00215,enroll,125,2026-08-11
L00030,C00115,enroll,100,2026-05-11
L00492,C00454,skip,236,2025-09-18
L00246,C00213,add_to_wishlist,29,2025-11-21
L00399,C00084,complete,51,2026-09-01
L00568,C00195,like,216,2025-10-25
L00953,C00189,skip,15,2026-05-26
L00579,C00315,like,123,2026-01-24
L00470,C00403,complete,224,2026-04-05
L00095,C00449,enroll,131,2026-05-28
L00109,C00169,like,83,2025-11-24
L00688,C00304,like,59,2025-09-14
L00536,C00043,enroll,67,2026-06-12
L00200,C00393,add_to_wishlist,138,2025-10-02
L00965,C00489,add_to_wishlist,202,2026-01-29
L00334,C00469,skip,132,2026-02-26
L00644,C00365,skip,228,2026-06-21
L00352,C00100,enroll,113,2025-12-10
L00663,C00028,like,153,2026-01-14
L00545,C00392,enroll,61,2025-10-10
L00299,C00025,like,121,2026-03-10
L00737,C00021,complete,18,2025-12-22
L00997,C00496,enroll,107,2026-06-26
L00340,C00050,like,66,2026-02-02
L00785,C00221,add_to_wishlist,58,2026-07-31
L00593,C00269,skip,117,2026-07-17
L00544,C00498,enroll,79,2025-10-19
L00541,C00350,complete,45,2026-03-24
L00999,C00068,add_to_wishlist,118,2026-05-05
L00719,C00194,enroll,190,2026-06-21
L00774,C00119,add_to_wishlist,84,2026-01-21
L00538,C00271,like,232,2026-02-15
L00173,C00305,complete,8,2025-12-02
L00276,C00237,enroll,116,2025-12-28
L00159,C00409,enroll,120,2025-11-12
L00308,C00373,like,87,2025-10-15
L00020,C00140,complete,91,2026-04-05
L00105,C00284,add_to_wishlist,178,2025-11-09
L00342,C00071,complete,116,2026-01-23
L00508,C00056,complete,139,2026-05-10
L00419,C00384,like,89,2026-07-22
L00347,C00386,like,237,2026-01-05
L00894,C00428,enroll,120,2026-02-03
L00234,C00220,skip,46,2026-07-17
L00957,C00456,skip,143,2026-06-10
L00240,C00238,like,66,2025-10-20
L00791,C00267,like,143,2025-11-26
L00407,C00251,complete,111,2025-09-11
L00270,C00320,like,145,2026-02-07
L00524,C00195,enroll,169,2026-08-17
L00203,C00194,add_to_wishlist,209,2026-04-14
L00240,C00316,like,54,2026-07-17
L00714,C00151,add_to_wishlist,104,2025-12-25
L00765,C00491,like,227,2026-01-11
L00516,C00279,complete,170,2025-10-16
L00463,C00023,complete,37,2026-04-20
L00973,C00464,add_to_wishlist,80,2026-04-27
L00331,C00437,add_to_wishlist,89,2026-06-16
L00879,C00337,enroll,4,2026-08-31
L00146,C00360,enroll,70,2026-08-13
L00578,C00196,add_to_wishlist,102,2026-06-14
L00127,C00375,enroll,13,2026-07-20
L00924,C00354,like,24,2026-08-30
L00527,C00058,complete,200,2026-04-19
L00832,C00430,like,153,2026-08-14
L00940,C00278,skip,176,2026-04-05
L00029,C00297,enroll,110,2026-01-25
L00533,C00219,add_to_wishlist,18,2026-02-17
L00373,C00109,add_to_wishlist,24,2026-07-28
L00761,C00097,enroll,117,2026-06-17
L00793,C00396,enroll,29,2025-12-27
L00512,C00479,skip,71,2026-02-16
L00898,C00177,enroll,99,2025-10-12
L00006,C00081,add_to_wishlist,94,2026-04-23
L00241,C00276,complete,9,2026-03-24
L00679,C00471,complete,201,2026-06-15
L00898,C00119,like,47,2025-12-01
L00784,C00045,add_to_wishlist,61,2025-11-02
L00315,C00495,add_to_wishlist,139,2026-05-03
L00920,C00020,like,200,2025-11-08
L00616,C00273,enroll,235,2026-04-21
L00022,C00316,skip,234,2026-05-12
L00342,C00363,skip,82,2026-03-25
L00828,C00154,enroll,15,2026-06-21
L00912,C00228,like,32,2025-12-06
L00151,C00042,complete,42,2026-01-21
L00108,C00481,skip,128,2025-12-17
L00864,C00115,enroll,227,2026-02-15
L00270,C00343,like,57,2026-03-06
L00382,C00136,complete,209,2026-05-30
L00805,C00132,like,103,2025-10-22
L00782,C00011,enroll,229,2026-04-23
L00512,C00387,like,66,2026-07-11
L00156,C00359,add_to_wishlist,40,2026-08-14
L00198,C00475,add_to_wishlist,83,2025-10-18
L00638,C00083,skip,154,2025-11-01
L00914,C00491,complete,230,2025-11-14
L00874,C00322,skip,68,2025-11-14
L00791,C00376,enroll,10,2025-09-16
L00808,C00259,enroll,172,2025-12-12
L00923,C00171,skip,208,2026-04-08
L00341,C00325,add_to_wishlist,228,2026-01-19
L00167,C00295,skip,139,2026-02-23
L00983,C00155,complete,91,2026-02-14
L00580,C00078,skip,68,2026-08-18
L00634,C00080,enroll,27,2026-03-03
L00188,C00381,enroll,11,2026-03-24
L00616,C00152,skip,137,2025-12-16
L00111,C00001,add_to_wishlist,159,2025-10-28
L00660,C00499,complete,38,2026-06-09
L00547,C00144,like,174,2026-07-01
L00973,C00066,enroll,227,2026-08-29
L00629,C00328,add_to_wishlist,85,2026-03-09
L00800,C00486,add_to_wishlist,159,2026-05-31
L00950,C00398,complete,143,2026-08-31
L00873,C00437,like,221,2025-11-25
L00338,C00345,enroll,210,2025-10-17
L00653,C00071,complete,122,2026-06-01
L00044,C00441,enroll,240,2025-10-26
L00507,C00483,complete,201,2025-09-21
L00883,C00087,add_to_wishlist,160,2025-12-19
L00158,C00109,skip,108,2025-10-24
L00598,C00047,like,1,2026-02-16
L00553,C00049,like,87,2026-05-20
L00545,C00023,skip,211,2026-06-21
L00324,C00205,skip,48,2026-06-13
L00996,C00345,skip,13,2026-06-24
L00966,C00023,add_to_wishlist,229,2026-06-19
L00402,C00181,like,29,2025-10-04
L00936,C00307,complete,45,2025-09-14
L00971,C00162,skip,20,2026-05-27
L00665,C00123,like,176,2025-11-25
L00029,C00471,skip,162,2025-10-14
L00645,C00187,add_to_wishlist,120,2026-04-24
L00929,C00448,like,137,2025-11-03
L00313,C00364,complete,94,2025-11-16
L00136,C00260,enroll,26,2026-06-18
L00653,C00288,add_to_wishlist,38,2026-05-16
L00807,C00349,enroll,21,2026-04-16
L00007,C00131,like,3,2025-11-10
L00989,C00373,complete,119,2025-09-15
L00017,C00092,add_to_wishlist,142,2026-08-25
L00960,C00331,complete,65,2026-01-13
L00390,C00426,like,100,2025-09-15
L00370,C00437,enroll,240,2026-05-17
L00608,C00310,enroll,122,2026-03-28
L00010,C00038,enroll,206,2026-05-24
L00807,C00054,like,211,2026-02-27
L00730,C00033,complete,144,2025-09-06
L00630,C00176,enroll,160,2026-03-16
L00187,C00175,like,177,2025-10-04
L00454,C00221,enroll,33,2026-02-26
L00387,C00276,complete,58,2026-03-04
L00285,C00183,like,42,2026-05-23
L00960,C00348,like,37,2026-08-04
L00481,C00397,complete,140,2026-01-13
L00078,C00183,add_to_wishlist,139,2025-10-23
L00393,C00223,add_to_wishlist,211,2025-12-15
L00886,C00054,skip,95,2026-08-03
L00811,C00205,skip,229,2025-09-17
L00515,C00453,complete,191,2026-02-02
L00358,C00394,add_to_wishlist,14,2025-11-19
L00170,C00354,skip,204,2026-08-23
L00967,C00034,like,55,2025-11-18
L00673,C00303,complete,34,2025-12-29
L00324,C00192,skip,222,2025-12-11
L00074,C00345,complete,26,2026-05-19
L00920,C00129,enroll,60,2026-07-13
L00712,C00251,like,114,2026-06-30
L00661,C00176,skip,156,2026-08-10
L00399,C00451,enroll,121,2025-09-15
L00592,C00138,like,71,2026-03-26
L00844,C00270,enroll,136,2025-10-20
L00639,C00062,add_to_wishlist,68,2025-09-05
L00365,C00219,skip,6,2026-04-02
L00698,C00225,enroll,23,2026-06-18
L00300,C00238,like,144,2026-03-12
L00843,C00433,enroll,209,2026-08-18
L00968,C00489,like,174,2026-01-19
L00201,C00365,skip,116,2026-08-27
L00450,C00063,add_to_wishlist,216,2026-05-09
L00625,C00073,skip,210,2026-07-13
L00336,C00135,enroll,76,2025-10-08
L00221,C00132,complete,87,2026-05-18
L00436,C00273,enroll,122,2026-06-05
L00733,C00385,add_to_wishlist,1,2025-12-24
L00614,C00060,complete,8,2025-12-12
L00036,C00114,complete,106,2026-03-18
L00105,C00243,skip,81,2025-12-04
L00042,C00451,skip,233,2025-12-31
L00488,C00043,skip,32,2026-04-17
L00179,C00282,enroll,202,2025-10-18
L00317,C00040,enroll,210,2026-04-05
L00677,C00121,add_to_wishlist,61,2026-06-27
L00467,C00345,enroll,136,2026-04-04
L00957,C00234,complete,72,2026-05-03
L00577,C00349,like,170,2026-01-26
L00917,C00241,skip,4,2026-03-05
L00761,C00223,like,138,2026-04-03
L00020,C00277,complete,47,2026-07-12
L00648,C00044,complete,138,2026-06-16
L00279,C00377,enroll,235,2026-08-05
L00631,C00440,skip,140,2026-06-08
L00999,C00056,skip,53,2025-11-15
L00683,C00216,like,81,2026-06-28
L00174,C00338,enroll,215,2026-08-10
L00617,C00134,complete,120,2026-06-19
L00869,C00436,like,193,2025-09-18
L00498,C00468,skip,178,2026-06-29
L00679,C00270,complete,17,2026-03-10
L00595,C00370,add_to_wishlist,120,2025-12-18
L00061,C00443,complete,62,2025-10-01
L00697,C00028,skip,159,2026-03-24
L00399,C00158,enroll,60,2026-05-26
L00788,C00370,enroll,75,2026-02-17
L00599,C00342,skip,112,2026-07-13
L00725,C00057,like,8,2026-04-19
L00654,C00345,complete,24,2026-01-31
L00741,C00375,complete,87,2025-11-17
L00345,C00401,complete,215,2026-05-06
L00881,C00413,complete,97,2026-06-29
L00217,C00151,like,156,2026-02-20
L00550,C00411,add_to_wishlist,26,2026-03-01
L00313,C00358,skip,34,2025-12-28
L00051,C00095,like,41,2026-06-27
L00716,C00273,like,98,2025-09-12
L00519,C00497,like,82,2026-08-19
L00877,C00330,enroll,132,2025-11-30
L00326,C00082,skip,216,2026-03-27
L00972,C00191,skip,35,2026-06-08
L00637,C00032,add_to_wishlist,174,2025-11-13
L00975,C00445,skip,194,2026-03-14
L00581,C00324,skip,198,2026-04-11
L00387,C00330,add_to_wishlist,60,2025-09-26
L00989,C00473,like,167,2025-10-24
L00331,C00366,like,121,2026-02-07
L00158,C00197,enroll,40,2026-02-01
L00616,C00126,enroll,71,2026-01-09
L00486,C00409,add_to_wishlist,47,2026-05-20
L00748,C00285,like,103,2026-02-10
L00368,C00092,like,92,2026-05-03
L00887,C00259,add_to_wishlist,50,2026-05-06
L00793,C00026,enroll,215,2025-11-25
L00201,C00492,enroll,143,2026-01-16
L00990,C00132,complete,29,2025-11-21
L00014,C00233,enroll,152,2026-06-09
L00053,C00101,enroll,166,2026-07-16
L00714,C00222,add_to_wishlist,236,2026-05-09
L00050,C00355,like,191,2026-03-11
L00901,C00054,add_to_wishlist,236,2026-03-24
L00641,C00499,like,183,2026-01-20
L00200,C00199,enroll,77,2025-12-24
L00782,C00444,enroll,164,2025-12-19
L00117,C00225,complete,138,2026-08-28
L00949,C00393,skip,52,2025-11-03
L00929,C00415,add_to_wishlist,230,2026-06-18
L00306,C00068,skip,208,2026-03-12
L00260,C00072,enroll,221,2026-04-21
L00055,C00294,enroll,123,2026-01-21
L00958,C00382,complete,106,2026-07-12
L00015,C00369,like,74,2026-05-24
L00542,C00076,like,225,2026-05-28
L00208,C00350,add_to_wishlist,206,2025-12-23
L00620,C00040,add_to_wishlist,232,2025-11-22
L00930,C00449,skip,206,2025-10-23
L00813,C00043,enroll,175,2026-03-19
L00349,C00311,like,84,2026-01-27
L00820,C00091,add_to_wishlist,34,2026-07-12
L00617,C00337,add_to_wishlist,234,2026-06-08
L00164,C00078,add_to_wishlist,192,2025-09-20
L00914,C00248,complete,80,2026-02-18
L00899,C00266,skip,166,2026-06-29
L00448,C00193,like,166,2026-05-22
L00995,C00065,add_to_wishlist,206,2025-09-29
L00176,C00138,like,197,2026-08-15
L00769,C00390,skip,79,2026-03-19
L00136,C00015,enroll,77,2026-03-14
L00878,C00193,skip,104,2025-11-27
L00627,C00367,skip,94,2025-11-28
L00911,C00238,complete,37,2026-01-14
L00525,C00426,enroll,128,2026-05-26
L00123,C00368,complete,32,2026-05-21
L00108,C00092,skip,156,2025-10-01
L00842,C00463,like,209,2025-12-26
L00179,C00120,add_to_wishlist,63,2025-11-10
L00815,C00071,complete,37,2026-05-05
L00992,C00432,enroll,76,2025-09-14
L00048,C00257,like,83,2026-08-16
L00343,C00421,skip,233,2026-01-13
L00509,C00023,add_to_wishlist,10,2026-06-06
L00248,C00063,complete,11,2026-02-21
L00605,C00301,add_to_wishlist,238,2025-12-09
L00860,C00273,skip,117,2026-04-30
L00355,C00342,skip,236,2025-09-21
L00820,C00293,add_to_wishlist,75,2025-12-04
L00383,C00374,skip,17,2026-05-06
L00472,C00221,like,94,2025-12-16
L00383,C00460,complete,230,2025-11-21
L00460,C00347,add_to_wishlist,110,2026-05-15
L00150,C00479,add_to_wishlist,70,2026-02-22
L00430,C00293,add_to_wishlist,4,2026-07-12
L00632,C00337,complete,53,2026-02-28
L00857,C00409,skip,68,2025-09-29
L00046,C00099,skip,115,2026-01-17
L00977,C00456,enroll,22,2025-10-12
L00116,C00351,add_to_wishlist,128,2026-05-17
L00524,C00495,add_to_wishlist,37,2026-07-03
L00693,C00271,like,86,2026-03-13
L00537,C00490,add_to_wishlist,172,2026-03-02
L00489,C00049,add_to_wishlist,162,2026-06-23
L00723,C00037,like,200,2026-07-06
L00617,C00136,like,134,2026-01-03
L00854,C00352,like,210,2026-02-10
L00807,C00409,complete,47,2026-01-12
L00145,C00114,skip,192,2025-12-23
L00020,C00017,like,8,2026-05-09
L00541,C00010,complete,52,2026-06-06
L00126,C00386,like,16,2025-11-05
L00501,C00334,add_to_wishlist,223,2026-08-03
L00366,C00435,enroll,93,2026-03-03
L00765,C00300,skip,29,2026-02-04
L00250,C00386,skip,171,2025-12-24
L00769,C00228,enroll,235,2026-06-07
L00257,C00182,complete,114,2026-08-01
L00789,C00337,like,108,2025-10-15
L00353,C00064,complete,122,2026-01-16
L00415,C00191,like,198,2026-05-06
L00755,C00461,enroll,44,2026-03-19
L00646,C00101,like,130,2025-12-22
L00345,C00179,enroll,135,2026-03-18
L00973,C00200,like,180,2025-12-28
L00763,C00109,complete,66,2026-04-10
L00886,C00172,skip,208,2025-10-08
L00079,C00095,skip,208,2026-08-05
L00669,C00078,enroll,212,2025-12-12
L00426,C00028,like,70,2026-02-01
L00155,C00390,enroll,13,2026-05-28
L00049,C00195,enroll,190,2026-08-01
L00454,C00466,like,181,2026-02-11
L00801,C00444,enroll,172,2026-08-11
L00228,C00480,like,176,2026-05-05
L00917,C00213,add_to_wishlist,196,2025-10-03
L00152,C00184,add_to_wishlist,99,2026-06-04
L00141,C00264,like,200,2026-05-05
L00180,C00106,skip,226,2026-04-25
L00282,C00424,complete,239,2026-03-20
L00234,C00077,like,118,2026-02-13
L00288,C00153,add_to_wishlist,163,2025-10-28
L00627,C00466,complete,126,2026-02-25
L00188,C00005,like,221,2026-03-08
L00716,C00413,complete,160,2026-08-12
L00680,C00474,like,15,2026-03-21
L00922,C00189,complete,21,2025-09-04
L00159,C00076,complete,206,2026-05-24
L00104,C00018,complete,146,2026-05-30
L00835,C00351,enroll,194,2026-04-18
L00967,C00350,add_to_wishlist,123,2026-04-06
L00076,C00277,enroll,121,2026-08-05
L00170,C00127,enroll,54,2025-10-09
L00314,C00032,skip,194,2026-05-22
L00219,C00484,add_to_wishlist,206,2026-08-07
L00496,C00350,like,145,2026-07-05
L00183,C00436,complete,132,2026-02-28
L00621,C00225,like,115,2026-08-09
L00506,C00008,enroll,203,2025-11-08
L00031,C00215,skip,161,2026-08-21
L00919,C00086,enroll,6,2026-01-20
L00505,C00480,add_to_wishlist,222,2026-05-03
L00234,C00007,complete,164,2025-09-22
L00125,C00132,skip,182,2026-01-18
L00927,C00087,skip,233,2026-06-04
L00905,C00027,complete,33,2026-05-02
L00418,C00485,add_to_wishlist,180,2026-07-30
L00737,C00406,like,124,2026-07-01
L00180,C00234,complete,79,2026-05-08
L00251,C00466,enroll,51,2025-11-29
L00191,C00196,skip,154,2026-05-06
L00144,C00152,like,196,2026-05-15
L00904,C00123,skip,122,2026-05-23
L00937,C00187,like,179,2026-09-02
L00256,C00470,enroll,190,2025-09-27
L00354,C00113,enroll,172,2026-06-04
L00327,C00446,complete,15,2025-11-18
L00087,C00412,add_to_wishlist,153,2026-06-18
L00421,C00331,add_to_wishlist,182,2025-11-01
L00896,C00475,like,146,2025-11-15
L00587,C00242,complete,217,2026-07-09
L00454,C00012,add_to_wishlist,61,2025-09-28
L00646,C00203,enroll,193,2026-06-05
L00897,C00413,complete,59,2025-11-03
L00423,C00495,like,199,2026-01-26
L00209,C00286,add_to_wishlist,228,2025-09-29
L00327,C00497,complete,37,2026-06-21
L00293,C00088,add_to_wishlist,150,2026-06-21
L00547,C00079,like,12,2026-05-13
L00409,C00007,complete,228,2025-10-07
L00298,C00415,enroll,110,2026-07-03
L00622,C00148,complete,147,2026-08-17
L00961,C00110,like,50,2026-01-25
L00106,C00327,enroll,122,2026-03-07
L00916,C00294,like,99,2026-01-13
L00563,C00302,like,65,2026-07-30
L00508,C00184,skip,85,2026-02-20
L00678,C00028,complete,47,2026-05-09
L00595,C00023,skip,218,2025-10-30
L00469,C00148,like,79,2025-11-11
L00995,C00341,skip,40,2026-05-20
L00561,C00139,complete,83,2025-10-03
L00995,C00118,enroll,195,2026-06-12
L00595,C00055,like,96,2026-08-15
L00456,C00213,enroll,239,2026-04-07
L00748,C00465,complete,47,2026-08-21
L00840,C00487,skip,211,2025-09-05
L00994,C00418,skip,38,2025-10-29
L00729,C00221,add_to_wishlist,191,2026-02-22
L00887,C00240,skip,153,2026-04-23
L00293,C00163,complete,211,2026-03-01
L00422,C00496,like,113,2025-11-07
L00114,C00033,like,24,2026-06-01
L00917,C00192,add_to_wishlist,212,2025-12-23
L00110,C00349,complete,118,2025-11-19
L00911,C00354,like,60,2026-02-08
L00583,C00280,complete,182,2026-08-09
L00267,C00244,skip,32,2026-02-02
L00222,C00231,complete,212,2025-09-20
L00202,C00274,enroll,51,2025-10-14
L00741,C00118,complete,224,2026-07-15
L00939,C00038,skip,229,2026-01-18
L00458,C00214,like,59,2025-11-06
L00100,C00500,add_to_wishlist,215,2025-12-07
L00787,C00351,like,133,2026-07-16
L00052,C00344,like,174,2026-05-25
L00638,C00436,complete,167,2026-08-23
L00539,C00429,skip,164,2026-07-09
L00716,C00037,like,42,2025-11-23
L00583,C00108,enroll,240,2026-07-04
L00726,C00027,enroll,9,2026-05-28
L00757,C00057,skip,72,2025-10-12
L00184,C00133,complete,221,2026-03-01
L00753,C00409,skip,38,2026-07-20
L00005,C00147,complete,157,2025-11-12
L00880,C00121,like,152,2026-09-02
L00724,C00187,enroll,155,2026-09-01
L00550,C00049,enroll,48,2025-11-21
L00454,C00070,like,65,2026-08-10
L00629,C00021,complete,175,2026-04-02
L00957,C00065,add_to_wishlist,227,2026-08-13
L00066,C00319,add_to_wishlist,67,2025-11-29
L00166,C00333,like,222,2025-11-22
L00510,C00253,skip,28,2026-03-06
L00530,C00026,like,88,2026-02-11
L00164,C00113,like,176,2026-02-18
L00737,C00246,skip,114,2026-06-08
L00905,C00370,complete,82,2025-09-28
L00602,C00108,complete,153,2025-11-03
L00919,C00240,complete,150,2025-11-21
L00375,C00289,like,27,2025-12-14
L00640,C00034,like,118,2025-09-18
L00658,C00301,add_to_wishlist,33,2026-02-16
L00889,C00047,add_to_wishlist,35,2026-07-26
L00044,C00488,skip,101,2026-01-15
L00770,C00341,enroll,109,2026-05-20
L00129,C00300,enroll,44,2026-04-16
L00653,C00370,skip,122,2026-07-20
L00485,C00389,complete,11,2025-10-28
L00715,C00452,skip,108,2026-03-05
L00151,C00189,skip,173,2026-08-02
L00927,C00002,add_to_wishlist,141,2026-09-02
L00224,C00455,complete,216,2026-08-29
L00276,C00312,add_to_wishlist,121,2026-06-14
L00639,C00421,like,23,2026-07-05
L00675,C00040,skip,55,2026-02-08
L00419,C00354,complete,115,2026-07-20
L00194,C00081,enroll,32,2026-01-19
L00384,C00089,like,65,2026-01-27
L00247,C00150,enroll,5,2026-04-03
L00046,C00313,enroll,14,2026-08-19
L00704,C00446,like,90,2026-02-24
L00496,C00483,add_to_wishlist,16,2026-03-12
L00395,C00461,add_to_wishlist,150,2026-03-12
L00463,C00291,like,76,2025-09-05
L00242,C00143,skip,186,2026-02-02
L00567,C00055,enroll,218,2026-06-26
L00292,C00313,like,197,2026-03-27
L00965,C00085,add_to_wishlist,25,2026-04-28
L00249,C00335,add_to_wishlist,52,2026-01-28
L00688,C00082,add_to_wishlist,34,2025-09-09
L00975,C00246,skip,16,2026-01-01
L00337,C00205,enroll,102,2026-04-19
L00529,C00488,like,94,2026-05-16
L00648,C00428,add_to_wishlist,220,2026-06-12
L00096,C00491,complete,202,2026-07-23
L00619,C00357,add_to_wishlist,75,2026-05-03
L00262,C00044,enroll,153,2026-01-07
L00612,C00428,skip,12,2026-08-18
L00132,C00144,like,156,2026-05-20
L00375,C00487,complete,196,2026-04-17
L00416,C00138,skip,239,2026-05-17
L00198,C00143,complete,122,2026-03-11
L00419,C00455,skip,36,2026-06-20
L00892,C00289,skip,78,2025-10-31
L00643,C00027,complete,137,2026-02-23
L00547,C00452,enroll,170,2025-12-07
L00114,C00031,enroll,129,2026-03-17
L00221,C00335,like,215,2026-01-08
L00555,C00457,complete,166,2026-07-16
L00117,C00233,complete,101,2026-04-24
L00072,C00303,complete,100,2026-01-29
L00836,C00010,add_to_wishlist,235,2026-08-17
L00485,C00474,complete,58,2025-10-24
L00389,C00235,skip,145,2026-01-08
L00767,C00458,complete,143,2025-12-07
L00659,C00416,enroll,111,2026-08-04
L00836,C00189,enroll,99,2026-01-21
L00754,C00253,add_to_wishlist,66,2026-01-29
L00174,C00014,enroll,67,2026-03-05
L00958,C00179,enroll,99,2025-09-26
L00049,C00365,complete,238,2026-05-27
L00428,C00405,add_to_wishlist,87,2026-04-07
L00560,C00093,add_to_wishlist,69,2026-02-10
L00528,C00246,complete,64,2025-10-07
L00053,C00134,complete,28,2026-03-08
L00109,C00086,enroll,198,2026-04-30
L00940,C00136,complete,190,2025-12-02
L00064,C00494,complete,82,2026-03-29
L00873,C00325,enroll,144,2025-10-07
L00807,C00315,complete,3,2026-05-07
L00295,C00444,enroll,161,2025-10-09
L00148,C00253,add_to_wishlist,180,2026-06-28
L00498,C00386,add_to_wishlist,240,2026-04-04
L00919,C00426,complete,11,2026-03-07
L00364,C00289,like,165,2026-06-19
L00808,C00390,like,38,2026-03-17
L00005,C00419,complete,178,2026-01-31
L00353,C00288,like,76,2026-05-24
L00771,C00376,add_to_wishlist,238,2026-01-10
L00844,C00442,skip,104,2026-02-20
L00886,C00446,complete,4,2026-02-09
L00767,C00179,enroll,61,2026-07-27
L00710,C00436,skip,202,2025-12-01
L00348,C00338,skip,146,2026-06-23
L00347,C00045,add_to_wishlist,16,2025-12-02
L00983,C00115,skip,42,2026-06-09
L00854,C00396,enroll,137,2026-01-22
L00357,C00024,enroll,14,2025-11-27
L00502,C00017,skip,160,2025-10-27
L00991,C00164,like,91,2025-09-09
L00050,C00342,complete,47,2026-01-16
L00987,C00137,enroll,2,2026-02-04
L00922,C00144,enroll,240,2026-02-05
L00116,C00484,complete,70,2026-03-15
L00445,C00485,add_to_wishlist,195,2026-06-19
L00535,C00299,enroll,208,2026-07-09
L00428,C00378,like,230,2025-09-17
L00148,C00033,enroll,103,2025-11-26
L00857,C00407,skip,227,2025-11-10
L00799,C00104,like,240,2026-08-14
L00967,C00259,complete,207,2026-01-16
L00038,C00427,complete,210,2026-02-18
L00829,C00194,complete,235,2025-09-06
L00761,C00291,skip,54,2026-04-30
L00783,C00294,add_to_wishlist,28,2026-04-28
L00158,C00128,enroll,107,2026-05-14
L00009,C00405,add_to_wishlist,143,2026-08-26
L00323,C00454,complete,213,2026-06-01
L00819,C00011,enroll,187,2026-05-11
L00885,C00125,complete,21,2025-10-18
L00556,C00044,complete,84,2026-03-23
L00293,C00376,complete,71,2026-03-07
L00150,C00352,skip,197,2025-09-19
L00077,C00429,like,95,2025-09-28
L00740,C00114,enroll,67,2026-01-26
L00228,C00413,skip,19,2025-10-10
L00939,C00437,complete,169,2026-08-19
L00445,C00020,enroll,54,2026-06-11
L00384,C00009,skip,128,2026-05-12
L00831,C00116,complete,213,2026-08-23
L00427,C00236,skip,41,2026-06-24
L00891,C00010,skip,34,2026-01-15
L00358,C00089,like,164,2025-11-01
L00557,C00205,add_to_wishlist,225,2026-05-13
L00867,C00298,skip,181,2026-05-16
L00890,C00192,add_to_wishlist,162,2025-12-22
L00969,C00234,add_to_wishlist,112,2026-07-24
L00017,C00202,add_to_wishlist,138,2025-11-11
L00696,C00333,enroll,179,2025-09-29
L00799,C00019,enroll,71,2025-10-22
L00723,C00224,complete,49,2025-12-03
L00147,C00111,add_to_wishlist,107,2026-05-29
L00634,C00415,skip,51,2026-08-17
L00506,C00403,add_to_wishlist,124,2026-05-18
L00731,C00119,complete,239,2026-04-11
L00811,C00437,enroll,151,2026-02-15
L00255,C00275,complete,150,2025-12-20
L00514,C00181,skip,90,2026-07-24
L00533,C00309,add_to_wishlist,62,2026-08-23
L00490,C00116,complete,18,2026-07-20
L00454,C00268,like,25,2025-12-17
L00600,C00110,like,153,2026-05-09
L00002,C00243,like,198,2026-09-04
L00110,C00432,complete,45,2026-09-02
L00863,C00427,skip,85,2025-09-30
L00256,C00129,like,11,2025-09-27
L00121,C00284,add_to_wishlist,29,2025-10-28
L00868,C00269,complete,68,2026-02-18
L00914,C00359,like,179,2026-08-08
L00175,C00228,add_to_wishlist,16,2026-05-11
L00539,C00089,like,191,2026-04-29
L00257,C00324,enroll,211,2026-05-02
L00198,C00016,add_to_wishlist,165,2026-03-29
L00897,C00345,skip,91,2026-04-16
L00847,C00488,add_to_wishlist,45,2026-03-19
L00728,C00333,skip,193,2026-02-10
L00803,C00219,add_to_wishlist,43,2026-05-09
L00162,C00037,add_to_wishlist,77,2025-09-23
L00578,C00049,add_to_wishlist,1,2026-01-16
L00864,C00303,enroll,200,2026-03-27
L00800,C00385,skip,95,2025-11-23
L00831,C00212,add_to_wishlist,206,2026-04-27
L00791,C00081,complete,19,2026-04-01
L00164,C00198,add_to_wishlist,46,2026-06-27
L00368,C00349,like,5,2026-05-31
L00900,C00392,skip,37,2026-04-05
L00179,C00260,add_to_wishlist,220,2026-01-28
L00711,C00304,complete,180,2026-07-14
L00075,C00228,enroll,108,2026-07-06
L00211,C00107,add_to_wishlist,171,2026-01-12
L00363,C00352,like,237,2026-06-01
L00188,C00163,enroll,47,2026-04-07
L00867,C00182,enroll,142,2026-04-23
L00469,C00214,add_to_wishlist,126,2025-11-02
L00916,C00226,complete,4,2026-03-25
L00341,C00161,add_to_wishlist,191,2026-05-15
L00691,C00170,add_to_wishlist,59,2026-03-26
L00582,C00209,complete,204,2025-10-29
L00399,C00203,complete,198,2026-06-13
L00918,C00002,add_to_wishlist,37,2025-11-08
L00194,C00325,add_to_wishlist,181,2026-03-14
L00677,C00239,skip,157,2026-05-06
L00866,C00075,like,15,2026-02-03
L00558,C00348,enroll,112,2026-03-02
L00692,C00049,add_to_wishlist,45,2025-09-13
L00713,C00026,complete,88,2025-11-09
L00384,C00155,skip,158,2025-11-08
L00878,C00084,complete,160,2026-08-14
L00445,C00111,enroll,144,2026-03-24
L00850,C00008,add_to_wishlist,228,2026-07-28
L00928,C00049,add_to_wishlist,33,2025-12-20
L00464,C00213,enroll,165,2025-11-05
L00364,C00331,add_to_wishlist,89,2026-08-16
L00763,C00156,like,89,2025-11-02
L00714,C00061,add_to_wishlist,118,2026-07-29
L00870,C00077,complete,207,2025-11-22
L00182,C00234,enroll,235,2026-02-10
L00397,C00415,skip,97,2025-09-04
L00956,C00475,enroll,173,2025-12-19
L00087,C00401,like,226,2025-11-24
L00040,C00010,skip,238,2026-02-21
L00792,C00182,skip,141,2025-11-02
L00677,C00024,enroll,73,2025-10-15
L00830,C00280,complete,71,2026-05-17
L00127,C00415,skip,104,2025-11-12
L00156,C00257,add_to_wishlist,21,2025-10-05
L00110,C00093,enroll,104,2026-03-10
L00854,C00489,complete,77,2025-12-17
L00861,C00080,enroll,115,2026-06-16
L00966,C00139,enroll,178,2026-08-03
L00164,C00265,enroll,129,2026-05-13
L00963,C00244,enroll,40,2026-07-13
L00731,C00110,complete,125,2026-07-02
L00545,C00390,like,126,2025-12-27
L00955,C00466,skip,97,2026-05-01
L00407,C00340,enroll,236,2026-04-04
L00668,C00410,like,134,2025-12-20
L00580,C00234,complete,215,2026-04-13
L00794,C00103,add_to_wishlist,190,2026-06-20
L00022,C00187,complete,62,2026-02-07
L00804,C00176,add_to_wishlist,144,2026-08-15
L00159,C00097,enroll,51,2026-08-13
L00842,C00167,skip,229,2025-11-17
L00879,C00162,add_to_wishlist,144,2025-10-26
L00537,C00307,like,171,2026-07-09
L00673,C00416,enroll,26,2025-10-26
L00886,C00251,enroll,151,2026-04-27
L00145,C00466,skip,180,2026-08-08
L00898,C00045,add_to_wishlist,108,2026-01-29
L00439,C00376,enroll,237,2026-07-06
L00975,C00301,enroll,16,2026-02-23
L00087,C00488,enroll,232,2026-04-17
L00378,C00468,skip,163,2026-08-09
L00068,C00330,complete,87,2026-07-25
L00278,C00205,skip,54,2026-02-08
L00466,C00155,skip,86,2026-03-31
L00626,C00023,add_to_wishlist,81,2026-06-08
L00638,C00480,complete,77,2025-09-13
L00476,C00077,skip,141,2026-01-05
L00736,C00266,enroll,61,2026-07-12
L00185,C00146,skip,18,2026-06-07
L00782,C00177,enroll,6,2025-09-11
L00725,C00244,enroll,84,2025-11-10
L00567,C00391,enroll,164,2025-12-25
L00077,C00463,complete,187,2026-06-10
L00147,C00242,add_to_wishlist,98,2025-11-29
L00912,C00198,complete,189,2026-05-02
L00912,C00492,skip,147,2026-03-28
L00051,C00152,enroll,83,2026-02-04
L00517,C00479,add_to_wishlist,44,2026-08-27
L00812,C00276,like,231,2025-11-05
L00145,C00005,complete,230,2026-08-09
L00349,C00055,enroll,71,2026-05-12
L00206,C00186,enroll,185,2026-04-09
L00189,C00350,like,143,2025-12-04
L00814,C00183,add_to_wishlist,75,2026-07-11
L00719,C00420,add_to_wishlist,53,2026-07-20
L00533,C00220,skip,86,2026-03-28
L00301,C00057,like,94,2025-09-20
L00933,C00478,complete,60,2026-06-06
L00038,C00165,like,162,2025-12-22
L00497,C00236,enroll,162,2026-04-07
L00789,C00206,add_to_wishlist,52,2025-10-15
L00226,C00122,skip,84,2026-03-30
L00524,C00075,skip,100,2025-09-10
L00379,C00255,like,220,2026-07-25
L00742,C00421,complete,32,2026-05-31
L00042,C00168,skip,9,2026-07-10
L00391,C00496,skip,82,2026-03-22
L00146,C00332,skip,149,2026-06-19
L00022,C00264,skip,44,2026-05-18
L00047,C00189,enroll,32,2026-03-05
L00230,C00078,enroll,187,2025-12-01
L00090,C00124,complete,218,2026-01-07
L00681,C00046,enroll,140,2025-09-25
L00537,C00137,skip,5,2026-05-01
L00940,C00050,complete,202,2025-09-21
L00632,C00101,skip,172,2025-09-21
L00871,C00049,add_to_wishlist,79,2026-01-22
L00320,C00031,add_to_wishlist,112,2026-06-12
L00531,C00444,skip,40,2026-01-16
L00988,C00481,add_to_wishlist,20,2026-05-28
L00422,C00014,enroll,29,2025-10-14
L00527,C00106,enroll,110,2026-03-29
L00483,C00194,enroll,166,2026-03-06
L00807,C00375,like,171,2025-09-27
L00697,C00301,enroll,44,2025-11-15
L00488,C00443,skip,164,2026-02-11
L00356,C00437,like,19,2025-12-16
L00677,C00237,like,101,2025-09-09
L00976,C00083,skip,77,2026-08-31
L00688,C00033,enroll,50,2025-10-21
L00676,C00297,add_to_wishlist,138,2025-09-16
L00695,C00103,like,191,2025-09-22
L00568,C00442,add_to_wishlist,114,2026-06-24
L00701,C00488,skip,133,2026-09-03
L00622,C00498,skip,206,2026-01-02
L00302,C00092,enroll,30,2025-12-29
L00382,C00180,add_to_wishlist,198,2026-08-15
L00199,C00153,add_to_wishlist,79,2025-11-05
L00582,C00163,complete,23,2026-03-20
L00088,C00038,complete,227,2026-03-23
L00482,C00466,skip,50,2025-11-07
L00431,C00260,add_to_wishlist,101,2025-09-13
L00160,C00126,skip,62,2026-06-27
L00937,C00219,like,90,2026-07-14
L00509,C00446,complete,23,2026-02-23
L00744,C00324,like,3,2026-03-17
L00210,C00401,add_to_wishlist,167,2026-07-30
L00555,C00273,enroll,47,2025-11-13
L00245,C00312,skip,155,2026-01-11
L00389,C00165,enroll,61,2026-07-25
L00799,C00236,like,185,2025-10-16
L00076,C00231,like,42,2025-11-17
L00181,C00326,like,43,2025-09-11
L00719,C00008,complete,149,2026-05-28
L00717,C00475,skip,235,2025-09-25
L00838,C00482,enroll,104,2025-10-26
L00974,C00359,skip,7,2026-05-29
L00173,C00125,enroll,211,2026-07-22
L00177,C00220,add_to_wishlist,55,2025-10-09
L00311,C00479,like,51,2025-11-17
L00131,C00198,enroll,21,2026-05-18
L00668,C00323,enroll,231,2026-03-13
L00747,C00141,complete,126,2026-04-18
L00325,C00188,like,11,2026-06-10
L00767,C00068,complete,185,2026-05-29
L00675,C00125,add_to_wishlist,64,2026-01-04
L00384,C00148,add_to_wishlist,110,2026-02-03
L00061,C00390,skip,130,2026-04-02
L00220,C00263,complete,130,2026-03-30
L00932,C00161,add_to_wishlist,54,2026-05-29
L00996,C00383,add_to_wishlist,67,2026-08-30
L00894,C00431,like,51,2026-06-24
L00579,C00304,add_to_wishlist,66,2025-09-21
L00052,C00151,complete,60,2026-08-30
L00371,C00354,add_to_wishlist,192,2026-04-11
L00850,C00365,complete,235,2026-06-11
L00123,C00275,enroll,114,2026-01-29
L00158,C00476,enroll,153,2026-01-29
L00869,C00176,add_to_wishlist,201,2026-06-05
L00664,C00366,complete,129,2025-12-18
L00715,C00483,like,10,2026-06-14
L00261,C00211,complete,204,2025-09-05
L00216,C00411,like,9,2026-01-17
L00382,C00287,add_to_wishlist,86,2025-11-16
L00084,C00405,add_to_wishlist,20,2026-08-19
L00523,C00366,skip,181,2025-10-30
L00464,C00015,enroll,230,2026-04-18
L00195,C00183,enroll,31,2026-01-07
L00908,C00034,enroll,85,2026-05-18
L00419,C00472,like,79,2026-08-27
L00951,C00229,add_to_wishlist,225,2026-05-05
L00821,C00094,add_to_wishlist,223,2026-08-22
L00563,C00347,add_to_wishlist,100,2025-12-14
L00801,C00422,enroll,18,2025-10-22
L00434,C00254,like,223,2026-07-05
L00111,C00183,like,218,2026-07-30
L00788,C00097,add_to_wishlist,133,2025-11-12
L00048,C00387,skip,169,2026-04-20
L00330,C00063,like,33,2025-09-15
L00570,C00424,enroll,182,2025-12-27
L00966,C00428,like,240,2026-08-19
L00098,C00235,enroll,236,2025-10-10
L00810,C00045,enroll,55,2025-09-07
L00115,C00400,add_to_wishlist,226,2026-05-01
L00428,C00114,enroll,76,2026-08-20
L00684,C00115,add_to_wishlist,109,2025-12-28
L00239,C00448,skip,26,2025-10-16
L00344,C00453,add_to_wishlist,118,2026-08-17
L00894,C00138,complete,165,2025-12-03
L00445,C00145,add_to_wishlist,18,2026-08-13
L00534,C00058,like,100,2026-06-18
L00588,C00437,skip,77,2026-05-08
L00154,C00341,like,98,2026-08-25
L00431,C00248,like,40,2026-08-15
L00713,C00081,enroll,206,2026-08-20
L00653,C00376,enroll,18,2025-12-28
L00235,C00486,enroll,232,2026-07-08
L00261,C00024,add_to_wishlist,74,2025-10-12
L00492,C00059,complete,93,2026-08-23
L00028,C00419,skip,24,2026-04-19
L00649,C00119,like,116,2025-10-29
L00099,C00016,like,121,2025-11-18
L00548,C00393,skip,220,2026-08-09
L00544,C00210,enroll,81,2026-08-26
L00966,C00288,enroll,149,2026-04-13
L00355,C00170,complete,138,2026-02-18
L00962,C00446,enroll,68,2026-09-04
L00518,C00230,like,216,2026-04-23
L00502,C00428,complete,112,2026-06-05
L00420,C00280,like,75,2026-06-06
L00714,C00209,like,111,2026-01-03
L00727,C00023,like,177,2026-02-08
L00963,C00394,like,65,2026-04-07
L00856,C00379,complete,223,2026-03-04
L00127,C00020,complete,237,2026-03-14
L00194,C00356,enroll,186,2025-10-17
L00775,C00437,add_to_wishlist,222,2025-12-18
L00443,C00185,add_to_wishlist,196,2025-10-15
L00861,C00160,add_to_wishlist,9,2025-12-02
L00713,C00094,like,188,2026-07-20
L00071,C00198,enroll,62,2026-06-01
L00042,C00106,enroll,105,2025-12-17
L00802,C00221,enroll,40,2025-11-05
L00349,C00388,skip,113,2026-02-22
L00517,C00039,complete,118,2026-01-21
L00822,C00089,like,81,2026-08-21
L00489,C00284,complete,221,2026-02-07
L00457,C00410,add_to_wishlist,28,2026-03-18
L00310,C00471,like,50,2026-04-11
L00955,C00399,add_to_wishlist,106,2026-03-15
L00554,C00023,complete,148,2025-12-15
L00295,C00098,add_to_wishlist,149,2026-08-23
L00806,C00307,complete,81,2026-03-02
L00561,C00455,add_to_wishlist,89,2025-09-14
L00358,C00117,skip,50,2025-10-27
L00715,C00322,enroll,92,2026-05-28
L00403,C00391,skip,31,2026-04-19
L00015,C00234,skip,137,2026-03-19
L00635,C00201,complete,186,2026-07-08
L00402,C00008,skip,171,2026-09-04
L00618,C00414,complete,29,2026-02-19
L00034,C00455,like,45,2026-05-10
L00387,C00178,complete,19,2026-03-26
L00397,C00341,add_to_wishlist,145,2026-02-12
L00775,C00383,complete,26,2026-03-12
L00549,C00284,enroll,52,2026-01-23
L00579,C00225,add_to_wishlist,47,2026-06-22
L00422,C00040,add_to_wishlist,46,2026-01-30
L00390,C00025,add_to_wishlist,32,2026-05-02
L00653,C00049,complete,87,2025-10-02
L00336,C00192,like,5,2026-02-14
L00642,C00464,skip,101,2026-02-25
L00802,C00067,like,148,2026-06-26
L00087,C00268,complete,117,2026-08-24
L00672,C00039,skip,122,2026-01-14
L00136,C00146,add_to_wishlist,64,2025-11-02
L00520,C00484,enroll,238,2026-01-26
L00450,C00317,add_to_wishlist,229,2026-02-04
L00511,C00308,enroll,21,2026-07-05
L00864,C00195,enroll,190,2026-08-27
L00863,C00220,add_to_wishlist,181,2026-07-26
L00885,C00467,skip,124,2026-05-29
L00280,C00035,add_to_wishlist,82,2025-10-28
L00219,C00351,like,192,2026-03-20
L00533,C00138,complete,238,2026-03-24
L00621,C00310,add_to_wishlist,70,2025-11-25
L00178,C00496,like,66,2026-05-25
L00921,C00013,add_to_wishlist,174,2026-06-09
L00957,C00341,enroll,98,2026-03-15
L00982,C00320,like,49,2026-06-08
L00140,C00246,skip,201,2025-10-07
L00101,C00302,skip,208,2025-11-12
L00680,C00018,like,120,2026-08-03
L00509,C00479,enroll,175,2026-05-20
L00745,C00316,complete,172,2026-06-22
L00512,C00476,enroll,119,2025-12-24
L00551,C00218,complete,46,2026-05-25
L00692,C00298,skip,127,2026-01-18
L00847,C00288,skip,46,2025-09-18
L00952,C00301,add_to_wishlist,18,2026-01-09
L00693,C00231,complete,132,2026-03-21
L00878,C00047,add_to_wishlist,60,2026-01-01
L00720,C00429,add_to_wishlist,179,2026-06-30
L00174,C00391,complete,197,2026-04-07
L00169,C00022,like,232,2026-01-27
L00855,C00277,add_to_wishlist,67,2026-02-27
L00052,C00117,add_to_wishlist,227,2025-12-20
L00701,C00289,complete,171,2026-07-18
L00863,C00459,like,116,2025-12-11
L00433,C00449,like,153,2026-07-28
L00290,C00479,add_to_wishlist,92,2026-06-27
L00782,C00052,complete,140,2025-09-18
L00240,C00455,enroll,35,2026-08-23
L00553,C00349,add_to_wishlist,77,2026-08-31
L00670,C00323,enroll,173,2026-01-07
L00694,C00322,add_to_wishlist,227,2026-02-10
L00271,C00131,complete,89,2026-05-17
L00731,C00241,add_to_wishlist,147,2025-12-10
L00949,C00359,complete,66,2026-07-04
L00428,C00326,skip,203,2026-05-08
L00439,C00137,like,97,2026-08-22
L00859,C00267,enroll,143,2026-07-24
L00744,C00346,add_to_wishlist,159,2025-12-25
L00896,C00231,skip,207,2026-01-27
L00720,C00500,like,11,2026-04-29
L00907,C00160,add_to_wishlist,129,2026-09-04
L00439,C00031,complete,214,2026-04-05
L00804,C00176,enroll,93,2026-01-15
L00293,C00438,add_to_wishlist,140,2025-10-02
L00901,C00409,enroll,132,2025-12-25
L00801,C00325,like,39,2025-10-11
L00239,C00239,add_to_wishlist,23,2026-03-13
L00327,C00373,skip,193,2026-05-03
L00589,C00303,enroll,69,2025-12-14
L00644,C00420,like,201,2025-09-14
L00879,C00417,complete,234,2025-10-19
L00840,C00071,complete,24,2026-04-15
L00774,C00121,skip,216,2026-05-12
L00481,C00234,complete,119,2026-06-06
L00242,C00335,enroll,194,2025-09-28
L00047,C00018,enroll,42,2026-06-02
L00133,C00058,add_to_wishlist,108,2026-02-21
L00410,C00411,enroll,209,2026-03-10
L00589,C00271,complete,107,2026-02-08
L00864,C00050,complete,65,2026-08-14
L00383,C00359,skip,148,2026-08-18
L00879,C00221,enroll,59,2026-05-19
L00934,C00314,like,30,2025-10-06
L00263,C00396,enroll,167,2026-01-05
L00437,C00135,like,0,2025-11-07
L00416,C00089,like,142,2025-12-25
L00116,C00256,skip,150,2026-08-29
L00875,C00446,complete,38,2026-07-05
L00504,C00107,like,52,2026-06-29
L00363,C00254,add_to_wishlist,23,2025-09-06
L00872,C00467,skip,160,2026-08-31
L00623,C00427,like,217,2026-06-05
L00352,C00233,like,94,2026-06-11
L00868,C00066,add_to_wishlist,237,2026-07-04
L00373,C00313,skip,61,2025-10-10
L00099,C00371,complete,108,2026-04-11
L00959,C00343,skip,134,2026-06-15
L00688,C00037,add_to_wishlist,166,2026-01-30
L00277,C00209,complete,175,2025-09-25
L00583,C00306,skip,219,2026-06-29
L00767,C00107,add_to_wishlist,90,2026-08-27
L00070,C00496,complete,146,2026-07-25
L00556,C00157,like,97,2026-02-07
L00492,C00492,skip,152,2025-09-30
L00139,C00447,like,187,2026-01-13
L00097,C00120,complete,76,2026-03-15
L00765,C00278,like,60,2025-12-13
L00603,C00159,like,12,2025-11-15
L00328,C00157,add_to_wishlist,100,2026-03-03
L00259,C00133,enroll,132,2026-01-20
L00811,C00048,add_to_wishlist,211,2026-03-30
L00983,C00134,add_to_wishlist,216,2026-06-02
L00731,C00383,add_to_wishlist,196,2026-04-29
L00665,C00224,complete,94,2026-01-05
L00413,C00001,complete,187,2026-02-11
L00323,C00371,enroll,2,2026-01-01
L00963,C00242,add_to_wishlist,197,2026-06-14
L00951,C00495,skip,213,2026-02-11
L00383,C00413,enroll,204,2026-04-03
L00402,C00044,skip,108,2026-02-27
L00570,C00358,enroll,144,2026-07-31
L00061,C00077,skip,156,2026-08-03
L00262,C00095,skip,199,2025-11-26
L00898,C00156,complete,58,2025-12-28
L00254,C00009,skip,90,2026-03-11
L00112,C00026,add_to_wishlist,218,2025-12-15
L00088,C00098,complete,220,2026-01-23
L00076,C00097,enroll,50,2026-03-20
L00396,C00207,skip,72,2026-04-23
L00550,C00365,like,119,2026-08-09
L00181,C00279,add_to_wishlist,200,2025-10-01
L00929,C00117,enroll,153,2025-11-18
L00040,C00187,skip,154,2025-09-05
L00212,C00195,skip,18,2026-04-20
L00109,C00373,enroll,143,2026-05-12
L00244,C00299,add_to_wishlist,69,2025-10-28
L00911,C00385,like,179,2026-04-27
L00597,C00328,add_to_wishlist,167,2026-07-17
L00866,C00233,enroll,69,2025-09-11
L00821,C00155,complete,192,2026-09-01
L00282,C00210,like,161,2025-09-23
L00210,C00073,complete,17,2026-05-30
L00571,C00227,add_to_wishlist,153,2025-11-10
L00913,C00387,skip,230,2026-07-12
L00740,C00242,enroll,201,2026-09-04
L00614,C00027,complete,106,2026-05-16
L00452,C00370,skip,198,2025-12-17
L00769,C00477,complete,116,2025-12-25
L00752,C00168,skip,233,2026-02-02
L00711,C00175,skip,96,2026-06-05
L00343,C00086,skip,110,2025-11-28
L00394,C00476,enroll,82,2026-01-24
L00914,C00348,complete,7,2026-04-13
L00512,C00151,like,93,2026-09-03
L00013,C00021,add_to_wishlist,112,2025-10-31
L00162,C00345,like,11,2025-10-08
L00290,C00071,skip,103,2025-10-04
L00155,C00446,enroll,201,2026-08-30
L00506,C00061,enroll,130,2026-07-22
L00378,C00262,like,142,2026-01-16
L00750,C00344,like,204,2026-08-01
L00185,C00015,enroll,237,2026-07-08
L00500,C00209,skip,174,2026-06-14
L00237,C00432,complete,4,2026-05-29
L00116,C00018,add_to_wishlist,168,2026-01-09
L00674,C00493,complete,39,2026-05-05
L00547,C00299,add_to_wishlist,104,2026-02-04
L00290,C00092,add_to_wishlist,118,2026-04-05
L00898,C00301,complete,163,2026-02-28
L00036,C00183,skip,100,2026-08-20
L00806,C00191,add_to_wishlist,220,2026-06-11
L00441,C00104,enroll,65,2025-11-28
L00732,C00257,enroll,51,2026-03-08
L00757,C00056,like,134,2026-01-05
L00281,C00149,complete,160,2025-12-05
L00463,C00131,complete,112,2025-11-13
L00194,C00439,add_to_wishlist,163,2026-03-21
L00848,C00015,complete,118,2026-06-18
L00339,C00302,like,34,2025-12-26
L00628,C00275,add_to_wishlist,231,2025-10-31
L00855,C00230,skip,1,2026-06-26
L00112,C00274,complete,224,2026-02-05
L00935,C00345,enroll,145,2026-03-03
L00695,C00176,enroll,16,2026-07-19
L00566,C00221,skip,139,2025-11-10
L00204,C00458,complete,148,2025-10-04
L00504,C00314,like,33,2026-06-24
L00653,C00144,like,187,2026-07-02
L00671,C00062,complete,175,2025-09-20
L00021,C00165,add_to_wishlist,31,2026-03-10
L00004,C00196,enroll,213,2026-01-10
L00802,C00428,add_to_wishlist,233,2026-08-29
L00475,C00075,enroll,226,2026-04-05
L00847,C00033,like,175,2025-09-30
L00555,C00005,enroll,44,2026-05-25
L00572,C00050,complete,20,2025-11-17
L00119,C00147,complete,204,2026-04-11
L00483,C00408,like,0,2026-04-06
L00272,C00335,complete,22,2025-10-28
L00812,C00284,add_to_wishlist,210,2026-05-15
L00751,C00304,enroll,119,2025-10-30
L00656,C00494,skip,152,2026-07-28
L00307,C00439,complete,56,2026-03-08
L00827,C00226,enroll,46,2026-07-26
L00492,C00137,like,173,2025-10-05
L00451,C00373,complete,141,2025-10-27
L00016,C00129,enroll,205,2026-03-13
L00357,C00219,enroll,153,2025-12-06
L00146,C00455,skip,7,2026-07-30
L00620,C00476,complete,70,2026-08-26
L00368,C00168,like,139,2026-04-12
L00567,C00039,complete,227,2025-11-21
L00471,C00210,enroll,115,2026-02-04
L00466,C00305,skip,165,2026-07-04
L00491,C00003,complete,182,2026-02-26
L00425,C00078,skip,108,2026-04-23
L00718,C00061,like,109,2026-04-30
L00372,C00253,enroll,94,2026-02-10
L00283,C00101,add_to_wishlist,127,2025-11-17
L00541,C00425,skip,149,2026-02-19
L00339,C00024,skip,215,2026-04-21
L00566,C00411,enroll,23,2026-07-05
L00826,C00492,add_to_wishlist,106,2026-03-05
L00722,C00327,like,143,2026-08-06
L00468,C00003,like,155,2026-07-06
L00973,C00446,add_to_wishlist,103,2025-09-17
L00845,C00284,skip,119,2025-10-05
L00163,C00095,enroll,57,2026-01-28
L00125,C00146,like,153,2026-02-07
L00572,C00343,add_to_wishlist,188,2026-04-15
L00478,C00379,complete,175,2026-08-23
L00331,C00472,skip,136,2026-04-19
L00713,C00438,like,214,2026-01-04
L00123,C00074,add_to_wishlist,237,2026-06-07
L00513,C00274,add_to_wishlist,73,2026-02-13
L00470,C00253,add_to_wishlist,228,2025-11-03
L00772,C00336,enroll,135,2026-08-27
L00851,C00147,like,57,2026-03-26
L00600,C00005,skip,237,2025-09-05
L00184,C00133,enroll,208,2025-10-31
L00984,C00073,complete,197,2026-08-24
L00162,C00092,like,125,2026-08-19
L00492,C00022,like,32,2025-11-14
L00593,C00215,enroll,22,2026-07-27
L00003,C00072,add_to_wishlist,107,2026-04-24
L00846,C00396,enroll,143,2026-06-30
L00187,C00202,like,216,2026-04-27
L00571,C00189,like,78,2026-04-29
L00696,C00342,add_to_wishlist,86,2026-06-04
L00388,C00020,complete,146,2025-09-23
L00789,C00245,enroll,63,2026-09-04
L00409,C00024,add_to_wishlist,221,2026-03-28
L00679,C00098,like,57,2026-05-09
L00850,C00318,add_to_wishlist,163,2026-01-23
L00816,C00249,add_to_wishlist,176,2026-02-13
L00193,C00485,like,132,2025-11-10
L00321,C00219,complete,202,2026-03-27
L00055,C00429,skip,84,2026-06-27
L00829,C00348,add_to_wishlist,171,2026-02-15
L00689,C00047,complete,225,2025-10-29
L00017,C00335,skip,61,2026-02-10
L00740,C00072,skip,110,2026-05-25
L00844,C00463,add_to_wishlist,35,2026-04-15
L00445,C00400,skip,193,2025-12-09
L00266,C00494,enroll,27,2026-01-19
L00474,C00258,like,152,2026-06-18
L00625,C00099,enroll,213,2025-11-16
L00707,C00283,add_to_wishlist,131,2026-05-22
L00995,C00181,add_to_wishlist,129,2026-07-09
L00972,C00178,skip,23,2026-08-17
L00234,C00052,like,89,2026-08-11
L00974,C00180,complete,205,2026-03-19
L00335,C00231,skip,159,2025-12-29
L00838,C00010,like,120,2026-03-29
L00665,C00413,skip,207,2026-04-19
L00184,C00451,complete,91,2026-03-24
L00169,C00128,skip,200,2025-12-18
L00532,C00017,complete,177,2025-11-24
L00900,C00338,complete,218,2026-04-25
L00293,C00240,like,54,2026-01-12
L00674,C00287,skip,220,2026-01-31
L00510,C00013,enroll,186,2025-12-23
L00713,C00341,like,162,2025-11-16
L00442,C00457,enroll,216,2026-05-21
L00396,C00454,skip,177,2025-12-13
L00619,C00162,skip,146,2025-09-04
L00978,C00291,complete,198,2026-01-25
L00742,C00281,complete,25,2026-03-08
L00542,C00343,complete,156,2026-01-13
L00905,C00447,like,229,2025-11-04
L00114,C00037,complete,99,2026-02-02
L00713,C00381,add_to_wishlist,65,2026-05-02
L00218,C00265,like,42,2026-06-22
L00299,C00296,skip,65,2026-05-28
L00144,C00229,like,148,2025-10-10
L00321,C00345,enroll,44,2026-06-07
L00690,C00206,like,42,2025-09-15
L00845,C00363,complete,130,2026-02-02
L00090,C00484,skip,127,2025-11-01
L00597,C00038,skip,31,2026-05-21
L00483,C00444,complete,121,2026-03-20
L00962,C00450,complete,67,2026-04-24
L00918,C00442,like,131,2026-03-03
L00655,C00156,skip,206,2025-10-15
L00495,C00254,skip,206,2026-01-01
L00438,C00188,skip,41,2026-05-17
L00411,C00447,add_to_wishlist,153,2026-04-19
L00895,C00191,like,240,2025-09-26
L00996,C00020,enroll,222,2026-01-15
L00492,C00281,add_to_wishlist,175,2026-03-04
L00756,C00248,like,193,2026-05-10
L00855,C00052,complete,114,2026-01-17
L00916,C00384,complete,166,2025-12-08
L00916,C00187,enroll,189,2026-05-16
L00397,C00258,enroll,236,2026-08-19
L00839,C00089,like,229,2025-10-13
L00603,C00085,like,116,2026-05-11
L00063,C00361,skip,232,2026-06-14
L00391,C00011,enroll,53,2025-09-05
L00958,C00124,skip,12,2026-06-18
L00663,C00437,enroll,134,2026-02-14
L00130,C00284,complete,109,2026-02-10
L00798,C00177,add_to_wishlist,228,2025-11-12
L00769,C00469,enroll,14,2026-01-31
L00473,C00458,like,101,2026-08-22
L00647,C00234,enroll,105,2025-10-12
L00909,C00065,like,168,2025-10-01
L00907,C00485,complete,86,2025-10-13
L00027,C00477,enroll,210,2026-03-05
L00038,C00035,like,205,2025-12-03
L00273,C00375,complete,118,2026-04-02
L00814,C00450,add_to_wishlist,105,2025-12-17
L00885,C00323,skip,209,2026-06-01
L00867,C00088,like,75,2026-05-27
L00138,C00314,complete,155,2026-06-14
L00397,C00085,enroll,92,2026-08-09
L00205,C00194,skip,141,2026-08-13
L00042,C00312,skip,224,2026-03-06
L00420,C00167,enroll,226,2026-05-10
L00018,C00421,like,71,2026-08-02
L00869,C00003,complete,179,2026-03-10
L00076,C00423,enroll,129,2025-11-13
L00641,C00300,skip,36,2026-02-24
L00916,C00176,enroll,220,2026-02-24
L00403,C00188,enroll,34,2026-05-30
L00382,C00256,like,177,2026-07-21
L00120,C00279,add_to_wishlist,23,2026-07-11
L00053,C00119,enroll,188,2026-08-24
L00021,C00311,enroll,81,2026-08-22
L00253,C00232,add_to_wishlist,42,2026-06-05
L00129,C00398,complete,117,2026-02-07
L00028,C00398,enroll,179,2025-11-04
L00661,C00305,like,154,2026-03-16
L00093,C00374,like,232,2026-03-29
L00595,C00296,skip,158,2025-09-18
L00215,C00176,like,0,2025-11-30
L00235,C00141,add_to_wishlist,121,2026-01-26
L00238,C00013,like,44,2026-07-17
L00700,C00168,complete,171,2025-11-23
L00475,C00347,complete,156,2025-09-09
L00569,C00119,skip,183,2026-01-26
L00682,C00421,complete,143,2026-01-25
L00610,C00020,enroll,142,2026-08-18
L00370,C00004,like,185,2026-08-14
L00894,C00498,add_to_wishlist,71,2026-07-14
L00194,C00409,skip,29,2025-11-16
L00072,C00260,add_to_wishlist,124,2026-03-18
L00621,C00188,skip,65,2026-03-20
L00884,C00380,skip,184,2026-06-23
L00465,C00452,enroll,16,2026-08-05
L00217,C00477,add_to_wishlist,185,2025-12-24
L00015,C00019,skip,101,2026-02-09
L00518,C00069,skip,12,2026-03-08
L00835,C00254,add_to_wishlist,175,2025-09-21
L00957,C00477,complete,217,2026-07-02
L00077,C00380,complete,186,2026-08-11
L00175,C00192,enroll,109,2026-08-10
L00418,C00098,add_to_wishlist,149,2026-03-04
L00895,C00439,skip,67,2026-03-17
L00440,C00276,skip,51,2026-05-07
L00445,C00430,complete,226,2025-10-06
L00028,C00002,skip,234,2026-04-03
L00079,C00132,like,24,2025-12-19
L00495,C00456,like,79,2026-07-19
L00241,C00023,enroll,103,2025-10-27
L00118,C00127,add_to_wishlist,25,2025-09-23
L00796,C00065,enroll,219,2025-12-21
L00454,C00493,enroll,119,2026-07-25
L00098,C00287,skip,78,2026-01-11
L00264,C00299,enroll,147,2026-03-17
L00407,C00344,enroll,3,2026-07-11
L00383,C00031,like,151,2026-07-06
L00654,C00225,enroll,52,2025-10-13
L00105,C00192,complete,22,2026-01-06
L00004,C00312,add_to_wishlist,173,2025-12-26
L00971,C00465,enroll,190,2026-07-22
L00676,C00395,complete,145,2026-08-03
L00073,C00488,skip,117,2025-09-07
L00849,C00073,enroll,153,2026-02-14
L00173,C00450,like,92,2026-03-01
L00403,C00099,enroll,25,2026-07-27
L00818,C00163,enroll,171,2026-03-22
L00773,C00185,enroll,37,2025-12-16
L00492,C00380,complete,172,2026-08-14
L00303,C00423,skip,233,2025-09-13
L00302,C00275,like,193,2025-12-29
L00959,C00286,skip,70,2026-02-05
L00040,C00253,enroll,162,2025-09-10
L00772,C00290,enroll,181,2026-08-25
L00796,C00418,add_to_wishlist,171,2026-08-27
L00716,C00171,like,189,2026-05-11
L00696,C00171,skip,93,2026-02-27
L00291,C00075,enroll,24,2026-06-17
L00367,C00402,like,53,2026-04-13
L00569,C00246,add_to_wishlist,217,2026-08-09
L00621,C00204,complete,199,2026-06-05
L00718,C00058,skip,6,2026-03-24
L00025,C00445,add_to_wishlist,111,2026-06-24
L00565,C00396,enroll,132,2026-04-04
L00852,C00362,like,96,2026-03-08
L00794,C00481,enroll,221,2026-06-10
L00241,C00177,complete,97,2025-11-16
L00204,C00195,skip,77,2026-06-14
L00998,C00157,like,224,2026-06-13
L00270,C00160,like,139,2026-08-05
L00743,C00014,skip,67,2025-10-06
L00473,C00471,enroll,125,2026-01-18
L00134,C00422,enroll,19,2026-06-20
L00971,C00271,complete,29,2026-01-18
L00479,C00431,skip,4,2026-06-29
L00803,C00024,add_to_wishlist,6,2026-03-24
L00894,C00131,skip,136,2026-01-31
L00379,C00046,like,5,2026-08-18
L00614,C00233,enroll,181,2026-01-22
L00601,C00417,add_to_wishlist,65,2026-03-01
L00410,C00416,complete,72,2025-09-29
L00788,C00461,like,184,2026-06-07
L00126,C00416,skip,193,2026-01-27
L00267,C00381,add_to_wishlist,32,2025-10-01
L00337,C00116,add_to_wishlist,221,2026-04-25
L00648,C00042,skip,48,2026-03-13
L00601,C00163,enroll,37,2026-06-28
L00445,C00072,add_to_wishlist,202,2026-07-06
L00112,C00128,add_to_wishlist,189,2026-01-14
L00782,C00046,enroll,40,2026-07-06
L00683,C00098,skip,96,2026-03-05
L00282,C00217,like,128,2026-05-27
L00977,C00181,enroll,219,2025-10-21
L00828,C00005,enroll,145,2026-06-08
L00539,C00079,add_to_wishlist,218,2026-08-31
L00865,C00248,add_to_wishlist,112,2026-03-10
L00895,C00483,enroll,182,2026-04-05
L00485,C00033,like,211,2026-04-02
L00643,C00325,like,144,2026-08-23
L00310,C00321,like,234,2026-04-18
L00155,C00349,complete,155,2025-10-10
L00743,C00302,skip,68,2026-08-16
L00425,C00419,enroll,86,2025-09-19
L00535,C00498,skip,171,2025-09-18
L00555,C00237,complete,9,2026-07-28
L00114,C00450,complete,154,2026-08-14
L00052,C00334,complete,121,2026-07-09
L00642,C00426,skip,163,2026-01-03
L00938,C00157,like,103,2025-12-02
L00806,C00047,add_to_wishlist,86,2026-06-18
L00926,C00111,complete,166,2026-06-21
L00542,C00426,enroll,0,2025-12-02
L00315,C00238,add_to_wishlist,9,2025-11-05
L00625,C00447,complete,140,2026-07-26
L00782,C00437,skip,179,2025-12-11
L00490,C00396,complete,161,2026-06-10
L00739,C00331,enroll,231,2026-08-06
L00988,C00039,complete,95,2025-10-21
L00561,C00179,enroll,230,2025-09-21
L00818,C00207,add_to_wishlist,173,2026-03-05
L00323,C00407,enroll,221,2026-07-01
L00863,C00485,enroll,73,2025-11-02
L00810,C00340,enroll,125,2026-01-18
L00522,C00084,like,63,2025-11-04
L00533,C00353,like,229,2026-05-25
L00700,C00177,add_to_wishlist,30,2026-06-21
L00636,C00336,skip,17,2026-02-10
L00241,C00198,complete,205,2025-09-15
L00597,C00035,complete,79,2026-05-25
L00049,C00156,add_to_wishlist,94,2025-10-19
L00084,C00134,skip,238,2025-11-09
L00883,C00046,add_to_wishlist,211,2026-02-03
L00746,C00397,add_to_wishlist,190,2026-04-03
L00156,C00119,skip,35,2026-01-15
L00495,C00323,skip,93,2026-05-06
L00332,C00372,add_to_wishlist,223,2026-05-22
L00762,C00417,like,65,2025-10-02
L00998,C00257,skip,90,2026-04-09
L00955,C00005,add_to_wishlist,33,2025-12-06
L00606,C00223,enroll,78,2026-06-13
L00567,C00063,skip,168,2025-09-22
L00461,C00208,enroll,12,2026-07-14
L00654,C00420,enroll,80,2026-05-15
L00648,C00097,skip,111,2025-09-13
L00251,C00007,enroll,186,2026-02-06
L00388,C00275,like,180,2026-06-26
L00089,C00344,add_to_wishlist,152,2025-11-11
L00026,C00477,like,127,2026-04-30
L00732,C00341,like,53,2026-05-10
L00518,C00211,enroll,230,2026-07-19
L00642,C00224,add_to_wishlist,136,2026-04-15
L00435,C00487,add_to_wishlist,173,2026-05-27
L00021,C00180,skip,115,2026-08-08
L00827,C00354,like,76,2026-03-24
L00143,C00420,skip,208,2026-07-08
L00470,C00152,complete,181,2026-01-14
L00661,C00188,complete,48,2025-09-18
L00859,C00284,enroll,179,2026-07-05
L00162,C00410,like,55,2026-07-01
L00181,C00143,enroll,215,2025-10-11
L00834,C00209,enroll,133,2026-05-02
L00956,C00171,complete,185,2026-08-18
L00607,C00480,skip,107,2026-03-18
L00770,C00454,enroll,230,2026-03-08
L00537,C00183,complete,215,2026-06-10
L00971,C00168,add_to_wishlist,139,2026-03-25
L00359,C00417,like,43,2026-06-04
L00087,C00226,skip,106,2026-05-28
L00869,C00032,add_to_wishlist,85,2025-12-31
L00318,C00183,complete,192,2026-03-11
L00921,C00021,skip,100,2026-07-08
L00549,C00044,enroll,44,2025-10-27
L00180,C00243,add_to_wishlist,120,2026-03-04
L00887,C00206,skip,156,2026-02-20
L00949,C00104,complete,121,2026-01-18
L00089,C00304,like,167,2026-01-04
L00804,C00024,skip,31,2025-12-12
L00118,C00138,add_to_wishlist,16,2026-03-20
L00389,C00259,like,36,2026-08-06
L00627,C00448,add_to_wishlist,199,2025-11-26
L00787,C00492,enroll,83,2025-10-31
L00701,C00354,add_to_wishlist,145,2026-01-19
L00630,C00291,add_to_wishlist,39,2026-03-19
L00222,C00231,complete,90,2026-01-22
L00202,C00069,skip,16,2026-02-22
L00113,C00304,like,137,2026-05-25
L00454,C00368,like,55,2026-06-08
L00901,C00465,enroll,45,2025-12-25
L00957,C00117,like,112,2026-04-27
L00672,C00262,like,228,2025-09-23
L00339,C00017,like,78,2026-07-09
L00549,C00082,like,184,2026-05-28
L00999,C00457,complete,44,2026-04-09
L00507,C00301,complete,5,2026-08-31
L00477,C00154,like,147,2025-12-25
L00506,C00077,like,236,2026-05-19
L00649,C00402,skip,143,2025-09-16
L00866,C00183,skip,171,2026-01-26
L00469,C00315,add_to_wishlist,98,2026-05-15
L00194,C00168,add_to_wishlist,112,2026-03-08
L00557,C00080,add_to_wishlist,170,2025-12-11
L00968,C00025,skip,102,2025-09-23
L00038,C00440,add_to_wishlist,176,2026-03-22
L00450,C00202,complete,208,2026-04-13
L00886,C00211,like,218,2026-06-11
L00049,C00390,like,70,2026-06-23
L00343,C00170,complete,29,2025-10-29
L00589,C00272,enroll,75,2025-11-11
L00114,C00193,enroll,167,2025-09-18
L00944,C00356,enroll,82,2026-04-17
L00045,C00184,add_to_wishlist,16,2026-05-26
L00924,C00072,enroll,100,2026-06-20
L00294,C00277,complete,45,2025-10-08
L00417,C00249,skip,110,2026-04-16
L00138,C00352,complete,197,2026-08-16
L00812,C00359,add_to_wishlist,201,2026-07-08
L00761,C00023,skip,64,2026-02-09
L00944,C00424,skip,113,2025-10-12
L00773,C00389,add_to_wishlist,60,2025-09-05
L00453,C00471,add_to_wishlist,145,2026-08-12
L00849,C00446,like,70,2026-01-04
L00448,C00278,like,187,2026-08-20
L00652,C00026,enroll,101,2026-06-18
L00199,C00339,skip,200,2025-09-28
L00911,C00186,like,21,2025-11-07
L00102,C00341,enroll,6,2025-09-30
L00365,C00265,like,107,2026-01-09
L00694,C00267,add_to_wishlist,27,2026-07-05
L00642,C00239,like,71,2026-01-05
L00254,C00322,add_to_wishlist,37,2026-07-29
L00665,C00495,like,164,2025-10-18
L00462,C00200,enroll,13,2025-12-04
L00169,C00494,skip,24,2025-12-01
L00062,C00095,like,233,2025-12-19
L00929,C00381,skip,205,2026-02-26
L00798,C00246,skip,146,2026-07-23
L00965,C00359,skip,233,2026-01-28
L00702,C00162,enroll,187,2025-12-09
L00353,C00385,enroll,131,2026-08-11
L00672,C00099,like,131,2026-03-11
L00872,C00069,complete,99,2025-12-27
L00442,C00106,enroll,10,2025-09-22
L00774,C00167,skip,12,2026-08-18
L00721,C00295,enroll,153,2026-02-09
L00519,C00015,complete,77,2026-04-28
L00477,C00183,enroll,196,2026-06-03
L00081,C00109,enroll,99,2026-05-21
L00131,C00225,like,198,2026-08-30
L00985,C00452,like,18,2026-09-04
L00168,C00362,add_to_wishlist,96,2025-09-30
L00333,C00223,enroll,129,2026-05-22
L00067,C00105,complete,179,2025-10-01
L00525,C00442,enroll,229,2025-12-12
L00099,C00286,skip,151,2025-11-30
L00594,C00395,add_to_wishlist,85,2025-11-26
L00347,C00092,like,64,2025-12-26
L00755,C00224,like,61,2026-06-21
L00071,C00012,complete,95,2026-03-22
L00025,C00308,complete,107,2025-11-12
L00961,C00189,complete,159,2025-11-15
L00065,C00155,enroll,118,2025-11-21
L00618,C00403,enroll,13,2026-02-08
L00734,C00122,complete,233,2026-06-12
L00472,C00480,add_to_wishlist,68,2025-10-22
L00168,C00118,add_to_wishlist,34,2025-12-11
L00189,C00238,skip,79,2026-08-27
L00483,C00276,skip,215,2025-11-18
L00473,C00100,like,151,2026-05-28
L00140,C00327,add_to_wishlist,190,2025-12-22
L00242,C00470,complete,115,2026-04-11
L00030,C00448,complete,112,2025-11-24
L00043,C00276,add_to_wishlist,110,2025-11-13
L00950,C00249,complete,202,2026-08-29
L00017,C00386,skip,16,2026-01-23
L00860,C00413,skip,196,2026-05-18
L00123,C00243,add_to_wishlist,37,2025-12-07
L00604,C00308,complete,194,2025-09-27
L00790,C00006,skip,3,2025-10-22
L00555,C00388,like,181,2026-07-11
L00472,C00374,add_to_wishlist,178,2026-02-12
L00094,C00108,like,174,2026-06-14
L00222,C00332,complete,78,2026-02-16
L00020,C00346,like,100,2026-04-18
L00622,C00221,skip,72,2025-09-10
L00301,C00474,enroll,128,2026-01-17
L00306,C00153,skip,205,2025-12-13
L00991,C00236,complete,158,2026-01-31
L00645,C00416,skip,143,2026-05-30
L00853,C00427,add_to_wishlist,161,2026-05-31
L00210,C00355,enroll,64,2026-08-10
L00669,C00028,like,10,2026-06-05
L00276,C00215,add_to_wishlist,92,2026-03-11
L00719,C00336,like,222,2026-03-31
L00345,C00220,add_to_wishlist,136,2026-03-11
L00044,C00143,like,65,2025-09-25
L00097,C00255,skip,26,2026-04-12
L00872,C00287,complete,82,2026-04-14
L00817,C00358,add_to_wishlist,65,2026-05-26
L00668,C00008,complete,83,2026-02-09
L00111,C00102,skip,222,2025-11-22
L00794,C00278,add_to_wishlist,102,2025-09-26
L00992,C00494,add_to_wishlist,145,2025-11-15
L00393,C00258,enroll,59,2026-03-19
L00075,C00270,enroll,201,2026-04-13
L00771,C00087,enroll,111,2026-05-13
L00464,C00107,like,40,2026-08-27
L00443,C00170,like,164,2025-09-27
L00653,C00372,skip,31,2026-01-14
L00768,C00043,skip,212,2025-09-24
L00687,C00409,like,144,2026-04-08
L00079,C00374,skip,87,2026-02-22
L00634,C00227,skip,41,2025-09-06
L00698,C00342,complete,177,2026-08-01
L00217,C00425,complete,4,2026-04-27
L00656,C00019,like,83,2025-09-13
L00160,C00216,like,182,2025-10-16
L00633,C00077,like,174,2026-07-22
L00843,C00017,like,38,2026-05-23
L00635,C00339,skip,37,2026-03-02
L00088,C00329,like,91,2026-04-01
L00384,C00320,add_to_wishlist,38,2026-05-22
L00216,C00316,add_to_wishlist,202,2025-11-03
L00861,C00475,skip,7,2025-10-04
L00131,C00450,enroll,96,2025-09-04
L00306,C00345,like,236,2025-10-27
L00618,C00025,skip,63,2025-11-14
L00835,C00478,enroll,228,2026-03-01
L00716,C00018,add_to_wishlist,44,2025-11-16
L00659,C00100,enroll,1,2025-11-25
L00313,C00062,enroll,136,2026-07-20
L00540,C00362,enroll,107,2026-05-22
L00422,C00079,complete,206,2026-07-07
L00929,C00356,complete,146,2026-03-17
L00225,C00107,complete,99,2025-12-24
L00432,C00072,add_to_wishlist,9,2025-11-16
L00269,C00367,add_to_wishlist,164,2026-02-26
L00660,C00194,skip,175,2025-11-03
L00213,C00063,skip,180,2026-08-21
L00621,C00458,add_to_wishlist,126,2025-12-01
L00181,C00304,add_to_wishlist,185,2026-03-01
L00795,C00375,like,41,2026-01-23
L00388,C00294,add_to_wishlist,154,2026-07-15
L00585,C00331,add_to_wishlist,231,2025-12-11
L00443,C00153,add_to_wishlist,231,2026-06-05
L00025,C00318,complete,78,2025-12-29
L00423,C00028,add_to_wishlist,135,2026-02-19
L00045,C00376,enroll,176,2026-04-01
L00935,C00006,like,134,2025-12-27
L00992,C00121,enroll,231,2026-05-30
L00259,C00055,add_to_wishlist,218,2025-12-08
L00303,C00396,skip,182,2026-05-30
L00758,C00245,like,176,2025-10-19
L00947,C00459,like,226,2026-08-13
L00529,C00499,skip,20,2026-02-01
L00442,C00151,skip,197,2026-09-01
L00958,C00438,complete,77,2026-06-29
L00890,C00143,add_to_wishlist,118,2026-05-03
L00371,C00299,complete,211,2026-03-02
L00077,C00332,add_to_wishlist,157,2026-07-28
L00008,C00292,complete,199,2026-02-25
L00594,C00118,add_to_wishlist,210,2026-07-20
L00417,C00275,complete,131,2026-01-19
L00321,C00334,skip,60,2026-04-16
L00324,C00164,complete,147,2025-10-07
L00056,C00019,enroll,183,2026-04-26
L00242,C00388,skip,14,2025-10-07
L00893,C00060,skip,52,2026-03-12
L00793,C00479,enroll,52,2025-09-26
L00328,C00475,enroll,87,2026-04-12
L00556,C00346,complete,74,2026-04-29
L00768,C00231,skip,159,2025-11-24
L00140,C00017,enroll,163,2025-11-05
L00457,C00468,enroll,94,2026-07-24
L00131,C00332,complete,123,2025-10-10
L00358,C00360,add_to_wishlist,117,2025-12-05
L00699,C00404,complete,30,2025-11-15
L00212,C00226,skip,152,2026-07-21
L00354,C00383,add_to_wishlist,65,2026-08-07
L00586,C00310,add_to_wishlist,63,2026-07-08
L00863,C00206,add_to_wishlist,173,2026-04-20
L00264,C00013,like,122,2026-08-05
L00163,C00033,like,191,2025-09-23
L00107,C00212,like,55,2026-06-07
L00505,C00389,skip,219,2026-05-29
L00780,C00242,skip,45,2025-12-10
L00883,C00393,skip,151,2025-10-22
L00223,C00400,like,75,2025-10-24
L00485,C00307,add_to_wishlist,152,2026-03-20
L00282,C00045,enroll,106,2026-05-05
L00348,C00324,complete,141,2026-04-16
L00392,C00140,skip,50,2025-12-22
L00730,C00083,like,134,2026-05-23
L00891,C00409,enroll,58,2026-06-01
L00607,C00421,skip,90,2026-01-25
L00245,C00019,complete,73,2026-05-07
L00549,C00105,complete,141,2025-11-12
L00418,C00098,like,85,2026-05-27
L00369,C00496,skip,82,2025-09-30
L00367,C00333,skip,0,2025-12-16
L00044,C00322,skip,24,2025-11-12
L00993,C00490,enroll,240,2025-11-03
L00335,C00381,skip,36,2026-09-02
L00883,C00358,skip,40,2026-05-30
L00756,C00266,skip,144,2026-03-08
L00399,C00474,like,212,2025-10-20
L00629,C00149,add_to_wishlist,224,2026-04-27
L00241,C00461,complete,26,2026-04-19
L00931,C00298,skip,117,2025-12-25
L00109,C00359,complete,190,2026-06-08
L00186,C00362,enroll,44,2025-10-16
L00831,C00344,skip,70,2026-03-07
L00234,C00426,like,184,2025-12-23
L00195,C00437,like,126,2026-04-17
L00912,C00288,skip,105,2026-08-22
L00523,C00044,add_to_wishlist,59,2025-10-20
L00862,C00044,add_to_wishlist,137,2025-09-16
L00367,C00256,like,83,2026-05-31
L00472,C00456,skip,191,2026-05-01
L00316,C00154,like,191,2026-05-21
L00706,C00013,enroll,43,2025-11-20
L00782,C00211,complete,193,2026-04-10
L00973,C00243,enroll,184,2026-07-25
L00107,C00266,skip,220,2025-09-30
L00520,C00399,skip,36,2026-03-14
L00216,C00131,like,108,2025-11-02
L00938,C00072,add_to_wishlist,45,2026-03-07
L00061,C00321,enroll,82,2025-10-03
L00416,C00315,like,175,2025-09-04
L00813,C00201,enroll,164,2026-09-03
L00166,C00300,enroll,194,2026-04-03
L00988,C00145,complete,155,2025-12-08
L00035,C00239,like,35,2026-06-26
L00040,C00480,add_to_wishlist,72,2026-06-21
L00735,C00177,enroll,144,2026-08-03
L00535,C00302,add_to_wishlist,200,2026-03-13
L00054,C00285,add_to_wishlist,186,2025-10-30
L00510,C00246,skip,40,2026-07-15
L00331,C00253,enroll,119,2026-08-02
L00821,C00205,skip,46,2025-12-29
L00858,C00143,complete,116,2026-02-01
L00955,C00424,enroll,239,2025-12-03
L00856,C00203,add_to_wishlist,110,2026-08-08
L00346,C00370,skip,107,2025-12-18
L00970,C00320,skip,201,2026-08-08
L00348,C00285,skip,99,2026-04-26
L00538,C00469,skip,139,2026-05-09
L00160,C00183,add_to_wishlist,29,2026-06-25
L00152,C00499,enroll,164,2026-01-16
L00347,C00188,enroll,142,2026-06-16
L00014,C00123,skip,183,2026-01-22
L00484,C00078,enroll,1,2026-04-12
L00621,C00350,enroll,219,2026-06-22
L00854,C00117,like,18,2026-08-01
L00454,C00382,complete,55,2026-04-09
L00703,C00361,like,162,2026-04-07
L00495,C00088,add_to_wishlist,177,2026-03-13
L00008,C00348,complete,140,2025-09-22
L00152,C00091,complete,143,2025-11-29
L00102,C00159,add_to_wishlist,45,2026-04-06
L00043,C00221,skip,138,2026-06-05
L00694,C00186,skip,172,2026-05-29
L00069,C00488,skip,124,2026-04-20
L00775,C00214,enroll,191,2026-07-03
L00421,C00291,skip,51,2026-04-21
L00996,C00055,add_to_wishlist,192,2026-01-12
L00404,C00256,skip,215,2026-01-05
L00206,C00221,add_to_wishlist,103,2026-02-22
L00796,C00325,add_to_wishlist,216,2026-01-11
L00482,C00496,like,126,2025-10-31
L00823,C00129,like,111,2025-12-04
L00275,C00441,add_to_wishlist,34,2026-07-20
L00501,C00150,enroll,215,2026-06-22
L00083,C00288,enroll,207,2025-12-05
L00323,C00098,add_to_wishlist,91,2026-08-30
L00750,C00088,enroll,85,2026-07-22
L00211,C00480,enroll,74,2025-10-02
L00565,C00462,enroll,130,2026-01-02
L00230,C00376,add_to_wishlist,105,2025-12-08
L00344,C00332,enroll,141,2025-10-28
L00034,C00177,complete,235,2026-01-15
L00689,C00272,skip,235,2026-06-18
L00873,C00141,add_to_wishlist,234,2025-11-04
L00740,C00307,add_to_wishlist,140,2026-01-07
L00253,C00162,enroll,92,2025-11-24
L00414,C00361,like,177,2025-11-04
L00051,C00149,add_to_wishlist,178,2025-11-06
L00216,C00273,like,93,2026-02-24
L00614,C00301,add_to_wishlist,127,2025-11-13
L00068,C00354,enroll,59,2025-10-27
L00334,C00070,like,161,2026-02-16
L00071,C00388,add_to_wishlist,121,2026-02-07
L00142,C00193,like,25,2026-09-04
L00474,C00203,like,98,2026-01-30
L00474,C00198,complete,15,2025-11-27
L00208,C00051,add_to_wishlist,201,2025-10-26
L01000,C00459,enroll,237,2025-12-27
L00989,C00146,skip,210,2025-12-16
L00657,C00272,enroll,29,2025-09-30
L00075,C00256,skip,33,2026-02-17
L00732,C00381,add_to_wishlist,111,2025-09-22
L00937,C00454,add_to_wishlist,60,2026-02-25
L00608,C00299,like,55,2026-07-08
L00326,C00461,like,167,2026-03-22
L00554,C00443,add_to_wishlist,78,2026-07-22
L00983,C00099,like,111,2025-10-08
L00218,C00055,skip,131,2026-02-20
L00354,C00291,add_to_wishlist,0,2025-10-23
L00434,C00059,like,24,2025-12-11
L00791,C00361,like,118,2026-07-20
L00840,C00029,skip,208,2025-12-27
L00791,C00167,complete,230,2025-11-10
L00718,C00279,skip,9,2025-09-05
L00399,C00453,complete,167,2026-02-19
L00024,C00443,add_to_wishlist,26,2025-10-25
L00037,C00007,enroll,78,2026-03-16
L00341,C00194,enroll,230,2026-03-26
L00195,C00294,like,69,2026-03-01
L00845,C00347,add_to_wishlist,98,2026-08-12
L00617,C00102,add_to_wishlist,15,2025-10-16
L00138,C00430,add_to_wishlist,68,2025-10-09
L00525,C00158,complete,126,2026-06-18
L00355,C00350,complete,214,2026-07-06
L00717,C00001,skip,220,2025-11-17
L00747,C00336,complete,145,2025-09-10
L00729,C00242,enroll,166,2026-02-18
L00534,C00319,skip,1,2025-11-25
L00619,C00414,complete,4,2025-10-10
L00702,C00323,like,99,2026-09-04
L00246,C00141,add_to_wishlist,52,2026-01-06
L00678,C00337,like,83,2026-08-03
L00909,C00041,add_to_wishlist,223,2025-11-03
L00734,C00045,enroll,19,2026-05-23
L00057,C00013,skip,138,2026-06-26
L00400,C00138,like,9,2025-10-03
L00743,C00024,enroll,11,2025-11-02
L00307,C00392,skip,226,2026-06-02
L00489,C00043,complete,38,2026-03-14
L00344,C00116,like,214,2026-02-26
L00074,C00216,like,166,2026-05-25
L00925,C00034,add_to_wishlist,204,2026-04-01
L00834,C00268,add_to_wishlist,116,2026-07-15
L00671,C00323,complete,24,2025-09-20
L00811,C00075,skip,48,2025-09-19
L00844,C00385,like,229,2025-10-26
L00519,C00441,add_to_wishlist,12,2026-01-09
L00169,C00057,complete,163,2026-02-07
L00618,C00077,complete,3,2026-06-09
L00547,C00187,like,174,2026-04-18
L00530,C00186,add_to_wishlist,131,2026-08-21
L00619,C00212,like,97,2026-07-05
L00556,C00174,skip,5,2026-06-04
L00481,C00052,add_to_wishlist,61,2025-09-16
L00949,C00303,enroll,67,2026-07-04
L00572,C00212,like,234,2025-10-21
L00106,C00120,enroll,139,2026-02-12
L00526,C00206,like,184,2025-10-10
L00684,C00431,skip,138,2026-03-26
L00673,C00379,skip,157,2026-01-26
L00573,C00053,like,20,2026-08-03
L00089,C00010,add_to_wishlist,120,2026-07-12
L00307,C00440,complete,127,2025-09-14
L00401,C00368,add_to_wishlist,8,2026-07-10
L00629,C00311,enroll,8,2025-10-04
L00658,C00154,skip,64,2025-10-07
L00724,C00006,skip,19,2025-09-15
L00659,C00368,complete,5,2026-05-18
L00170,C00112,add_to_wishlist,162,2026-02-16
L00815,C00116,enroll,181,2025-11-03
L00882,C00130,add_to_wishlist,18,2025-11-20
L00659,C00138,like,195,2026-02-15
L00439,C00183,complete,163,2025-12-08
L00671,C00354,like,51,2026-01-15
L00539,C00300,enroll,70,2026-07-26
L00905,C00169,like,17,2026-02-05
L00176,C00291,enroll,228,2026-07-15
L00425,C00396,enroll,129,2026-05-15
L00551,C00182,like,46,2026-02-16
L00284,C00360,enroll,4,2026-04-06
L00942,C00185,enroll,92,2026-05-07
L00382,C00106,add_to_wishlist,4,2026-06-11
L00951,C00356,enroll,9,2026-03-01
L00638,C00314,add_to_wishlist,195,2026-07-06
L00752,C00377,enroll,229,2026-08-31
L00903,C00348,enroll,127,2026-08-24
L00997,C00055,enroll,105,2026-04-15
L00991,C00213,add_to_wishlist,77,2026-07-24
L00246,C00329,skip,147,2026-05-29
L00939,C00004,complete,64,2026-06-08
L00424,C00141,add_to_wishlist,240,2025-11-30
L00227,C00125,enroll,25,2026-05-04
L00066,C00297,enroll,177,2026-03-30
L00219,C00078,complete,54,2025-09-09
L00629,C00316,complete,235,2025-09-15
L00089,C00461,skip,22,2026-02-09
L00202,C00072,complete,92,2026-05-15
L00772,C00468,add_to_wishlist,138,2025-12-16
L00815,C00166,add_to_wishlist,28,2026-06-01
L00270,C00431,enroll,115,2026-04-24
L00703,C00393,enroll,78,2025-09-20
L00644,C00001,skip,56,2025-10-28
L00526,C00171,add_to_wishlist,196,2026-08-27
L00651,C00322,add_to_wishlist,140,2026-07-30
L00680,C00015,add_to_wishlist,166,2026-02-16
L00486,C00357,add_to_wishlist,32,2026-01-10
L00675,C00262,like,32,2026-08-24
L00583,C00388,complete,206,2026-01-19
L00484,C00009,complete,144,2026-03-24
L00069,C00012,complete,79,2026-05-25
L00775,C00201,add_to_wishlist,98,2025-10-30
L00092,C00249,like,84,2026-05-07
L00861,C00108,like,8,2026-06-04
L00482,C00197,add_to_wishlist,240,2026-02-11
L00283,C00035,skip,7,2026-08-03
L00074,C00110,complete,178,2026-04-05
L00066,C00276,like,238,2026-07-21
L00248,C00388,enroll,121,2025-12-25
L00495,C00118,enroll,119,2025-09-29
L00613,C00362,like,41,2025-12-06
L00188,C00461,skip,49,2026-07-06
L00981,C00316,add_to_wishlist,123,2025-10-08
L00249,C00498,skip,131,2026-01-13
L00453,C00227,complete,194,2025-11-11
L00219,C00099,like,175,2026-04-09
L00015,C00187,complete,135,2026-05-25
L00006,C00023,complete,99,2026-05-09
L00880,C00205,add_to_wishlist,219,2026-07-14
L00957,C00128,skip,143,2025-12-26
L00075,C00099,skip,215,2025-10-03
L00544,C00405,complete,123,2026-01-15
L00495,C00309,enroll,100,2025-12-24
L00830,C00136,like,7,2025-11-11
L00110,C00172,like,12,2026-04-08
L00875,C00449,like,140,2026-04-06
L00099,C00228,add_to_wishlist,137,2026-03-23
L00859,C00463,like,94,2026-05-28
L00841,C00228,skip,116,2026-03-07
L00402,C00392,like,55,2026-03-26
L00299,C00232,add_to_wishlist,79,2026-07-27
L00684,C00337,add_to_wishlist,128,2026-08-28
L00710,C00230,complete,236,2026-01-07
L00821,C00328,complete,110,2026-05-13
L00448,C00062,enroll,107,2026-04-13
L00216,C00424,add_to_wishlist,129,2026-07-03
L00573,C00137,skip,29,2026-03-17
L00818,C00488,skip,179,2025-10-12
L00932,C00153,like,169,2026-05-19
L00329,C00024,add_to_wishlist,9,2025-11-20
L00533,C00358,like,42,2026-05-11
L00792,C00298,skip,184,2026-05-12
L00169,C00188,enroll,88,2026-03-06
L00842,C00241,enroll,232,2026-05-29
L00328,C00070,enroll,43,2026-01-08
L00759,C00281,complete,92,2026-03-27
L00806,C00060,skip,76,2026-02-09
L00149,C00316,like,230,2025-11-06
L00255,C00179,skip,6,2026-08-04
L00310,C00014,skip,191,2025-10-25
L00759,C00487,complete,51,2026-08-16
L00610,C00225,skip,224,2026-05-20
L00660,C00226,skip,8,2026-07-21
L00553,C00262,add_to_wishlist,233,2026-05-03
L00674,C00329,complete,113,2025-09-16
L00470,C00166,enroll,130,2025-09-18
L00088,C00307,add_to_wishlist,101,2026-08-25
L00264,C00171,enroll,195,2026-04-26
L00264,C00415,skip,140,2026-06-10
L00136,C00048,skip,9,2026-07-09
L00890,C00397,add_to_wishlist,143,2026-02-12
L00707,C00299,enroll,44,2025-12-22
L00383,C00299,like,223,2026-04-14
L00942,C00319,enroll,225,2026-04-15
L00439,C00026,enroll,191,2025-11-29
L00527,C00048,enroll,185,2025-11-06
L00073,C00078,add_to_wishlist,228,2026-05-01
L00849,C00348,complete,183,2026-07-26
L00929,C00281,add_to_wishlist,166,2026-07-15
L00512,C00364,like,141,2026-02-03
L00424,C00410,enroll,70,2026-05-16
L00278,C00451,skip,202,2026-01-10
L00806,C00273,add_to_wishlist,193,2025-11-09
L00462,C00412,skip,61,2026-05-13
L00596,C00062,enroll,83,2026-02-20
L00297,C00114,skip,38,2025-11-17
L00839,C00252,skip,200,2026-08-17
L00171,C00245,enroll,148,2026-09-01
L00009,C00193,enroll,152,2026-04-09
L00043,C00133,enroll,86,2026-04-12
L00567,C00483,enroll,229,2026-05-19
L00084,C00040,enroll,122,2025-11-10
L00402,C00227,add_to_wishlist,192,2026-04-23
L00364,C00138,like,103,2025-11-29
L00304,C00303,enroll,122,2026-01-19
L00900,C00286,enroll,153,2026-06-19
L00445,C00254,skip,97,2026-01-07
L00269,C00365,skip,29,2026-02-18
L00258,C00126,enroll,130,2026-07-21
L00764,C00396,complete,210,2026-08-27
L00740,C00271,complete,149,2025-12-06
L00423,C00191,like,37,2026-07-02
L00991,C00482,add_to_wishlist,193,2026-06-17
L00949,C00326,enroll,159,2026-07-19
L00089,C00369,enroll,164,2025-12-06
L00141,C00335,skip,2,2025-09-30
L00262,C00191,complete,139,2026-06-08
L00198,C00174,enroll,13,2026-01-14
L00145,C00133,skip,24,2025-10-24
L00138,C00031,like,43,2026-08-12
L00470,C00368,enroll,0,2026-03-15
L00348,C00192,add_to_wishlist,160,2026-05-01
L00718,C00268,like,104,2026-07-14
L00403,C00222,enroll,83,2025-11-21
L00694,C00102,skip,30,2026-06-22
L00747,C00347,skip,158,2026-01-18
L00690,C00264,skip,107,2025-09-13
L00078,C00342,like,59,2026-05-18
L00199,C00367,add_to_wishlist,223,2025-09-24
L00290,C00361,complete,102,2026-03-01
L00463,C00342,add_to_wishlist,202,2026-04-01
L00368,C00373,add_to_wishlist,156,2025-11-17
L00251,C00442,skip,24,2026-05-28
L00361,C00318,enroll,99,2026-05-16
L00314,C00156,skip,82,2026-01-02
L00004,C00454,skip,47,2026-04-27
L00491,C00374,enroll,86,2025-12-28
L00076,C00005,complete,0,2025-09-22
L00478,C00472,complete,92,2025-12-03
L00081,C00411,skip,2,2026-06-08
L00838,C00414,add_to_wishlist,182,2026-08-16
L00042,C00405,add_to_wishlist,132,2026-05-13
L00364,C00263,add_to_wishlist,225,2026-06-01
L00469,C00435,like,168,2026-05-29
L00503,C00006,complete,240,2025-09-11
L00385,C00239,skip,125,2025-10-30
L00971,C00154,like,151,2026-05-11
L00781,C00225,add_to_wishlist,161,2026-04-27
L00155,C00432,complete,4,2026-08-28
L00504,C00048,skip,175,2026-02-01
L00499,C00035,like,212,2026-05-29
L00795,C00148,enroll,110,2026-01-02
L00358,C00326,enroll,97,2025-12-31
L00186,C00082,skip,182,2026-03-25
L00554,C00236,like,186,2026-05-05
L00061,C00148,complete,108,2026-01-18
L00292,C00412,enroll,13,2025-09-29
L00435,C00251,enroll,186,2026-03-05
L00671,C00495,skip,160,2026-05-10
L00932,C00395,enroll,90,2026-06-03
L00605,C00423,like,35,2026-03-17
L00291,C00382,complete,60,2026-02-08
L00005,C00401,complete,54,2026-03-24
L00685,C00223,add_to_wishlist,84,2025-12-16
L00566,C00125,like,137,2026-05-09
L00789,C00336,complete,71,2026-06-14
L00648,C00199,like,61,2026-04-03
L00515,C00128,like,96,2025-12-29
L00716,C00209,skip,156,2026-08-28
L00183,C00427,add_to_wishlist,228,2026-04-30
L00981,C00495,complete,91,2026-05-09
L00005,C00054,enroll,72,2026-02-03
L00232,C00305,like,188,2026-05-19
L00338,C00271,skip,96,2026-07-13
L00847,C00231,complete,160,2026-02-04
L00078,C00297,skip,40,2026-03-09
L00995,C00138,like,75,2025-12-09
L00162,C00053,like,35,2026-01-27
L00672,C00256,enroll,64,2026-05-08
L00844,C00014,complete,103,2025-09-28
L00245,C00246,add_to_wishlist,46,2026-07-27
L00927,C00278,like,153,2026-01-24
L00735,C00090,add_to_wishlist,27,2025-12-05
L00377,C00050,enroll,69,2025-11-03
L00273,C00122,add_to_wishlist,237,2026-05-30
L00123,C00214,add_to_wishlist,23,2026-08-27
L00343,C00100,skip,210,2025-10-15
L00689,C00488,skip,33,2026-02-15
L00828,C00295,skip,33,2025-12-05
L00272,C00450,enroll,219,2025-11-23
L00433,C00071,enroll,114,2025-09-25
L00591,C00093,like,240,2026-03-23
L00342,C00173,skip,34,2026-09-04
L00298,C00119,like,51,2026-03-28
L00588,C00009,skip,56,2026-04-10
L00017,C00038,like,29,2025-11-03
L00197,C00195,add_to_wishlist,168,2026-05-19
L00237,C00343,like,152,2026-08-16
L00418,C00476,add_to_wishlist,151,2026-02-18
L00355,C00455,skip,57,2026-07-03
L00896,C00345,like,63,2026-02-17
L00663,C00254,skip,45,2026-05-20
L00615,C00457,like,74,2026-02-05
L00594,C00254,like,198,2025-09-26
L00919,C00191,skip,98,2026-07-18
L00093,C00042,enroll,171,2026-01-21
L00312,C00092,add_to_wishlist,207,2026-04-06
L00231,C00198,complete,216,2026-03-09
L00944,C00037,enroll,164,2026-01-27
L00660,C00348,skip,146,2025-09-13
L00759,C00328,enroll,174,2026-07-23
L00824,C00101,complete,180,2025-10-08
L00771,C00413,complete,49,2025-12-05
L00066,C00421,enroll,190,2025-12-18
L00012,C00343,skip,206,2026-04-08
L00174,C00325,enroll,131,2026-08-27
L00196,C00484,add_to_wishlist,140,2025-11-24
L00547,C00441,add_to_wishlist,204,2025-12-23
L00177,C00430,like,155,2025-11-18
L00432,C00481,complete,45,2025-12-24
L00625,C00488,add_to_wishlist,117,2025-12-07
L00977,C00355,add_to_wishlist,232,2026-08-16
L00263,C00496,enroll,61,2025-12-06
L00299,C00058,skip,105,2026-02-23
L00103,C00302,skip,115,2025-11-28
L00386,C00330,like,135,2026-05-08
L00435,C00428,add_to_wishlist,82,2026-05-25
L00210,C00378,skip,195,2026-06-04
L00218,C00431,add_to_wishlist,45,2026-01-31
L00749,C00275,like,35,2026-02-11
L00939,C00325,skip,216,2026-08-18
L00231,C00312,complete,29,2025-10-05
L00297,C00321,complete,87,2026-06-05
L00403,C00211,skip,237,2026-05-08
L00204,C00363,complete,185,2026-05-26
L00427,C00216,skip,83,2025-11-17
L00492,C00025,complete,107,2026-06-11
L00857,C00328,complete,47,2026-06-18
L00301,C00073,enroll,46,2025-10-22
L00799,C00382,skip,224,2025-09-14
L00378,C00268,add_to_wishlist,226,2026-06-30
L00684,C00192,skip,174,2026-08-11
L00033,C00421,skip,173,2025-11-15
L00920,C00390,add_to_wishlist,29,2026-02-22
L00884,C00062,add_to_wishlist,53,2025-12-19
L00346,C00338,like,122,2026-01-29
L00391,C00395,enroll,129,2025-09-20
L00961,C00148,skip,192,2026-06-21
L00059,C00372,skip,97,2026-05-02
L00623,C00358,complete,51,2026-06-27
L00481,C00358,enroll,88,2026-01-11
L00069,C00043,add_to_wishlist,0,2026-01-12
L00292,C00054,like,33,2025-10-17
L00563,C00058,like,157,2026-07-15
L00334,C00237,like,192,2026-07-03
L00429,C00459,complete,200,2025-11-24
L00197,C00469,enroll,67,2026-03-25
L00253,C00415,skip,240,2026-05-29
L00750,C00471,like,49,2026-05-01
L00472,C00075,skip,135,2026-08-11
L00570,C00405,add_to_wishlist,159,2026-02-26
L00540,C00318,enroll,16,2025-11-12
L00457,C00019,complete,229,2026-03-21
L00397,C00143,skip,216,2026-01-01
L00760,C00363,skip,182,2026-06-01
L00204,C00039,add_to_wishlist,166,2025-10-17
L00881,C00360,add_to_wishlist,70,2026-03-10
L00615,C00226,enroll,70,2026-06-17
L00986,C00343,add_to_wishlist,179,2026-05-22
L00260,C00377,add_to_wishlist,203,2026-03-13
L00620,C00283,add_to_wishlist,162,2025-11-05
L00672,C00210,enroll,166,2026-02-16
L00732,C00291,skip,145,2026-06-06
L00110,C00287,enroll,14,2026-01-06
L00890,C00249,like,36,2026-02-12
L00217,C00136,enroll,113,2025-11-21
L00838,C00175,skip,53,2026-02-20
L00884,C00223,like,210,2026-06-27
L00194,C00115,skip,98,2025-11-13
L00502,C00328,add_to_wishlist,60,2026-02-23
L00826,C00305,like,68,2025-09-07
L00914,C00396,complete,218,2026-07-21
L00772,C00008,add_to_wishlist,0,2026-01-11
L00362,C00308,enroll,62,2025-09-26
L00330,C00138,complete,162,2026-03-26
L00011,C00036,enroll,128,2026-05-14
L00168,C00299,skip,5,2026-02-22
L00428,C00222,add_to_wishlist,183,2026-08-09
L00745,C00241,enroll,208,2026-03-04
L00093,C00410,add_to_wishlist,185,2026-04-09
L00209,C00314,enroll,213,2025-10-11
L00443,C00325,enroll,155,2025-09-08
L00971,C00352,like,195,2026-06-27
L00626,C00112,skip,192,2026-06-21
L00253,C00414,add_to_wishlist,45,2026-06-30
L00149,C00415,complete,125,2026-05-24
L00616,C00002,complete,113,2026-08-16
L00686,C00124,complete,157,2026-04-20
L00229,C00010,add_to_wishlist,181,2026-03-08
L00116,C00409,skip,117,2026-03-28
L00545,C00014,skip,125,2026-09-01
L00331,C00481,skip,132,2025-10-30
L00576,C00303,complete,239,2026-01-30
L00086,C00206,like,33,2026-07-14
L00405,C00083,complete,235,2025-12-08
L00422,C00340,enroll,14,2026-07-09
L00849,C00226,skip,184,2026-06-17
L00970,C00400,add_to_wishlist,133,2025-12-21
L00522,C00148,skip,115,2026-07-05
L00859,C00441,skip,90,2026-04-11
L00927,C00388,add_to_wishlist,129,2026-02-15
L00651,C00197,like,113,2026-01-09
L00009,C00147,complete,212,2026-08-20
L00912,C00330,enroll,227,2026-07-22
L00615,C00063,complete,212,2026-08-28
L00431,C00225,complete,69,2025-11-08
L00710,C00266,add_to_wishlist,186,2026-03-04
L00276,C00488,like,174,2026-01-28
L00950,C00286,add_to_wishlist,71,2025-10-20
L00486,C00023,like,120,2025-11-22
L00270,C00247,add_to_wishlist,227,2026-03-20
L00714,C00431,add_to_wishlist,220,2025-09-16
L00871,C00382,skip,42,2025-09-18
L00045,C00180,skip,96,2025-09-04
L00842,C00297,complete,68,2026-06-15
L00281,C00475,skip,45,2025-09-30
L00145,C00221,enroll,36,2026-01-19
L00346,C00437,like,63,2026-08-21
L00704,C00450,add_to_wishlist,40,2026-06-12
L00493,C00084,add_to_wishlist,142,2026-08-06
L00411,C00400,skip,105,2026-02-11
L00819,C00168,add_to_wishlist,76,2026-08-26
L00307,C00281,complete,188,2026-07-01
L00115,C00142,like,220,2025-11-26
L00697,C00021,enroll,116,2026-05-30
L00576,C00051,skip,153,2026-04-18
L00629,C00332,like,74,2026-07-05
L00586,C00334,skip,154,2026-03-07
L00900,C00448,skip,145,2025-11-29
L00778,C00449,complete,76,2025-12-22
L00407,C00046,add_to_wishlist,117,2025-10-10
L00873,C00463,skip,156,2026-04-19
L00030,C00445,like,35,2026-06-11
L00826,C00241,enroll,217,2026-06-14
L00426,C00105,complete,45,2026-03-10
L00501,C00365,like,209,2026-07-15
L00835,C00391,enroll,197,2026-06-30
L00906,C00445,like,71,2026-06-08
L00767,C00279,like,184,2026-03-18
L00348,C00246,add_to_wishlist,75,2025-12-11
L00557,C00261,skip,229,2026-08-31
L00357,C00093,like,80,2025-09-29
L00076,C00425,like,27,2026-04-21
L00058,C00225,add_to_wishlist,72,2026-06-25
L00910,C00003,add_to_wishlist,219,2026-02-02
L00598,C00012,like,200,2026-01-21
L00028,C00399,skip,69,2025-10-16
L00450,C00452,skip,9,2026-04-03
L00149,C00114,enroll,4,2025-11-27
L00469,C00315,skip,237,2026-06-24
L00698,C00186,skip,200,2026-06-28
L00005,C00293,skip,31,2026-04-12
L00450,C00176,complete,138,2026-02-22
L00707,C00305,add_to_wishlist,38,2026-07-23
L00991,C00207,skip,209,2026-06-27
L00585,C00499,like,23,2026-03-07
L00086,C00361,add_to_wishlist,144,2025-12-24
L00335,C00099,skip,73,2025-10-16
L00314,C00190,like,81,2025-09-25
L00481,C00476,add_to_wishlist,228,2026-06-04
L00831,C00498,skip,71,2026-07-18
L00863,C00474,enroll,11,2026-08-30
L00408,C00402,enroll,163,2026-01-26
L00325,C00321,complete,22,2026-05-17
L00686,C00284,complete,55,2026-02-09
L00167,C00027,like,21,2026-03-20
L00773,C00152,like,168,2026-08-31
L00904,C00258,like,187,2025-10-20
L00652,C00034,complete,153,2026-02-24
L00617,C00456,complete,205,2026-04-16
L00580,C00347,complete,177,2025-10-08
L00914,C00414,skip,127,2025-09-05
L00741,C00089,complete,209,2026-08-21
L00060,C00443,add_to_wishlist,110,2025-10-24
L00404,C00003,enroll,111,2026-02-27
L00643,C00444,like,222,2025-10-17
L00164,C00080,complete,24,2026-02-22
L00662,C00123,complete,213,2026-05-28
L00337,C00180,add_to_wishlist,182,2026-01-29
L00962,C00425,like,12,2025-10-14
L00119,C00495,enroll,230,2026-08-27
L00557,C00499,add_to_wishlist,128,2025-12-15
L00454,C00382,enroll,197,2026-05-05
L00809,C00401,like,108,2026-06-10
L00105,C00497,like,167,2026-03-09
L00349,C00249,complete,6,2026-07-30
L00081,C00129,like,102,2026-04-29
L00767,C00227,enroll,139,2026-07-30
L00616,C00390,enroll,57,2026-08-15
L00686,C00154,like,16,2026-05-06
L00870,C00234,skip,213,2026-04-17
L00737,C00022,enroll,95,2026-04-17
L00084,C00262,like,115,2026-02-18
L00551,C00160,add_to_wishlist,221,2026-05-30
L00691,C00449,like,48,2026-06-18
L00790,C00468,skip,183,2025-11-28
L00017,C00382,add_to_wishlist,51,2026-03-20
L00554,C00376,enroll,149,2026-02-22
L00723,C00299,add_to_wishlist,171,2026-01-10
L00867,C00202,enroll,66,2026-08-25
L00286,C00264,enroll,78,2026-05-20
L00112,C00311,add_to_wishlist,199,2026-07-15
L00456,C00286,add_to_wishlist,144,2026-09-03
L00047,C00417,complete,113,2025-09-23
L00701,C00460,skip,220,2025-10-08
L00241,C00220,like,217,2025-12-31
L00849,C00280,enroll,4,2025-11-08
L00138,C00496,complete,163,2026-03-15
L00848,C00116,skip,123,2026-01-15
L00735,C00402,add_to_wishlist,209,2025-12-19
L00511,C00107,complete,0,2026-05-17
L00201,C00440,add_to_wishlist,158,2025-09-23
L00862,C00155,add_to_wishlist,109,2025-11-06
L00621,C00055,complete,227,2026-02-28
L00429,C00376,add_to_wishlist,102,2026-03-13
L00668,C00463,like,190,2025-11-12
L00589,C00490,skip,199,2026-01-30
L00992,C00300,like,125,2026-04-02
L00934,C00303,complete,164,2025-11-11
L00685,C00195,add_to_wishlist,240,2026-04-29
L00724,C00046,complete,34,2026-07-28
L00815,C00397,complete,11,2026-06-09
L00843,C00257,like,203,2026-05-19
L00515,C00426,add_to_wishlist,115,2025-12-11
L00485,C00421,complete,236,2026-07-30
L00713,C00475,like,33,2026-07-21
L00341,C00296,complete,211,2026-05-29
L00112,C00497,add_to_wishlist,44,2025-10-20
L00019,C00002,enroll,153,2025-10-18
L00379,C00303,complete,55,2026-03-22
L00304,C00148,add_to_wishlist,201,2026-08-25
L00716,C00268,skip,76,2026-03-08
L00836,C00330,skip,224,2025-09-30
L00364,C00120,like,195,2026-02-12
L00536,C00095,like,123,2026-08-27
L00812,C00451,complete,108,2026-07-14
L00543,C00132,complete,45,2026-08-01
L00535,C00061,enroll,64,2025-11-14
L00788,C00487,add_to_wishlist,213,2026-06-04
L00023,C00186,enroll,185,2025-12-18
L00760,C00332,like,160,2025-12-28
L00834,C00326,add_to_wishlist,53,2026-06-15
L00503,C00119,add_to_wishlist,238,2026-06-30
L00683,C00154,like,159,2026-06-25
L00222,C00331,add_to_wishlist,125,2026-01-01
L00161,C00257,complete,143,2026-04-24
L00150,C00173,add_to_wishlist,30,2026-07-16
L00049,C00299,skip,236,2026-06-08
L00395,C00499,complete,14,2026-08-21
L00784,C00449,complete,121,2026-08-23
L00010,C00061,skip,185,2026-06-13
L00788,C00212,enroll,177,2026-05-29
L00848,C00213,like,202,2026-08-04
L00022,C00369,like,96,2026-07-20
L00452,C00124,skip,236,2026-04-16
L00714,C00218,complete,175,2026-07-03
L00902,C00262,add_to_wishlist,179,2025-12-09
L00699,C00169,like,13,2025-09-07
L00028,C00453,like,210,2026-05-28
L00983,C00128,complete,59,2026-06-16
L00912,C00149,complete,19,2026-03-21
L00116,C00401,add_to_wishlist,34,2026-03-19
L00662,C00108,skip,109,2025-11-09
L00235,C00291,complete,161,2025-12-25
L00932,C00351,like,190,2026-08-16
L00955,C00354,add_to_wishlist,154,2025-12-30
L00653,C00339,enroll,0,2026-02-06
L00526,C00305,enroll,216,2026-01-16
L00704,C00235,enroll,60,2026-05-11
L00167,C00085,enroll,148,2026-02-07
L00366,C00341,complete,80,2026-04-14
L00894,C00495,skip,124,2026-01-02
L00577,C00148,like,164,2025-12-14
L00722,C00318,skip,127,2026-08-04
L00314,C00222,complete,20,2025-10-12
L00329,C00275,complete,43,2026-03-24
L00201,C00048,add_to_wishlist,59,2025-12-16
L00536,C00237,like,97,2026-04-22
L00930,C00405,like,43,2026-02-07
L00370,C00328,like,9,2026-05-22
L00817,C00034,add_to_wishlist,46,2026-02-12
L00866,C00078,enroll,142,2026-02-20
L00559,C00023,add_to_wishlist,48,2026-08-30
L00614,C00287,complete,159,2026-08-24
L00866,C00124,complete,89,2026-05-05
L00618,C00160,enroll,213,2026-01-19
L00743,C00350,enroll,179,2026-01-18
L00047,C00048,complete,122,2026-03-07
L00605,C00125,add_to_wishlist,1,2026-03-17
L00422,C00090,add_to_wishlist,12,2026-08-29
L00818,C00240,add_to_wishlist,71,2026-07-13
L00956,C00019,add_to_wishlist,211,2026-03-21
L00465,C00495,complete,155,2026-02-07
L00837,C00016,like,185,2025-12-21
L00773,C00161,add_to_wishlist,93,2026-05-23
L00888,C00196,complete,60,2025-09-20
L00614,C00318,enroll,59,2025-09-29
L00782,C00443,enroll,187,2025-12-07
L00011,C00380,like,46,2026-02-28
L00954,C00189,add_to_wishlist,177,2026-06-27
L00757,C00413,complete,164,2026-02-04
L00922,C00111,add_to_wishlist,219,2026-05-12
L00833,C00238,complete,67,2026-01-27
L00292,C00202,complete,89,2025-10-05
L00107,C00489,skip,137,2025-11-14
L00127,C00143,enroll,151,2026-04-13
L00440,C00076,complete,207,2025-12-14
L00558,C00089,skip,171,2026-01-12
L00114,C00112,add_to_wishlist,73,2025-11-18
L00294,C00242,complete,163,2026-06-14
L00045,C00085,add_to_wishlist,100,2026-04-07
L00681,C00186,complete,169,2025-10-28
L00789,C00206,add_to_wishlist,193,2026-02-06
L00327,C00462,complete,150,2026-08-11
L00996,C00317,like,161,2026-01-13
L00058,C00105,skip,100,2026-04-06
L00023,C00050,add_to_wishlist,77,2026-04-25
L00014,C00026,enroll,51,2026-07-03
L00005,C00056,enroll,143,2025-12-14
L00144,C00410,complete,66,2025-10-10
L00406,C00148,complete,146,2026-05-19
L00127,C00332,enroll,232,2025-10-15
L00695,C00140,complete,155,2026-07-02
L00578,C00176,complete,85,2026-06-29
L00833,C00491,skip,120,2026-05-08
L00683,C00287,complete,70,2026-06-21
L00547,C00098,complete,153,2026-04-04
L00063,C00430,like,174,2026-07-10
L00022,C00294,complete,191,2025-10-18
L00152,C00489,enroll,100,2025-11-18
L00998,C00210,skip,223,2026-03-29
L00106,C00357,skip,147,2026-07-05
L00148,C00284,complete,20,2026-05-03
L00541,C00082,complete,82,2026-06-25
L00336,C00035,complete,198,2025-12-07
L00861,C00105,complete,133,2026-02-11
L00198,C00237,complete,203,2026-07-14
L00554,C00118,enroll,94,2026-01-05
L00149,C00436,skip,121,2025-10-26
L00674,C00264,skip,86,2026-08-05
L00511,C00460,add_to_wishlist,71,2026-06-10
L00838,C00286,add_to_wishlist,31,2026-07-11
L00941,C00118,enroll,206,2025-09-21
L00705,C00150,add_to_wishlist,178,2026-04-19
L00500,C00048,enroll,108,2026-03-13
L00894,C00399,enroll,216,2026-01-18
L00660,C00238,complete,21,2025-10-22
L00405,C00053,complete,169,2025-10-05
L00146,C00193,add_to_wishlist,164,2026-08-30
L00744,C00180,skip,122,2026-02-14
L00297,C00271,add_to_wishlist,48,2025-11-21
L00087,C00448,add_to_wishlist,118,2026-07-16
L00700,C00237,skip,122,2026-08-09
L00878,C00224,add_to_wishlist,119,2026-06-09
L00139,C00353,skip,214,2026-07-05
L00335,C00060,enroll,178,2026-07-25
L00906,C00074,enroll,164,2026-07-28
L00140,C00080,enroll,12,2026-06-18
L00520,C00320,add_to_wishlist,132,2026-07-28
L00449,C00486,complete,17,2026-03-22
L00793,C00215,enroll,166,2025-11-27
L00028,C00461,like,0,2025-11-19
L00244,C00325,add_to_wishlist,34,2026-03-11
L00459,C00208,complete,5,2026-08-11
L00166,C00152,enroll,45,2026-05-26
L00464,C00484,skip,214,2025-11-19
L00314,C00369,like,178,2026-06-12
L00385,C00350,enroll,83,2026-08-04
L00509,C00170,complete,155,2026-07-04
L00130,C00160,complete,40,2026-04-18
L00751,C00008,like,2,2025-12-14
L00343,C00473,complete,72,2026-04-08
L00204,C00326,complete,232,2026-04-17
L00090,C00352,skip,10,2026-05-05
L00306,C00310,skip,71,2026-06-23
L00071,C00247,like,68,2026-05-22
L00971,C00177,add_to_wishlist,85,2026-07-29
L00635,C00014,complete,198,2026-04-01
L00177,C00437,complete,194,2026-05-01
L00967,C00406,enroll,181,2026-08-11
L00558,C00296,complete,134,2026-05-12
L00485,C00090,add_to_wishlist,13,2025-12-25
L00232,C00458,skip,118,2026-03-04
L00186,C00249,skip,189,2026-01-30
L00834,C00188,like,162,2026-08-20
L00931,C00122,enroll,158,2026-06-24
L00933,C00063,complete,58,2025-11-12
L00100,C00073,add_to_wishlist,79,2026-04-10
L00662,C00147,add_to_wishlist,239,2026-01-26
L00770,C00274,add_to_wishlist,19,2026-08-08
L00996,C00373,like,32,2026-08-12
L00870,C00114,add_to_wishlist,16,2025-09-06
L00161,C00487,skip,99,2026-06-19
L00586,C00034,add_to_wishlist,83,2026-07-09
L00516,C00227,like,149,2026-02-16
L00711,C00410,enroll,134,2026-08-07
L00242,C00167,skip,109,2026-03-11
L00473,C00166,like,216,2026-07-05
L00870,C00377,enroll,46,2026-06-08
L00360,C00441,add_to_wishlist,220,2025-12-30
L00769,C00196,enroll,98,2026-03-02
L00814,C00116,enroll,23,2025-12-17
L00398,C00307,add_to_wishlist,29,2025-12-01
L00378,C00285,complete,161,2025-10-24
L00845,C00144,add_to_wishlist,215,2025-09-20
L00416,C00099,skip,222,2025-12-10
L00980,C00231,complete,203,2026-08-29
L00837,C00309,like,220,2025-12-23
L00253,C00437,skip,108,2026-07-07
L00441,C00074,enroll,40,2025-09-07
L00914,C00464,add_to_wishlist,26,2025-11-15
L00094,C00345,add_to_wishlist,54,2026-08-23
L00087,C00238,add_to_wishlist,119,2026-04-02
L00207,C00247,complete,86,2025-10-06
L00119,C00452,skip,56,2026-06-16
L00745,C00036,like,154,2026-08-25
L00467,C00090,like,167,2026-05-18
L00775,C00204,enroll,174,2025-12-17
L00746,C00128,skip,166,2025-11-12
L00422,C00264,like,214,2026-01-07
L00090,C00410,skip,50,2026-02-02
L00635,C00427,add_to_wishlist,213,2026-07-18
L00245,C00153,add_to_wishlist,136,2026-04-04
L00360,C00381,enroll,76,2026-08-01
L00371,C00032,complete,222,2025-09-22
L00746,C00006,add_to_wishlist,227,2025-10-30
L00073,C00060,complete,227,2026-02-14
L00133,C00216,add_to_wishlist,192,2026-01-17
L00632,C00137,like,18,2026-01-27
L00328,C00158,like,91,2026-04-14
L00301,C00098,skip,53,2025-10-16
L00008,C00440,complete,184,2026-02-16
L00607,C00343,add_to_wishlist,40,2026-03-23
L00682,C00216,complete,36,2025-09-24
L00824,C00042,like,73,2026-08-31
L00551,C00161,add_to_wishlist,14,2026-05-22
L00233,C00015,like,145,2026-04-13
L00887,C00416,enroll,13,2026-08-18
L00610,C00181,add_to_wishlist,77,2026-08-24
L00672,C00154,add_to_wishlist,133,2025-12-24
L00582,C00124,enroll,24,2025-12-09
L00330,C00402,enroll,64,2026-08-05
L00820,C00050,complete,146,2025-11-10
L00975,C00111,add_to_wishlist,240,2026-01-07
L00551,C00380,add_to_wishlist,170,2026-03-04
L00967,C00032,like,4,2026-07-06
L00112,C00234,enroll,25,2026-04-26
L00147,C00277,skip,198,2025-11-09
L00383,C00051,add_to_wishlist,76,2025-11-09
L00102,C00228,skip,114,2026-01-17
L00192,C00155,skip,145,2026-02-09
L00558,C00422,complete,20,2026-03-16
L00284,C00247,like,16,2025-09-26
L00827,C00295,like,208,2026-05-20
L00957,C00232,enroll,147,2026-05-04
L00143,C00240,enroll,58,2026-06-16
L00424,C00065,skip,80,2026-04-15
L00499,C00200,add_to_wishlist,180,2026-07-22
L00961,C00307,skip,180,2025-09-27
L00059,C00271,complete,78,2026-02-10
L00738,C00075,complete,130,2026-07-13
L00565,C00120,skip,46,2025-12-09
L00678,C00443,enroll,12,2026-05-25
L00260,C00074,like,217,2026-03-27
L00455,C00333,enroll,111,2025-10-15
L00325,C00034,like,158,2026-01-16
L00571,C00111,add_to_wishlist,11,2026-01-16
L00285,C00154,skip,63,2026-03-11
L00887,C00103,enroll,233,2025-11-03
L00896,C00495,like,140,2026-04-07
L00258,C00253,complete,24,2026-01-26
L00692,C00445,add_to_wishlist,182,2025-10-15
L00404,C00436,enroll,216,2025-11-02
L00512,C00068,complete,195,2026-07-09
L00988,C00244,add_to_wishlist,101,2025-12-06
L00635,C00455,like,97,2025-10-21
L00852,C00471,complete,90,2026-03-26
L00745,C00498,enroll,21,2026-03-26
L00060,C00012,enroll,205,2026-01-10
L00330,C00376,skip,129,2026-08-07
L00743,C00361,complete,197,2026-08-08
L00630,C00452,add_to_wishlist,81,2026-04-29
L00690,C00174,like,43,2026-07-01
L00561,C00039,skip,54,2026-02-24
L00216,C00270,add_to_wishlist,95,2025-12-01
L00862,C00424,skip,92,2026-01-24
L00425,C00080,enroll,168,2026-07-10
L00438,C00059,skip,109,2026-07-19
L00805,C00336,add_to_wishlist,60,2025-12-20
L00852,C00500,enroll,83,2025-11-29
L00613,C00257,enroll,99,2026-03-24
L00903,C00271,like,62,2025-12-14
L00028,C00081,complete,165,2026-06-18
L00247,C00261,add_to_wishlist,55,2026-04-22
L00846,C00165,like,225,2025-12-04
L00662,C00240,skip,211,2026-08-23
L00762,C00035,skip,46,2025-12-21
L00424,C00437,complete,158,2026-07-07
L00009,C00385,like,76,2025-10-22
L00041,C00328,skip,5,2026-08-02
L00756,C00306,skip,130,2025-11-29
L00022,C00362,skip,33,2026-05-08
L00414,C00166,skip,132,2025-09-25
L00222,C00089,complete,74,2026-01-03
L00390,C00472,complete,224,2026-08-31
L00294,C00182,complete,140,2025-10-16
L00472,C00403,add_to_wishlist,102,2025-11-29
L00473,C00208,add_to_wishlist,127,2026-04-02
L00448,C00298,enroll,13,2025-11-20
L00357,C00166,skip,115,2025-10-05
L00354,C00084,enroll,171,2026-01-26
L00656,C00243,skip,238,2025-10-16
L00227,C00395,complete,218,2026-08-12
L00942,C00113,complete,101,2026-06-09
L00970,C00055,skip,104,2026-07-01
L00044,C00151,like,31,2026-02-01
L00534,C00177,complete,221,2026-08-31
L00091,C00146,add_to_wishlist,162,2025-10-07
L00485,C00195,enroll,33,2026-04-09
L00263,C00498,complete,178,2026-06-30
L00801,C00257,skip,12,2026-05-21
L00751,C00113,add_to_wishlist,133,2026-07-18
L00594,C00104,add_to_wishlist,231,2026-01-26
L00187,C00289,skip,214,2026-01-14
L00752,C00068,add_to_wishlist,210,2026-05-19
L00995,C00155,skip,43,2026-05-09
L00383,C00457,complete,202,2026-01-19
L00202,C00221,complete,73,2026-02-13
L00754,C00284,complete,46,2026-05-29
L00671,C00112,add_to_wishlist,40,2025-11-12
L00149,C00229,add_to_wishlist,112,2026-04-22
L00195,C00077,complete,163,2026-02-27
L00460,C00258,like,122,2026-07-31
L00402,C00238,like,214,2026-03-27
L00719,C00325,enroll,189,2026-07-31
L00199,C00147,enroll,227,2025-12-15
L00066,C00187,add_to_wishlist,46,2026-05-02
L00186,C00244,complete,15,2026-03-22
L00253,C00020,add_to_wishlist,7,2025-10-07
L00883,C00387,enroll,112,2026-08-27
L00387,C00154,complete,125,2026-01-06
L00788,C00170,like,237,2025-12-01
L00877,C00119,enroll,217,2026-03-10
L00351,C00263,skip,37,2025-10-22
L00496,C00229,enroll,207,2026-07-10
L00718,C00488,skip,149,2026-08-29
L00527,C00305,add_to_wishlist,7,2026-06-25
L00417,C00391,add_to_wishlist,128,2026-01-16
L00311,C00432,complete,208,2026-03-01
L00658,C00267,complete,198,2025-12-23
L00985,C00461,skip,222,2026-07-05
L00810,C00321,skip,26,2025-11-28
L00856,C00129,add_to_wishlist,3,2026-07-13
L00827,C00292,complete,221,2025-11-19
L00958,C00171,complete,88,2025-10-03
L00237,C00242,like,12,2026-05-28
L00713,C00487,complete,7,2026-02-11
L00244,C00353,complete,102,2025-11-02
L00595,C00113,like,7,2026-05-12
L00090,C00124,enroll,211,2026-05-16
L00862,C00338,like,147,2026-01-31
L00437,C00315,enroll,203,2025-11-30
L00867,C00001,like,114,2026-04-01
L00022,C00056,skip,158,2026-06-10
L00080,C00085,complete,77,2026-04-19
L00804,C00358,complete,129,2026-06-01
L00285,C00057,enroll,235,2026-01-16
L00727,C00463,enroll,214,2025-09-23
L00492,C00172,complete,49,2026-06-22
L00309,C00215,like,72,2026-01-27
L00563,C00075,skip,85,2025-11-04
L00719,C00431,complete,88,2026-08-24
L00312,C00434,add_to_wishlist,49,2026-02-25
L00471,C00260,add_to_wishlist,239,2026-01-07
L00055,C00260,add_to_wishlist,80,2026-01-21
L00428,C00131,add_to_wishlist,25,2026-04-03
L00153,C00078,complete,14,2026-03-30
L00080,C00350,skip,45,2025-10-29
L00831,C00247,enroll,6,2026-01-30
L00923,C00381,complete,235,2026-04-20
L00594,C00137,skip,198,2026-07-20
L00357,C00242,complete,11,2026-02-13
L00591,C00271,complete,169,2026-07-22
L00825,C00143,complete,118,2025-12-02
L00015,C00447,add_to_wishlist,190,2026-04-11
L00073,C00385,skip,189,2026-07-11
L00583,C00076,like,226,2025-12-18
L00734,C00371,like,132,2026-05-12
L00597,C00274,enroll,42,2026-07-09
L00983,C00389,enroll,236,2026-04-10
L00655,C00239,like,75,2026-03-02
L00114,C00446,add_to_wishlist,161,2026-01-05
L00343,C00262,skip,91,2026-04-13
L00947,C00315,add_to_wishlist,45,2025-12-29
L00712,C00189,add_to_wishlist,117,2026-07-29
L00558,C00364,enroll,191,2026-05-25
L00115,C00490,enroll,169,2025-10-14
L00686,C00211,like,54,2026-07-17
L00290,C00082,complete,233,2026-07-06
L00157,C00214,complete,173,2026-03-21
L00909,C00468,like,215,2026-04-07
L00711,C00159,complete,213,2025-12-18
L00402,C00360,skip,163,2025-12-18
L00849,C00028,like,214,2026-02-26
L00229,C00422,enroll,207,2026-03-28
L00184,C00138,enroll,48,2026-03-21
L00596,C00204,like,198,2025-11-21
L00412,C00166,like,103,2025-11-03
L00545,C00229,complete,224,2026-07-02
L00229,C00259,complete,164,2026-04-12
L00490,C00024,like,16,2026-01-18
L00173,C00152,like,85,2026-08-06
L00630,C00015,enroll,62,2025-09-04
L00231,C00492,complete,20,2026-04-02
L00403,C00206,add_to_wishlist,213,2026-04-23
L00665,C00254,complete,131,2026-02-04
L00957,C00265,add_to_wishlist,95,2026-03-18
L00890,C00327,enroll,41,2026-01-25
L00802,C00180,enroll,113,2025-10-31
L00907,C00392,enroll,170,2026-05-06
L00312,C00106,skip,224,2025-10-25
L00979,C00350,like,173,2025-09-16
L00610,C00398,skip,122,2026-07-20
L00835,C00492,enroll,222,2026-03-08
L00483,C00281,add_to_wishlist,20,2026-03-20
L00597,C00045,like,207,2026-02-26
L00338,C00031,enroll,14,2026-02-02
L00387,C00134,complete,238,2025-10-10
L00454,C00048,enroll,11,2026-04-06
L00693,C00432,add_to_wishlist,10,2026-08-29
L00609,C00130,add_to_wishlist,80,2026-01-01
L00626,C00418,complete,153,2025-09-07
L00448,C00206,add_to_wishlist,56,2026-01-28
L00968,C00038,enroll,32,2026-09-03
L00606,C00151,enroll,63,2025-11-27
L00608,C00295,enroll,229,2026-03-18
L00900,C00492,skip,221,2026-03-23
L00723,C00272,add_to_wishlist,120,2025-09-04
L00603,C00017,skip,33,2025-12-27
L00531,C00295,complete,6,2026-09-04
L00292,C00430,add_to_wishlist,41,2025-09-09
L00232,C00181,like,181,2026-05-31
L00050,C00468,add_to_wishlist,98,2026-06-12
L00454,C00111,skip,185,2026-05-19
L00528,C00060,skip,198,2026-02-18
L00341,C00266,complete,10,2026-05-29
L00298,C00151,enroll,24,2026-07-03
L00265,C00402,add_to_wishlist,193,2025-12-19
L00893,C00457,skip,31,2026-01-01
L00300,C00243,complete,100,2026-07-16
L00776,C00350,complete,15,2026-08-10
L00279,C00416,skip,163,2026-01-07
L00042,C00292,complete,134,2025-10-08
L00160,C00358,skip,210,2026-02-14
L00746,C00063,like,151,2026-04-09
L00979,C00112,skip,235,2026-04-25
L00960,C00440,enroll,217,2025-11-26
L00764,C00187,complete,229,2025-10-30
L00991,C00492,enroll,57,2026-01-29
L00871,C00466,add_to_wishlist,185,2026-04-25
L00342,C00277,skip,74,2026-07-29
L00072,C00352,like,1,2026-08-08
L00665,C00451,add_to_wishlist,152,2025-11-16
L00009,C00200,skip,178,2026-04-23
L00579,C00327,enroll,186,2026-01-22
L00944,C00328,skip,142,2025-11-02
L00523,C00336,add_to_wishlist,138,2025-10-14
L00232,C00097,skip,200,2026-02-25
L00909,C00406,like,0,2025-12-23
L00616,C00493,like,146,2026-05-28
L00931,C00273,like,185,2025-09-25
L00064,C00322,skip,10,2026-06-22
L00484,C00267,skip,20,2026-06-01
L00598,C00033,skip,231,2026-03-13
L00680,C00397,skip,237,2026-05-08
L00037,C00459,enroll,30,2026-04-02
L00186,C00111,add_to_wishlist,216,2025-10-07
L00795,C00244,complete,153,2025-09-05
L00710,C00274,enroll,8,2025-09-05
L00224,C00428,complete,68,2025-10-26
L00354,C00293,add_to_wishlist,101,2026-01-22
L00423,C00377,skip,138,2026-04-05
L00754,C00500,enroll,234,2026-07-24
L00262,C00274,like,221,2026-09-01
L00769,C00184,complete,130,2026-06-22
L00173,C00030,skip,149,2026-06-18
L00688,C00332,enroll,23,2026-04-12
L00328,C00027,like,205,2026-08-06
L00788,C00213,skip,176,2025-12-28
L00950,C00131,skip,229,2025-12-20
L00148,C00240,add_to_wishlist,15,2026-07-20
L00403,C00238,skip,146,2025-11-06
L00369,C00329,enroll,36,2026-05-04
L00777,C00221,like,81,2026-05-26
L00643,C00465,skip,132,2025-11-04
L00011,C00477,enroll,145,2025-09-04
L00299,C00294,skip,27,2026-06-06
L00347,C00099,add_to_wishlist,168,2025-12-28
L00922,C00022,add_to_wishlist,93,2025-11-16
L00300,C00135,like,109,2025-09-08
L00535,C00384,enroll,92,2025-12-11
L00248,C00408,like,47,2026-06-01
L00474,C00288,skip,54,2025-09-11
L00587,C00359,add_to_wishlist,154,2026-03-12
L00041,C00194,complete,130,2026-08-03
L00087,C00396,complete,50,2025-10-13
L00931,C00335,like,13,2026-07-07
L00820,C00250,add_to_wishlist,165,2025-12-18
L00062,C00033,add_to_wishlist,79,2026-06-05
L00218,C00456,skip,53,2026-06-08
L00540,C00468,add_to_wishlist,66,2026-08-07
L00004,C00430,complete,26,2026-01-06
L00638,C00119,skip,25,2026-04-05
L00134,C00022,complete,123,2025-12-25
L00505,C00252,like,205,2026-08-31
L00294,C00464,like,76,2026-08-09
L00144,C00048,complete,142,2026-04-19
L00956,C00330,like,131,2026-08-27
L00060,C00366,complete,55,2026-05-07
L00101,C00133,complete,150,2026-07-01
L00581,C00239,skip,165,2025-10-24
L00113,C00193,add_to_wishlist,103,2026-05-28
L00498,C00475,like,117,2026-03-20
L00748,C00002,complete,196,2026-06-16
L00048,C00138,skip,26,2026-07-03
L00341,C00430,complete,24,2025-11-03
L00167,C00426,like,30,2026-04-21
L00085,C00102,like,108,2025-09-07
L00152,C00053,skip,111,2025-11-28
L00591,C00025,skip,201,2026-06-06
L00627,C00104,like,125,2026-01-02
L00323,C00013,enroll,68,2026-08-13
L00457,C00079,add_to_wishlist,203,2026-08-11
L00475,C00326,enroll,172,2025-09-13
L00235,C00303,skip,169,2026-01-27
L00576,C00010,complete,137,2026-02-21
L00444,C00268,complete,234,2026-07-09
L00294,C00446,add_to_wishlist,190,2025-10-12
L00008,C00087,enroll,145,2026-01-30
L00268,C00177,enroll,184,2026-07-13
L00224,C00178,complete,133,2026-03-04
L00341,C00334,enroll,53,2026-08-07
L00639,C00195,skip,182,2025-10-24
L00893,C00045,enroll,229,2026-07-31
L00230,C00243,complete,15,2026-05-17
L00269,C00061,like,83,2025-11-18
L00202,C00175,complete,29,2026-02-27
L00838,C00103,add_to_wishlist,45,2025-12-04
L00634,C00013,enroll,58,2026-07-17
L00636,C00217,complete,178,2026-01-13
L00268,C00421,enroll,198,2026-03-19
L00231,C00143,like,87,2026-08-13
L00721,C00492,add_to_wishlist,181,2026-07-27
L00098,C00037,add_to_wishlist,224,2026-07-19
L00554,C00291,complete,183,2026-03-30
L00680,C00218,complete,239,2025-10-28
L00183,C00341,complete,15,2025-11-23
L00295,C00348,like,134,2025-09-21
L00132,C00237,complete,150,2026-05-27
L00270,C00098,like,58,2025-12-24
L00544,C00307,add_to_wishlist,101,2026-05-25
L00840,C00210,like,77,2026-03-29
L00897,C00296,complete,63,2026-04-21
L00514,C00329,skip,58,2026-09-04
L00262,C00033,like,40,2026-03-26
L00927,C00473,add_to_wishlist,240,2026-07-19
L00248,C00123,like,132,2026-03-19
L00158,C00174,skip,35,2026-05-02
L00211,C00312,complete,109,2026-09-01
L00289,C00453,skip,223,2026-07-08
L00554,C00217,like,73,2025-12-28
L00750,C00148,skip,15,2025-12-07
L00698,C00363,like,177,2026-06-09
L00835,C00091,like,97,2026-04-20
L00940,C00367,enroll,62,2026-07-22
L00271,C00392,like,230,2026-07-17
L00378,C00426,skip,102,2026-03-13
L00092,C00471,enroll,84,2025-11-15
L00417,C00468,like,163,2026-06-05
L00424,C00419,add_to_wishlist,141,2026-01-09
L00022,C00403,enroll,171,2026-05-26
L00010,C00362,complete,212,2026-03-05
L00115,C00035,skip,3,2026-05-06
L00526,C00158,complete,164,2025-12-11
L00447,C00352,add_to_wishlist,121,2026-01-12
L00946,C00488,complete,83,2025-10-16
L00123,C00377,add_to_wishlist,33,2026-02-26
L00273,C00233,skip,98,2025-11-14
L00291,C00146,skip,194,2026-08-25
